{"type":"FeatureCollection","features":[{"type":"Feature","properties":{"ubigeo":"150101","nombre":"Lima"},"geometry":{"type":"Polygon","coordinates":[[[-77.0018,-12.0617],[-77.0023,-12.0613],[-77.0029,-12.061],[-77.0034,-12.0607],[-77.0037,-12.0606],[-77.004,-12.0606],[-77.0044,-12.0606],[-77.0047,-12.0606],[-77.005,-12.0605],[-77.0053,-12.0606],[-77.0058,-12.0607],[-77.0061,-12.0606],[-77.0064,-12.0605],[-77.0067,-12.0603],[-77.007,-12.0597],[-77.0072,-12.0592],[-77.0073,-12.0588],[-77.0074,-12.0587],[-77.0075,-12.0586],[-77.0077,-12.0584],[-77.0095,-12.0569],[-77.0103,-12.0561],[-77.0116,-12.0544],[-77.0123,-12.0536],[-77.0122,-12.0534],[-77.0121,-12.053],[-77.012,-12.0525],[-77.0116,-12.0516],[-77.0113,-12.0507],[-77.0111,-12.0497],[-77.011,-12.0485],[-77.0109,-12.0474],[-77.011,-12.0459],[-77.0109,-12.0459],[-77.0107,-12.0446],[-77.0109,-12.0438],[-77.0074,-12.0426],[-77.007,-12.0429],[-77.0073,-12.044],[-77.0081,-12.0459],[-77.0085,-12.0465],[-77.0081,-12.0473],[-77.0082,-12.0474],[-77.0084,-12.0477],[-77.0077,-12.0487],[-77.0075,-12.0489],[-77.0073,-12.0491],[-77.0068,-12.0496],[-77.0068,-12.0497],[-77.0067,-12.0497],[-77.0064,-12.0495],[-77.006,-12.0492],[-77.0055,-12.0488],[-77.0052,-12.0485],[-77.0049,-12.0482],[-77.0048,-12.048],[-77.0037,-12.0474],[-77.0034,-12.0473],[-77.003,-12.0469],[-77.0047,-12.0417],[-77.0057,-12.038],[-77.006,-12.0376],[-77.0087,-12.0343],[-77.0089,-12.0341],[-77.008,-12.0334],[-77.0097,-12.0307],[-77.0102,-12.031],[-77.0106,-12.0313],[-77.0111,-12.0318],[-77.0114,-12.0323],[-77.0116,-12.0329],[-77.012,-12.0335],[-77.0123,-12.0342],[-77.0123,-12.0347],[-77.0123,-12.0348],[-77.0125,-12.0362],[-77.0129,-12.0373],[-77.013,-12.0377],[-77.0131,-12.0382],[-77.0132,-12.0386],[-77.0132,-12.0392],[-77.0134,-12.0396],[-77.0136,-12.0401],[-77.0139,-12.0407],[-77.014,-12.0409],[-77.0142,-12.0412],[-77.0143,-12.0415],[-77.0145,-12.0418],[-77.0148,-12.0421],[-77.0152,-12.0424],[-77.0154,-12.0426],[-77.0156,-12.043],[-77.016,-12.0431],[-77.0163,-12.0433],[-77.0167,-12.0435],[-77.017,-12.0437],[-77.0174,-12.044],[-77.0179,-12.0441],[-77.0186,-12.0443],[-77.019,-12.0442],[-77.0193,-12.0441],[-77.0196,-12.0441],[-77.0202,-12.044],[-77.0208,-12.0438],[-77.0214,-12.0438],[-77.0218,-12.0437],[-77.0222,-12.0437],[-77.0229,-12.0437],[-77.0236,-12.0436],[-77.0242,-12.0436],[-77.0249,-12.0436],[-77.0254,-12.0435],[-77.026,-12.0435],[-77.0267,-12.0435],[-77.0276,-12.0434],[-77.0283,-12.0434],[-77.0292,-12.0434],[-77.0298,-12.0433],[-77.0302,-12.0431],[-77.0309,-12.0428],[-77.0312,-12.0426],[-77.0318,-12.0422],[-77.0325,-12.0419],[-77.0333,-12.0416],[-77.0341,-12.0413],[-77.0347,-12.0412],[-77.0352,-12.041],[-77.0355,-12.0409],[-77.0359,-12.0407],[-77.0361,-12.0406],[-77.0364,-12.0405],[-77.0366,-12.0403],[-77.037,-12.0402],[-77.0373,-12.04],[-77.0376,-12.0399],[-77.0378,-12.0398],[-77.0381,-12.0397],[-77.0383,-12.0396],[-77.0385,-12.0395],[-77.0389,-12.0394],[-77.0392,-12.0392],[-77.0396,-12.0391],[-77.0399,-12.039],[-77.0402,-12.0389],[-77.0405,-12.0389],[-77.0409,-12.0388],[-77.0414,-12.0389],[-77.0417,-12.0389],[-77.0421,-12.0389],[-77.0423,-12.0389],[-77.043,-12.0388],[-77.0435,-12.0389],[-77.0437,-12.0388],[-77.044,-12.0388],[-77.0442,-12.0388],[-77.0445,-12.0388],[-77.0449,-12.0389],[-77.0451,-12.0388],[-77.0454,-12.0388],[-77.0458,-12.0385],[-77.0461,-12.038],[-77.0462,-12.0378],[-77.0464,-12.0376],[-77.0466,-12.0374],[-77.0467,-12.0372],[-77.0468,-12.037],[-77.0469,-12.0369],[-77.0471,-12.0367],[-77.0472,-12.0366],[-77.0473,-12.0364],[-77.0474,-12.0363],[-77.0475,-12.0362],[-77.0477,-12.036],[-77.0479,-12.0359],[-77.048,-12.0358],[-77.0482,-12.0357],[-77.0484,-12.0357],[-77.0486,-12.0357],[-77.0487,-12.0357],[-77.0499,-12.0359],[-77.05,-12.0359],[-77.0503,-12.036],[-77.0506,-12.0361],[-77.0509,-12.0361],[-77.0511,-12.0362],[-77.0512,-12.0362],[-77.0514,-12.0363],[-77.0516,-12.0364],[-77.0522,-12.0367],[-77.0523,-12.0367],[-77.0526,-12.0368],[-77.0529,-12.0368],[-77.0532,-12.0368],[-77.0535,-12.0368],[-77.0542,-12.0366],[-77.0546,-12.0365],[-77.055,-12.0364],[-77.0552,-12.0364],[-77.0556,-12.0364],[-77.056,-12.0364],[-77.0563,-12.0365],[-77.0567,-12.0365],[-77.0569,-12.0365],[-77.0572,-12.0364],[-77.0575,-12.0363],[-77.0578,-12.0362],[-77.0582,-12.0361],[-77.0586,-12.0361],[-77.059,-12.036],[-77.0595,-12.0359],[-77.0599,-12.0357],[-77.0603,-12.0357],[-77.0608,-12.0356],[-77.0614,-12.0354],[-77.0618,-12.0354],[-77.0622,-12.0353],[-77.0625,-12.0353],[-77.0627,-12.0353],[-77.0631,-12.0352],[-77.0637,-12.0352],[-77.0642,-12.0351],[-77.0646,-12.0351],[-77.0651,-12.035],[-77.0657,-12.035],[-77.0662,-12.0349],[-77.0668,-12.0348],[-77.0673,-12.0348],[-77.0682,-12.0348],[-77.0689,-12.0346],[-77.0698,-12.0343],[-77.0704,-12.0343],[-77.071,-12.0343],[-77.0715,-12.0343],[-77.0721,-12.0344],[-77.0725,-12.0345],[-77.0733,-12.0346],[-77.074,-12.0348],[-77.0745,-12.0348],[-77.0749,-12.0349],[-77.0755,-12.0349],[-77.0759,-12.035],[-77.0768,-12.0351],[-77.0774,-12.0353],[-77.0778,-12.0354],[-77.0781,-12.0354],[-77.0786,-12.0355],[-77.0791,-12.0355],[-77.0797,-12.0356],[-77.0802,-12.0357],[-77.0807,-12.0359],[-77.0812,-12.0361],[-77.0817,-12.0362],[-77.0821,-12.0362],[-77.0827,-12.0364],[-77.0829,-12.0364],[-77.0826,-12.0392],[-77.0832,-12.0392],[-77.0826,-12.045],[-77.0817,-12.045],[-77.0815,-12.047],[-77.0787,-12.0467],[-77.077,-12.0466],[-77.0769,-12.047],[-77.0769,-12.0475],[-77.0771,-12.048],[-77.0775,-12.0486],[-77.0782,-12.05],[-77.0851,-12.0515],[-77.0876,-12.0519],[-77.0876,-12.052],[-77.0877,-12.0531],[-77.0879,-12.0543],[-77.0881,-12.056],[-77.0882,-12.0574],[-77.0883,-12.0578],[-77.0884,-12.0587],[-77.0883,-12.0595],[-77.0882,-12.0599],[-77.0882,-12.0601],[-77.0881,-12.0605],[-77.088,-12.0607],[-77.0879,-12.0609],[-77.0878,-12.061],[-77.0876,-12.0611],[-77.0873,-12.0614],[-77.0873,-12.0615],[-77.0865,-12.0614],[-77.0857,-12.0613],[-77.083,-12.061],[-77.0827,-12.0609],[-77.0818,-12.0608],[-77.0796,-12.0602],[-77.0791,-12.0601],[-77.079,-12.0601],[-77.0789,-12.0609],[-77.0786,-12.0623],[-77.0782,-12.0641],[-77.0779,-12.0653],[-77.0778,-12.0662],[-77.0778,-12.0669],[-77.0777,-12.0682],[-77.0777,-12.0685],[-77.075,-12.0679],[-77.0657,-12.0676],[-77.0651,-12.0676],[-77.0612,-12.0675],[-77.0596,-12.063],[-77.0593,-12.0621],[-77.0592,-12.0618],[-77.0589,-12.061],[-77.0588,-12.0605],[-77.0586,-12.0597],[-77.0585,-12.059],[-77.0585,-12.0588],[-77.0584,-12.0588],[-77.0582,-12.0578],[-77.0579,-12.0571],[-77.0576,-12.0558],[-77.0567,-12.0545],[-77.0558,-12.0531],[-77.0554,-12.0525],[-77.0541,-12.0499],[-77.0537,-12.0491],[-77.0531,-12.0492],[-77.0503,-12.0497],[-77.0472,-12.0504],[-77.0461,-12.0506],[-77.0451,-12.0507],[-77.0448,-12.0508],[-77.0424,-12.0509],[-77.0421,-12.0535],[-77.042,-12.0552],[-77.0419,-12.0558],[-77.0415,-12.0602],[-77.0423,-12.0612],[-77.043,-12.062],[-77.0432,-12.0622],[-77.0457,-12.0653],[-77.0375,-12.0642],[-77.0381,-12.0677],[-77.0363,-12.0798],[-77.0281,-12.0787],[-77.0313,-12.0708],[-77.0353,-12.0604],[-77.0354,-12.0595],[-77.0258,-12.0585],[-77.0174,-12.0575],[-77.0171,-12.0583],[-77.0166,-12.0589],[-77.0156,-12.0614],[-77.0138,-12.0612],[-77.0108,-12.0608],[-77.0073,-12.0603],[-77.0071,-12.0606],[-77.0063,-12.061],[-77.006,-12.0612],[-77.0054,-12.0614],[-77.0045,-12.0621],[-77.0039,-12.0624],[-77.0032,-12.0626],[-77.0029,-12.0616],[-77.0021,-12.0618],[-77.0019,-12.0618],[-77.0018,-12.0618],[-77.0018,-12.0617]]]}},{"type":"Feature","properties":{"ubigeo":"150102","nombre":"Ancón"},"geometry":{"type":"Polygon","coordinates":[[[-77.0325,-11.7408],[-77.0324,-11.7408],[-77.0324,-11.7405],[-77.0323,-11.7403],[-77.0323,-11.7402],[-77.0322,-11.7398],[-77.0322,-11.7392],[-77.0322,-11.7387],[-77.0322,-11.7382],[-77.0322,-11.7375],[-77.0324,-11.7369],[-77.0329,-11.7365],[-77.0334,-11.7358],[-77.0338,-11.7351],[-77.0343,-11.7344],[-77.035,-11.7335],[-77.0354,-11.7325],[-77.0358,-11.7318],[-77.0361,-11.7313],[-77.0362,-11.7307],[-77.0361,-11.73],[-77.0361,-11.7294],[-77.0362,-11.7289],[-77.0365,-11.7282],[-77.0368,-11.7277],[-77.0371,-11.7267],[-77.0374,-11.7259],[-77.0377,-11.7254],[-77.0381,-11.7248],[-77.0386,-11.7242],[-77.0388,-11.7238],[-77.039,-11.7234],[-77.0394,-11.7231],[-77.0395,-11.7227],[-77.0396,-11.722],[-77.0398,-11.7213],[-77.04,-11.7208],[-77.0404,-11.72],[-77.0409,-11.7195],[-77.0413,-11.7191],[-77.0418,-11.7188],[-77.0426,-11.7185],[-77.0427,-11.718],[-77.0428,-11.7175],[-77.0429,-11.717],[-77.043,-11.7166],[-77.0433,-11.7163],[-77.0437,-11.7158],[-77.0441,-11.7153],[-77.0443,-11.7147],[-77.0442,-11.7135],[-77.0439,-11.713],[-77.0438,-11.7128],[-77.0435,-11.7125],[-77.0428,-11.7122],[-77.042,-11.712],[-77.0413,-11.7117],[-77.0404,-11.7116],[-77.0395,-11.7115],[-77.0379,-11.7115],[-77.0372,-11.7113],[-77.0367,-11.711],[-77.0361,-11.7108],[-77.0357,-11.7106],[-77.0353,-11.7105],[-77.0349,-11.7103],[-77.0342,-11.7101],[-77.0336,-11.7096],[-77.0329,-11.7091],[-77.0325,-11.7087],[-77.0322,-11.7082],[-77.0319,-11.7077],[-77.0317,-11.7072],[-77.0314,-11.7068],[-77.031,-11.7063],[-77.0306,-11.7059],[-77.0299,-11.7052],[-77.0294,-11.7047],[-77.029,-11.7042],[-77.0287,-11.7039],[-77.0285,-11.7036],[-77.0283,-11.7033],[-77.0283,-11.703],[-77.0284,-11.7026],[-77.0283,-11.7024],[-77.028,-11.7022],[-77.0277,-11.702],[-77.0273,-11.7019],[-77.0271,-11.7017],[-77.0268,-11.7012],[-77.0265,-11.7005],[-77.0263,-11.7002],[-77.0261,-11.6998],[-77.026,-11.6994],[-77.026,-11.6988],[-77.0261,-11.6984],[-77.0261,-11.6981],[-77.0262,-11.6976],[-77.0262,-11.6974],[-77.0262,-11.6973],[-77.0261,-11.697],[-77.0259,-11.6967],[-77.0258,-11.6964],[-77.0257,-11.696],[-77.0256,-11.6952],[-77.0254,-11.6948],[-77.0252,-11.6942],[-77.025,-11.6935],[-77.0246,-11.6927],[-77.0244,-11.6917],[-77.0244,-11.6908],[-77.0244,-11.6902],[-77.0245,-11.6897],[-77.0249,-11.6892],[-77.0251,-11.6889],[-77.0252,-11.6887],[-77.0254,-11.6884],[-77.0255,-11.688],[-77.0256,-11.6876],[-77.0256,-11.6871],[-77.0256,-11.6867],[-77.0256,-11.6863],[-77.0255,-11.6857],[-77.0256,-11.6853],[-77.0256,-11.685],[-77.0256,-11.6846],[-77.0256,-11.6843],[-77.0254,-11.684],[-77.0253,-11.6836],[-77.0252,-11.6832],[-77.0252,-11.6828],[-77.0251,-11.6825],[-77.025,-11.6821],[-77.0249,-11.6818],[-77.0249,-11.6814],[-77.0249,-11.6811],[-77.0249,-11.681],[-77.025,-11.6808],[-77.025,-11.6806],[-77.0251,-11.6803],[-77.0252,-11.68],[-77.0252,-11.6796],[-77.0253,-11.6792],[-77.0254,-11.6787],[-77.0254,-11.6785],[-77.0254,-11.6783],[-77.0254,-11.678],[-77.0253,-11.6778],[-77.0251,-11.6777],[-77.025,-11.6776],[-77.0248,-11.6774],[-77.0247,-11.6771],[-77.0246,-11.6769],[-77.0246,-11.6766],[-77.0248,-11.6763],[-77.0251,-11.6761],[-77.0254,-11.6758],[-77.0256,-11.6752],[-77.0258,-11.675],[-77.0259,-11.6745],[-77.026,-11.6742],[-77.0264,-11.6734],[-77.0268,-11.6729],[-77.0271,-11.6726],[-77.0273,-11.6722],[-77.0276,-11.6718],[-77.0278,-11.6715],[-77.028,-11.671],[-77.0282,-11.6705],[-77.0282,-11.67],[-77.0283,-11.6694],[-77.0284,-11.669],[-77.0286,-11.6686],[-77.0289,-11.6683],[-77.029,-11.668],[-77.0293,-11.6675],[-77.0297,-11.667],[-77.0298,-11.6664],[-77.0299,-11.6661],[-77.0301,-11.6657],[-77.0305,-11.6647],[-77.0307,-11.6642],[-77.0306,-11.6637],[-77.0306,-11.6631],[-77.0306,-11.6624],[-77.0304,-11.6618],[-77.0303,-11.6614],[-77.0303,-11.661],[-77.0303,-11.6602],[-77.0304,-11.6595],[-77.0305,-11.6591],[-77.0308,-11.6585],[-77.031,-11.658],[-77.0313,-11.6577],[-77.0315,-11.6574],[-77.0319,-11.657],[-77.0323,-11.6564],[-77.0327,-11.656],[-77.0331,-11.6557],[-77.0337,-11.6552],[-77.0343,-11.6548],[-77.0349,-11.6539],[-77.0351,-11.6535],[-77.0353,-11.6527],[-77.0352,-11.6521],[-77.0352,-11.6518],[-77.0351,-11.6514],[-77.0349,-11.6511],[-77.0345,-11.6509],[-77.034,-11.6508],[-77.0336,-11.6504],[-77.0331,-11.65],[-77.0328,-11.6495],[-77.0323,-11.6489],[-77.032,-11.6486],[-77.0316,-11.6483],[-77.0312,-11.6479],[-77.0307,-11.6476],[-77.0304,-11.6473],[-77.0301,-11.6471],[-77.03,-11.6467],[-77.0299,-11.6462],[-77.0298,-11.646],[-77.0297,-11.6457],[-77.0295,-11.6449],[-77.0295,-11.6444],[-77.0293,-11.644],[-77.0288,-11.6438],[-77.0283,-11.6434],[-77.0278,-11.643],[-77.0273,-11.6426],[-77.0268,-11.6424],[-77.0264,-11.6421],[-77.0259,-11.6416],[-77.0255,-11.6412],[-77.0246,-11.6402],[-77.0241,-11.6398],[-77.0238,-11.6396],[-77.0235,-11.6395],[-77.0232,-11.6394],[-77.0229,-11.6392],[-77.0225,-11.6387],[-77.0221,-11.6382],[-77.0217,-11.6376],[-77.0213,-11.637],[-77.0212,-11.6367],[-77.021,-11.6363],[-77.0207,-11.6359],[-77.0203,-11.6355],[-77.0199,-11.6353],[-77.0193,-11.6349],[-77.0184,-11.6346],[-77.0178,-11.6342],[-77.0172,-11.6339],[-77.0165,-11.6336],[-77.0162,-11.6332],[-77.0159,-11.6328],[-77.0158,-11.6322],[-77.0159,-11.6316],[-77.0159,-11.631],[-77.0158,-11.6305],[-77.0152,-11.6296],[-77.0149,-11.6292],[-77.0146,-11.6287],[-77.0144,-11.6282],[-77.0144,-11.6277],[-77.0146,-11.6271],[-77.0148,-11.6266],[-77.0149,-11.6258],[-77.0149,-11.625],[-77.0149,-11.6244],[-77.0147,-11.6236],[-77.0145,-11.6228],[-77.0142,-11.6223],[-77.0135,-11.6215],[-77.0129,-11.6205],[-77.0124,-11.62],[-77.0116,-11.6194],[-77.0111,-11.6187],[-77.011,-11.6186],[-77.0109,-11.6182],[-77.0107,-11.6176],[-77.0104,-11.617],[-77.0103,-11.6169],[-77.01,-11.6168],[-77.0092,-11.6167],[-77.0091,-11.6166],[-77.0083,-11.6166],[-77.0075,-11.6166],[-77.0068,-11.6165],[-77.006,-11.6164],[-77.0057,-11.6163],[-77.005,-11.6154],[-77.0049,-11.6153],[-77.0048,-11.6143],[-77.005,-11.6134],[-77.0051,-11.6127],[-77.0054,-11.612],[-77.0056,-11.6115],[-77.0056,-11.6113],[-77.0058,-11.611],[-77.0062,-11.6102],[-77.0066,-11.6096],[-77.0067,-11.6092],[-77.0072,-11.6087],[-77.0076,-11.6082],[-77.0081,-11.6079],[-77.0087,-11.6078],[-77.0094,-11.6075],[-77.0103,-11.6071],[-77.011,-11.6069],[-77.0117,-11.6066],[-77.012,-11.6064],[-77.0127,-11.606],[-77.0132,-11.6057],[-77.0133,-11.6057],[-77.0139,-11.6054],[-77.0145,-11.6051],[-77.0152,-11.6047],[-77.0159,-11.6044],[-77.0165,-11.604],[-77.017,-11.6039],[-77.0174,-11.6037],[-77.0178,-11.6034],[-77.0182,-11.603],[-77.0185,-11.6026],[-77.0187,-11.6022],[-77.019,-11.6016],[-77.0193,-11.6013],[-77.0198,-11.601],[-77.0203,-11.6008],[-77.0208,-11.6007],[-77.0213,-11.6003],[-77.0217,-11.5999],[-77.0218,-11.5994],[-77.0219,-11.5986],[-77.0219,-11.5975],[-77.022,-11.5966],[-77.0221,-11.5963],[-77.0226,-11.5961],[-77.0232,-11.5959],[-77.0236,-11.5956],[-77.0238,-11.5952],[-77.0244,-11.595],[-77.0248,-11.5948],[-77.025,-11.5944],[-77.0256,-11.594],[-77.0261,-11.5937],[-77.0268,-11.5935],[-77.0274,-11.5932],[-77.0278,-11.5928],[-77.0282,-11.5923],[-77.0285,-11.5922],[-77.0292,-11.5923],[-77.03,-11.5921],[-77.0306,-11.592],[-77.0314,-11.5917],[-77.0326,-11.5912],[-77.0334,-11.5907],[-77.0339,-11.5903],[-77.0342,-11.5899],[-77.0347,-11.5896],[-77.0356,-11.5892],[-77.0363,-11.5891],[-77.0368,-11.5889],[-77.0375,-11.5884],[-77.0376,-11.5881],[-77.038,-11.5878],[-77.0384,-11.5875],[-77.0388,-11.5869],[-77.0392,-11.5864],[-77.0394,-11.5858],[-77.0397,-11.5853],[-77.0401,-11.585],[-77.0408,-11.5846],[-77.0415,-11.5841],[-77.0418,-11.5837],[-77.0421,-11.5834],[-77.0427,-11.5831],[-77.0429,-11.5827],[-77.0432,-11.5822],[-77.0436,-11.5817],[-77.0442,-11.5811],[-77.0448,-11.5801],[-77.0452,-11.5794],[-77.0458,-11.5787],[-77.0462,-11.5786],[-77.0472,-11.5789],[-77.0482,-11.5791],[-77.0487,-11.5789],[-77.0493,-11.5788],[-77.0498,-11.5785],[-77.0502,-11.5781],[-77.0506,-11.5775],[-77.0508,-11.577],[-77.0512,-11.5766],[-77.0519,-11.5762],[-77.0524,-11.5761],[-77.0529,-11.5761],[-77.0535,-11.5761],[-77.0543,-11.5758],[-77.055,-11.5756],[-77.0554,-11.5756],[-77.0557,-11.5757],[-77.0564,-11.576],[-77.0571,-11.5764],[-77.0579,-11.5767],[-77.059,-11.577],[-77.0598,-11.5772],[-77.0609,-11.5774],[-77.0616,-11.5775],[-77.0623,-11.5776],[-77.063,-11.5776],[-77.0634,-11.5774],[-77.0641,-11.5772],[-77.0646,-11.5769],[-77.0648,-11.5764],[-77.0651,-11.5758],[-77.0652,-11.5751],[-77.0651,-11.5747],[-77.0648,-11.5741],[-77.0648,-11.5736],[-77.0648,-11.5732],[-77.0651,-11.573],[-77.0656,-11.5728],[-77.0661,-11.5726],[-77.0671,-11.5724],[-77.0678,-11.5726],[-77.0683,-11.5727],[-77.0688,-11.573],[-77.0691,-11.5734],[-77.0695,-11.5742],[-77.0699,-11.5748],[-77.0703,-11.5752],[-77.071,-11.5753],[-77.0719,-11.5753],[-77.0729,-11.5752],[-77.0735,-11.5752],[-77.0742,-11.5754],[-77.0747,-11.5757],[-77.075,-11.576],[-77.0757,-11.5763],[-77.0764,-11.5766],[-77.0773,-11.5768],[-77.0777,-11.577],[-77.0779,-11.5778],[-77.078,-11.5781],[-77.078,-11.5786],[-77.078,-11.5792],[-77.0779,-11.5797],[-77.0777,-11.5801],[-77.0775,-11.5805],[-77.0775,-11.581],[-77.0775,-11.5815],[-77.0777,-11.5818],[-77.0781,-11.5822],[-77.0784,-11.5828],[-77.0785,-11.5833],[-77.0784,-11.584],[-77.0784,-11.5847],[-77.0785,-11.5855],[-77.0787,-11.5862],[-77.0788,-11.5865],[-77.0793,-11.5872],[-77.0798,-11.5882],[-77.0801,-11.5889],[-77.0803,-11.5899],[-77.0805,-11.5904],[-77.0808,-11.5912],[-77.0811,-11.5917],[-77.0815,-11.5922],[-77.0818,-11.5925],[-77.0823,-11.5926],[-77.0826,-11.5928],[-77.0829,-11.5932],[-77.0831,-11.5936],[-77.0832,-11.5939],[-77.0835,-11.5941],[-77.0837,-11.5942],[-77.0839,-11.5944],[-77.084,-11.5948],[-77.0843,-11.5953],[-77.0845,-11.5957],[-77.0845,-11.5965],[-77.0845,-11.597],[-77.0847,-11.5977],[-77.0849,-11.5981],[-77.0851,-11.5988],[-77.0852,-11.5996],[-77.0854,-11.6004],[-77.0857,-11.6009],[-77.0858,-11.6016],[-77.0857,-11.6019],[-77.0857,-11.6022],[-77.0855,-11.6027],[-77.0853,-11.6031],[-77.0852,-11.6036],[-77.0852,-11.604],[-77.0853,-11.6042],[-77.0855,-11.6045],[-77.0857,-11.6048],[-77.0859,-11.6051],[-77.0864,-11.6054],[-77.0867,-11.6058],[-77.087,-11.6063],[-77.0872,-11.6067],[-77.0878,-11.6072],[-77.0886,-11.6073],[-77.0898,-11.6075],[-77.0907,-11.608],[-77.0913,-11.6085],[-77.0918,-11.6088],[-77.0925,-11.6093],[-77.093,-11.6096],[-77.0934,-11.6097],[-77.0939,-11.61],[-77.0945,-11.6104],[-77.0948,-11.6109],[-77.0952,-11.6117],[-77.0955,-11.6126],[-77.0959,-11.6132],[-77.0964,-11.6133],[-77.097,-11.6131],[-77.0976,-11.6131],[-77.0983,-11.6132],[-77.0989,-11.6136],[-77.0991,-11.614],[-77.0998,-11.6149],[-77.1006,-11.6154],[-77.1012,-11.616],[-77.1019,-11.6167],[-77.1024,-11.6171],[-77.1031,-11.6186],[-77.1035,-11.6192],[-77.1039,-11.6194],[-77.1046,-11.6195],[-77.1051,-11.6195],[-77.1058,-11.6194],[-77.1062,-11.6197],[-77.1065,-11.6204],[-77.1065,-11.6212],[-77.1064,-11.6221],[-77.106,-11.623],[-77.1057,-11.6238],[-77.1057,-11.6246],[-77.1059,-11.6252],[-77.1063,-11.6256],[-77.1069,-11.6262],[-77.1074,-11.6268],[-77.1084,-11.6273],[-77.1095,-11.6277],[-77.1107,-11.6282],[-77.1121,-11.6291],[-77.113,-11.6297],[-77.1144,-11.63],[-77.1163,-11.6304],[-77.1179,-11.6303],[-77.1198,-11.6301],[-77.1212,-11.6295],[-77.1232,-11.6278],[-77.1252,-11.6267],[-77.1277,-11.626],[-77.1296,-11.6256],[-77.1313,-11.6255],[-77.1322,-11.6254],[-77.1336,-11.6258],[-77.1347,-11.6266],[-77.1354,-11.628],[-77.1356,-11.6294],[-77.1359,-11.6306],[-77.1362,-11.6316],[-77.1362,-11.6326],[-77.1362,-11.6332],[-77.1363,-11.6339],[-77.1365,-11.6344],[-77.137,-11.6351],[-77.1374,-11.6355],[-77.1372,-11.6364],[-77.1372,-11.637],[-77.137,-11.6375],[-77.1366,-11.638],[-77.1361,-11.6384],[-77.1355,-11.6387],[-77.1346,-11.6389],[-77.1338,-11.639],[-77.1333,-11.6391],[-77.1322,-11.6395],[-77.1315,-11.6397],[-77.1312,-11.6399],[-77.131,-11.6408],[-77.131,-11.6413],[-77.1309,-11.642],[-77.1308,-11.6427],[-77.1309,-11.6434],[-77.1311,-11.6439],[-77.1313,-11.6445],[-77.1317,-11.6451],[-77.1317,-11.6452],[-77.1317,-11.6454],[-77.1316,-11.6458],[-77.1314,-11.6463],[-77.1313,-11.6466],[-77.1312,-11.6473],[-77.131,-11.6478],[-77.1306,-11.6484],[-77.1302,-11.649],[-77.1297,-11.6494],[-77.1289,-11.6496],[-77.1275,-11.6497],[-77.1263,-11.6503],[-77.1255,-11.6519],[-77.1238,-11.6533],[-77.1226,-11.6545],[-77.1224,-11.655],[-77.1221,-11.6563],[-77.1221,-11.6574],[-77.123,-11.6582],[-77.1239,-11.6589],[-77.1248,-11.6596],[-77.1256,-11.6601],[-77.1263,-11.6604],[-77.1271,-11.66],[-77.1278,-11.6592],[-77.1284,-11.6587],[-77.1294,-11.6578],[-77.1303,-11.6575],[-77.1318,-11.6573],[-77.1323,-11.6574],[-77.1331,-11.6577],[-77.1337,-11.658],[-77.1343,-11.6584],[-77.1345,-11.6589],[-77.135,-11.6597],[-77.1354,-11.6601],[-77.1361,-11.6603],[-77.1369,-11.6605],[-77.1376,-11.6608],[-77.1382,-11.6616],[-77.1391,-11.6624],[-77.1393,-11.6627],[-77.1394,-11.6628],[-77.1398,-11.6633],[-77.1399,-11.6635],[-77.1407,-11.664],[-77.1415,-11.6644],[-77.1416,-11.6644],[-77.1426,-11.6648],[-77.1434,-11.6652],[-77.1443,-11.6659],[-77.1447,-11.6663],[-77.1451,-11.6666],[-77.1462,-11.6672],[-77.1473,-11.6678],[-77.1484,-11.6682],[-77.1498,-11.6688],[-77.1507,-11.6694],[-77.1512,-11.6696],[-77.1515,-11.6699],[-77.1522,-11.6706],[-77.1525,-11.6711],[-77.1527,-11.6724],[-77.1529,-11.6734],[-77.1533,-11.6743],[-77.1538,-11.6752],[-77.1549,-11.6764],[-77.1557,-11.6774],[-77.1561,-11.6778],[-77.1566,-11.6788],[-77.1572,-11.6799],[-77.1577,-11.6805],[-77.1582,-11.6812],[-77.1583,-11.6817],[-77.158,-11.6828],[-77.1575,-11.6831],[-77.1564,-11.6836],[-77.1553,-11.6841],[-77.1552,-11.6842],[-77.1547,-11.6848],[-77.1545,-11.6858],[-77.155,-11.6869],[-77.1552,-11.688],[-77.155,-11.689],[-77.1551,-11.6899],[-77.1553,-11.6914],[-77.1553,-11.6929],[-77.1555,-11.6941],[-77.156,-11.6949],[-77.1563,-11.6956],[-77.1567,-11.6961],[-77.1569,-11.6965],[-77.1563,-11.6971],[-77.156,-11.6977],[-77.1556,-11.6981],[-77.1552,-11.6986],[-77.1548,-11.6992],[-77.1545,-11.7001],[-77.1545,-11.701],[-77.1545,-11.7017],[-77.1555,-11.7021],[-77.1565,-11.7021],[-77.1578,-11.7019],[-77.1594,-11.7017],[-77.1608,-11.7016],[-77.1616,-11.7009],[-77.1624,-11.6997],[-77.1635,-11.6988],[-77.1644,-11.6981],[-77.1652,-11.6965],[-77.1665,-11.6944],[-77.1689,-11.693],[-77.1702,-11.6925],[-77.1715,-11.6919],[-77.173,-11.6915],[-77.1738,-11.6909],[-77.1753,-11.6894],[-77.1765,-11.6883],[-77.1783,-11.6875],[-77.1806,-11.6867],[-77.1821,-11.6859],[-77.1832,-11.6859],[-77.1845,-11.6867],[-77.1854,-11.6883],[-77.186,-11.69],[-77.1873,-11.6919],[-77.1876,-11.6923],[-77.1891,-11.6942],[-77.1896,-11.6949],[-77.1903,-11.6957],[-77.1912,-11.6966],[-77.1924,-11.6974],[-77.1935,-11.6977],[-77.1946,-11.6979],[-77.1955,-11.6979],[-77.1963,-11.698],[-77.1961,-11.6981],[-77.196,-11.6982],[-77.1959,-11.6983],[-77.1958,-11.6984],[-77.1957,-11.6984],[-77.1957,-11.6985],[-77.1956,-11.6986],[-77.1955,-11.6986],[-77.1952,-11.6989],[-77.1951,-11.6991],[-77.1951,-11.6992],[-77.195,-11.6992],[-77.1949,-11.6993],[-77.1948,-11.6993],[-77.1947,-11.6994],[-77.1946,-11.6994],[-77.1945,-11.6996],[-77.1944,-11.6997],[-77.1943,-11.6998],[-77.1943,-11.6999],[-77.1942,-11.7],[-77.1939,-11.7004],[-77.1938,-11.7007],[-77.1937,-11.7008],[-77.1936,-11.701],[-77.1935,-11.7012],[-77.1933,-11.7013],[-77.1932,-11.7014],[-77.1931,-11.7015],[-77.193,-11.7016],[-77.1928,-11.7017],[-77.1926,-11.7019],[-77.1924,-11.7021],[-77.1923,-11.7022],[-77.1922,-11.7023],[-77.1919,-11.7026],[-77.1918,-11.7028],[-77.1917,-11.7028],[-77.1916,-11.7029],[-77.1916,-11.703],[-77.1915,-11.7031],[-77.1914,-11.7031],[-77.1914,-11.7032],[-77.1912,-11.7033],[-77.1911,-11.7035],[-77.191,-11.7036],[-77.1908,-11.7037],[-77.1908,-11.7038],[-77.1905,-11.7041],[-77.1905,-11.7042],[-77.1904,-11.7042],[-77.1903,-11.7043],[-77.1902,-11.7044],[-77.1902,-11.7045],[-77.1901,-11.7045],[-77.19,-11.7046],[-77.1899,-11.7047],[-77.1899,-11.7048],[-77.1898,-11.7048],[-77.1897,-11.7049],[-77.1897,-11.705],[-77.1895,-11.7051],[-77.1894,-11.7052],[-77.1893,-11.7054],[-77.1893,-11.7055],[-77.1892,-11.7056],[-77.1891,-11.7057],[-77.1891,-11.7058],[-77.189,-11.7059],[-77.1889,-11.706],[-77.1888,-11.7061],[-77.1887,-11.7062],[-77.1886,-11.7063],[-77.1885,-11.7064],[-77.1884,-11.7065],[-77.1883,-11.7067],[-77.1882,-11.7068],[-77.1882,-11.7069],[-77.1881,-11.707],[-77.188,-11.7071],[-77.188,-11.7072],[-77.1879,-11.7074],[-77.1878,-11.7076],[-77.1876,-11.7078],[-77.1874,-11.708],[-77.1874,-11.7081],[-77.1874,-11.7082],[-77.1873,-11.7083],[-77.1873,-11.7085],[-77.1872,-11.7086],[-77.1871,-11.7087],[-77.1871,-11.7088],[-77.187,-11.7089],[-77.1869,-11.7091],[-77.1869,-11.7092],[-77.1868,-11.7093],[-77.1867,-11.7094],[-77.1867,-11.7096],[-77.1866,-11.7097],[-77.1865,-11.7098],[-77.1864,-11.7099],[-77.1863,-11.71],[-77.1862,-11.7101],[-77.1861,-11.7101],[-77.186,-11.7102],[-77.186,-11.7103],[-77.1858,-11.7104],[-77.1857,-11.7105],[-77.1856,-11.7106],[-77.1854,-11.7108],[-77.1853,-11.7109],[-77.1852,-11.711],[-77.1851,-11.7111],[-77.185,-11.7111],[-77.1849,-11.7113],[-77.1847,-11.7114],[-77.1846,-11.7115],[-77.1845,-11.7115],[-77.1844,-11.7116],[-77.1842,-11.7117],[-77.184,-11.7119],[-77.1839,-11.7119],[-77.1839,-11.712],[-77.1837,-11.7121],[-77.1836,-11.7122],[-77.1836,-11.7123],[-77.1835,-11.7125],[-77.1835,-11.7126],[-77.1835,-11.7127],[-77.1835,-11.7131],[-77.1835,-11.7132],[-77.1834,-11.7134],[-77.1834,-11.7136],[-77.1833,-11.7136],[-77.1833,-11.7137],[-77.1832,-11.7138],[-77.1832,-11.7139],[-77.1831,-11.714],[-77.183,-11.7141],[-77.1829,-11.7144],[-77.1829,-11.7146],[-77.1829,-11.715],[-77.1829,-11.7152],[-77.1828,-11.7153],[-77.1828,-11.7154],[-77.1827,-11.7156],[-77.1825,-11.7158],[-77.1824,-11.7159],[-77.1822,-11.716],[-77.182,-11.7162],[-77.1819,-11.7162],[-77.1817,-11.7163],[-77.1815,-11.7164],[-77.1814,-11.7164],[-77.1813,-11.7164],[-77.1812,-11.7164],[-77.1811,-11.7165],[-77.1811,-11.7166],[-77.181,-11.7166],[-77.1809,-11.7167],[-77.1809,-11.7169],[-77.1808,-11.7171],[-77.1807,-11.7173],[-77.1807,-11.7174],[-77.1807,-11.7176],[-77.1806,-11.7177],[-77.1806,-11.7179],[-77.1805,-11.7181],[-77.1805,-11.7183],[-77.1804,-11.7183],[-77.1804,-11.7184],[-77.1804,-11.7185],[-77.1803,-11.7186],[-77.1803,-11.7187],[-77.1802,-11.7188],[-77.1802,-11.7189],[-77.1802,-11.719],[-77.1799,-11.7193],[-77.1798,-11.7194],[-77.1795,-11.7195],[-77.1793,-11.7197],[-77.1792,-11.7199],[-77.179,-11.7202],[-77.1788,-11.7204],[-77.1788,-11.7205],[-77.1788,-11.7206],[-77.1788,-11.7208],[-77.1788,-11.7209],[-77.179,-11.721],[-77.1788,-11.7214],[-77.1788,-11.7215],[-77.1788,-11.7216],[-77.1788,-11.7217],[-77.1787,-11.7218],[-77.1785,-11.7221],[-77.1784,-11.7223],[-77.1782,-11.7225],[-77.1782,-11.7229],[-77.1783,-11.7229],[-77.1784,-11.723],[-77.1785,-11.7232],[-77.1784,-11.7234],[-77.1784,-11.7235],[-77.1783,-11.7236],[-77.1782,-11.7237],[-77.1782,-11.7238],[-77.1781,-11.7239],[-77.178,-11.7239],[-77.1779,-11.724],[-77.1778,-11.7241],[-77.1777,-11.7243],[-77.1776,-11.7243],[-77.1775,-11.7244],[-77.1771,-11.7249],[-77.1769,-11.7251],[-77.1769,-11.7252],[-77.1765,-11.7254],[-77.1764,-11.7256],[-77.1763,-11.7257],[-77.1761,-11.7258],[-77.176,-11.726],[-77.1759,-11.726],[-77.1759,-11.7261],[-77.1758,-11.7262],[-77.1755,-11.7265],[-77.1754,-11.7265],[-77.1753,-11.7267],[-77.1752,-11.7267],[-77.1751,-11.7268],[-77.175,-11.7269],[-77.175,-11.727],[-77.1749,-11.7271],[-77.1748,-11.7272],[-77.1747,-11.7274],[-77.1746,-11.7276],[-77.1745,-11.7277],[-77.1745,-11.7278],[-77.1744,-11.7279],[-77.1743,-11.7281],[-77.1742,-11.7283],[-77.1741,-11.7284],[-77.174,-11.7285],[-77.1739,-11.7287],[-77.1738,-11.7288],[-77.1737,-11.729],[-77.1736,-11.7291],[-77.1736,-11.7292],[-77.1735,-11.7293],[-77.1734,-11.7294],[-77.1733,-11.7295],[-77.1732,-11.7295],[-77.1731,-11.7297],[-77.173,-11.7298],[-77.1729,-11.7299],[-77.1728,-11.73],[-77.1727,-11.7302],[-77.1726,-11.7303],[-77.1725,-11.7304],[-77.1725,-11.7305],[-77.1723,-11.7307],[-77.1723,-11.7308],[-77.1721,-11.731],[-77.172,-11.7313],[-77.172,-11.7315],[-77.1719,-11.7317],[-77.1718,-11.7318],[-77.1716,-11.7321],[-77.1715,-11.7323],[-77.1714,-11.7326],[-77.1713,-11.7327],[-77.1712,-11.7329],[-77.1711,-11.733],[-77.1711,-11.7332],[-77.1709,-11.7336],[-77.1707,-11.734],[-77.1706,-11.7342],[-77.1706,-11.7343],[-77.1705,-11.7344],[-77.1704,-11.7345],[-77.1704,-11.7346],[-77.1703,-11.7348],[-77.1702,-11.735],[-77.1701,-11.7353],[-77.1701,-11.7355],[-77.17,-11.7356],[-77.1699,-11.7357],[-77.1699,-11.7358],[-77.1698,-11.7359],[-77.1698,-11.7361],[-77.1696,-11.7365],[-77.1696,-11.7366],[-77.1696,-11.7367],[-77.1695,-11.7368],[-77.1695,-11.7369],[-77.1695,-11.7371],[-77.1695,-11.7373],[-77.1693,-11.7374],[-77.169,-11.7377],[-77.1688,-11.738],[-77.1686,-11.7383],[-77.1684,-11.7387],[-77.1682,-11.7391],[-77.168,-11.7396],[-77.1679,-11.74],[-77.1677,-11.7406],[-77.1676,-11.741],[-77.1676,-11.7413],[-77.1675,-11.7417],[-77.1674,-11.7424],[-77.1674,-11.743],[-77.1674,-11.7432],[-77.1675,-11.7434],[-77.1676,-11.7437],[-77.1678,-11.744],[-77.1679,-11.7442],[-77.168,-11.7444],[-77.1681,-11.7448],[-77.1683,-11.7452],[-77.1686,-11.7459],[-77.1691,-11.7466],[-77.1694,-11.747],[-77.1695,-11.7471],[-77.1695,-11.7472],[-77.1696,-11.7474],[-77.1697,-11.7476],[-77.1698,-11.7478],[-77.1698,-11.7481],[-77.1698,-11.7482],[-77.1698,-11.7485],[-77.1698,-11.7486],[-77.1697,-11.7489],[-77.1697,-11.7491],[-77.1697,-11.7493],[-77.1697,-11.7496],[-77.1698,-11.7498],[-77.1699,-11.75],[-77.1702,-11.7504],[-77.1703,-11.7507],[-77.1704,-11.7508],[-77.1704,-11.751],[-77.1705,-11.7511],[-77.1706,-11.7513],[-77.1707,-11.7514],[-77.1708,-11.7516],[-77.1708,-11.7517],[-77.1709,-11.7519],[-77.171,-11.7521],[-77.171,-11.7524],[-77.1711,-11.7525],[-77.1711,-11.7526],[-77.1711,-11.7528],[-77.1711,-11.7529],[-77.1712,-11.753],[-77.1712,-11.7533],[-77.1712,-11.7534],[-77.1712,-11.7539],[-77.1713,-11.754],[-77.1713,-11.7543],[-77.1713,-11.7549],[-77.1713,-11.7551],[-77.1713,-11.7552],[-77.1713,-11.7553],[-77.1713,-11.7555],[-77.1713,-11.756],[-77.1713,-11.7561],[-77.1713,-11.7562],[-77.1714,-11.7564],[-77.1714,-11.7566],[-77.1714,-11.7567],[-77.1715,-11.7568],[-77.1715,-11.7569],[-77.1715,-11.757],[-77.1715,-11.7571],[-77.1716,-11.7572],[-77.1717,-11.7573],[-77.1717,-11.7575],[-77.1718,-11.7576],[-77.1718,-11.7578],[-77.1719,-11.758],[-77.1719,-11.7581],[-77.1719,-11.7582],[-77.172,-11.7583],[-77.172,-11.759],[-77.172,-11.7591],[-77.172,-11.7593],[-77.172,-11.7597],[-77.172,-11.7598],[-77.172,-11.76],[-77.172,-11.7601],[-77.172,-11.7602],[-77.172,-11.7603],[-77.172,-11.7604],[-77.1719,-11.761],[-77.1718,-11.7613],[-77.1717,-11.7615],[-77.1716,-11.7616],[-77.1716,-11.7618],[-77.1716,-11.7619],[-77.1715,-11.7622],[-77.1715,-11.7626],[-77.1715,-11.7627],[-77.1715,-11.7629],[-77.1715,-11.7631],[-77.1715,-11.7632],[-77.1714,-11.7635],[-77.1713,-11.7637],[-77.1713,-11.764],[-77.1713,-11.7642],[-77.1713,-11.7644],[-77.1714,-11.7644],[-77.1714,-11.7645],[-77.1714,-11.7647],[-77.1715,-11.7648],[-77.1715,-11.765],[-77.1716,-11.7653],[-77.1717,-11.7654],[-77.1717,-11.7655],[-77.1718,-11.7656],[-77.1719,-11.7659],[-77.1722,-11.7663],[-77.1722,-11.7664],[-77.1723,-11.7666],[-77.1724,-11.7668],[-77.1725,-11.7671],[-77.1727,-11.7674],[-77.1734,-11.7672],[-77.1735,-11.7674],[-77.1728,-11.7675],[-77.1729,-11.7676],[-77.1729,-11.7677],[-77.173,-11.7678],[-77.1731,-11.768],[-77.1731,-11.7681],[-77.1731,-11.7682],[-77.1732,-11.7684],[-77.1733,-11.7686],[-77.1734,-11.769],[-77.1736,-11.7694],[-77.1737,-11.7697],[-77.174,-11.7701],[-77.1741,-11.7705],[-77.1743,-11.7706],[-77.1744,-11.7709],[-77.1747,-11.7712],[-77.1749,-11.7715],[-77.175,-11.7716],[-77.1751,-11.7717],[-77.1754,-11.7714],[-77.1756,-11.7714],[-77.1754,-11.7714],[-77.1752,-11.7716],[-77.175,-11.7718],[-77.1751,-11.772],[-77.1752,-11.7721],[-77.1753,-11.7722],[-77.1754,-11.7723],[-77.1755,-11.7724],[-77.1757,-11.7726],[-77.1757,-11.7727],[-77.1758,-11.7727],[-77.1759,-11.7728],[-77.176,-11.7729],[-77.1762,-11.7729],[-77.1763,-11.7728],[-77.1765,-11.7727],[-77.1766,-11.7726],[-77.1767,-11.7725],[-77.1768,-11.7725],[-77.1769,-11.7724],[-77.177,-11.7724],[-77.1771,-11.7725],[-77.1772,-11.7726],[-77.1772,-11.7727],[-77.1772,-11.7728],[-77.1771,-11.7729],[-77.177,-11.773],[-77.1769,-11.7731],[-77.1767,-11.7733],[-77.1766,-11.7734],[-77.1766,-11.7736],[-77.1767,-11.7736],[-77.1767,-11.7737],[-77.1768,-11.7738],[-77.1769,-11.7739],[-77.177,-11.7741],[-77.1771,-11.7741],[-77.1772,-11.7742],[-77.1773,-11.7743],[-77.1774,-11.7744],[-77.1775,-11.7745],[-77.1776,-11.7746],[-77.1777,-11.7747],[-77.1779,-11.7748],[-77.1781,-11.775],[-77.1783,-11.7752],[-77.1786,-11.7747],[-77.1785,-11.7746],[-77.1786,-11.7745],[-77.1786,-11.7744],[-77.1787,-11.7743],[-77.1788,-11.7744],[-77.179,-11.7745],[-77.1789,-11.7748],[-77.1787,-11.7748],[-77.1785,-11.7753],[-77.1786,-11.7753],[-77.1787,-11.7754],[-77.1788,-11.7754],[-77.1789,-11.7755],[-77.179,-11.7755],[-77.1793,-11.7756],[-77.1793,-11.7757],[-77.1796,-11.7757],[-77.1798,-11.7758],[-77.1799,-11.7758],[-77.1799,-11.7757],[-77.18,-11.7756],[-77.1801,-11.7755],[-77.1802,-11.7754],[-77.1802,-11.7753],[-77.1803,-11.7753],[-77.1803,-11.7752],[-77.1803,-11.7753],[-77.1804,-11.7753],[-77.1804,-11.7754],[-77.1803,-11.7754],[-77.1802,-11.7755],[-77.1803,-11.7757],[-77.1805,-11.7757],[-77.1806,-11.7757],[-77.1808,-11.7757],[-77.181,-11.7756],[-77.1811,-11.7756],[-77.1812,-11.7755],[-77.1812,-11.7753],[-77.1812,-11.7751],[-77.1811,-11.7751],[-77.1811,-11.775],[-77.1812,-11.775],[-77.1813,-11.7751],[-77.1815,-11.7752],[-77.1816,-11.7752],[-77.1817,-11.7751],[-77.1818,-11.7751],[-77.1817,-11.7748],[-77.1816,-11.7748],[-77.1816,-11.7747],[-77.1817,-11.7747],[-77.1818,-11.775],[-77.1819,-11.7749],[-77.1819,-11.7748],[-77.182,-11.7747],[-77.1819,-11.7746],[-77.1819,-11.7747],[-77.1818,-11.7747],[-77.1818,-11.7746],[-77.1819,-11.7746],[-77.1819,-11.7744],[-77.1818,-11.7745],[-77.1819,-11.7744],[-77.1817,-11.7744],[-77.1819,-11.7743],[-77.1818,-11.7742],[-77.1818,-11.7743],[-77.1817,-11.7743],[-77.1818,-11.7742],[-77.1818,-11.7741],[-77.1817,-11.7741],[-77.1818,-11.7741],[-77.1818,-11.7739],[-77.1818,-11.7737],[-77.1818,-11.7736],[-77.1821,-11.7737],[-77.1822,-11.7736],[-77.1823,-11.7735],[-77.1823,-11.7734],[-77.1822,-11.7733],[-77.1821,-11.7733],[-77.1821,-11.7732],[-77.1823,-11.7732],[-77.1823,-11.7733],[-77.1824,-11.7734],[-77.1824,-11.7735],[-77.1825,-11.7736],[-77.1827,-11.7738],[-77.1828,-11.7737],[-77.1829,-11.7737],[-77.1828,-11.7738],[-77.1829,-11.7739],[-77.183,-11.774],[-77.1831,-11.774],[-77.1833,-11.7741],[-77.1834,-11.7741],[-77.1836,-11.7744],[-77.1838,-11.7744],[-77.1839,-11.7743],[-77.184,-11.7743],[-77.1841,-11.7735],[-77.1839,-11.7735],[-77.1839,-11.7734],[-77.1842,-11.7735],[-77.1841,-11.7743],[-77.1844,-11.7743],[-77.1844,-11.774],[-77.1844,-11.7738],[-77.1845,-11.7738],[-77.1844,-11.7743],[-77.1845,-11.7743],[-77.1846,-11.7742],[-77.1848,-11.7742],[-77.1849,-11.7742],[-77.1851,-11.7741],[-77.1853,-11.7741],[-77.1855,-11.7741],[-77.1856,-11.774],[-77.1857,-11.774],[-77.1858,-11.774],[-77.1859,-11.774],[-77.186,-11.774],[-77.1863,-11.774],[-77.1865,-11.774],[-77.1867,-11.774],[-77.187,-11.7739],[-77.1871,-11.7738],[-77.1871,-11.7737],[-77.1871,-11.7736],[-77.1871,-11.7735],[-77.1871,-11.7733],[-77.1871,-11.7732],[-77.1871,-11.7731],[-77.1871,-11.7729],[-77.1872,-11.7728],[-77.1873,-11.7727],[-77.1874,-11.7728],[-77.1875,-11.7728],[-77.1876,-11.7729],[-77.1877,-11.773],[-77.1878,-11.773],[-77.1879,-11.7729],[-77.188,-11.7728],[-77.1881,-11.7727],[-77.1882,-11.7726],[-77.1882,-11.7725],[-77.1882,-11.7724],[-77.1883,-11.7723],[-77.1884,-11.7721],[-77.1884,-11.772],[-77.1884,-11.7719],[-77.1885,-11.7718],[-77.1886,-11.7717],[-77.1887,-11.7716],[-77.1888,-11.7714],[-77.1888,-11.7712],[-77.1887,-11.7711],[-77.1886,-11.7709],[-77.1886,-11.7708],[-77.1886,-11.7707],[-77.1887,-11.7706],[-77.1888,-11.7706],[-77.189,-11.7706],[-77.1892,-11.7707],[-77.1894,-11.7708],[-77.1897,-11.7708],[-77.1898,-11.7708],[-77.1899,-11.7708],[-77.19,-11.7708],[-77.1901,-11.7707],[-77.1903,-11.7706],[-77.1906,-11.7704],[-77.1908,-11.7702],[-77.1909,-11.7701],[-77.1909,-11.77],[-77.1908,-11.7699],[-77.1908,-11.7698],[-77.191,-11.7695],[-77.1912,-11.7691],[-77.1911,-11.769],[-77.1911,-11.7689],[-77.1911,-11.7688],[-77.1911,-11.7687],[-77.1911,-11.7686],[-77.191,-11.7685],[-77.1909,-11.7683],[-77.1909,-11.7681],[-77.191,-11.7681],[-77.1912,-11.768],[-77.1913,-11.768],[-77.1914,-11.7679],[-77.1915,-11.768],[-77.1915,-11.7679],[-77.1916,-11.7679],[-77.1917,-11.7679],[-77.1917,-11.768],[-77.1918,-11.768],[-77.1919,-11.768],[-77.1921,-11.768],[-77.1922,-11.7679],[-77.1923,-11.7678],[-77.1924,-11.7678],[-77.1925,-11.7678],[-77.1927,-11.7678],[-77.1928,-11.7678],[-77.1928,-11.7677],[-77.1929,-11.7676],[-77.193,-11.7676],[-77.1931,-11.7676],[-77.1931,-11.7675],[-77.1932,-11.7674],[-77.1932,-11.7673],[-77.1933,-11.7673],[-77.1934,-11.7673],[-77.1935,-11.7672],[-77.1936,-11.7672],[-77.1937,-11.7671],[-77.1938,-11.7671],[-77.1939,-11.7669],[-77.194,-11.767],[-77.1941,-11.767],[-77.1942,-11.767],[-77.1943,-11.7671],[-77.1944,-11.7671],[-77.1945,-11.7672],[-77.1945,-11.7673],[-77.1945,-11.7674],[-77.1946,-11.7675],[-77.1946,-11.7676],[-77.1946,-11.7677],[-77.1947,-11.7678],[-77.1948,-11.7679],[-77.1949,-11.768],[-77.195,-11.7681],[-77.195,-11.7682],[-77.1952,-11.7683],[-77.1953,-11.7683],[-77.1954,-11.7683],[-77.1955,-11.7683],[-77.1956,-11.7683],[-77.1957,-11.7683],[-77.1958,-11.7683],[-77.1958,-11.7682],[-77.1959,-11.7681],[-77.196,-11.7682],[-77.1961,-11.7683],[-77.1961,-11.7684],[-77.1962,-11.7685],[-77.1963,-11.7685],[-77.1964,-11.7686],[-77.1965,-11.7685],[-77.1966,-11.7684],[-77.1967,-11.7684],[-77.1967,-11.7683],[-77.1968,-11.7683],[-77.1969,-11.7683],[-77.197,-11.7683],[-77.1971,-11.7683],[-77.1972,-11.7683],[-77.1973,-11.7683],[-77.1974,-11.7684],[-77.1974,-11.7685],[-77.1975,-11.7684],[-77.1976,-11.7684],[-77.1977,-11.7684],[-77.1978,-11.7684],[-77.1979,-11.7682],[-77.198,-11.7681],[-77.1982,-11.7681],[-77.1983,-11.7682],[-77.1983,-11.7683],[-77.1982,-11.7685],[-77.1981,-11.7686],[-77.1981,-11.7687],[-77.198,-11.7688],[-77.198,-11.7689],[-77.1981,-11.7689],[-77.1982,-11.769],[-77.1983,-11.769],[-77.1983,-11.7691],[-77.1983,-11.7692],[-77.1984,-11.7692],[-77.1984,-11.7693],[-77.1984,-11.7694],[-77.1984,-11.7695],[-77.1984,-11.7696],[-77.1982,-11.7697],[-77.1982,-11.7699],[-77.1982,-11.77],[-77.1981,-11.7702],[-77.198,-11.7703],[-77.1979,-11.7703],[-77.1976,-11.7703],[-77.1975,-11.7703],[-77.1974,-11.7703],[-77.1973,-11.7703],[-77.1972,-11.7703],[-77.1971,-11.7703],[-77.197,-11.7706],[-77.1969,-11.7707],[-77.1968,-11.7709],[-77.1968,-11.771],[-77.1969,-11.7712],[-77.1969,-11.7713],[-77.197,-11.7713],[-77.1971,-11.7713],[-77.1972,-11.7714],[-77.1973,-11.7714],[-77.1973,-11.7716],[-77.1974,-11.7716],[-77.1974,-11.7717],[-77.1976,-11.7719],[-77.1977,-11.7719],[-77.1978,-11.7718],[-77.1979,-11.7718],[-77.198,-11.7718],[-77.1981,-11.7719],[-77.1981,-11.7721],[-77.1982,-11.7721],[-77.1983,-11.7721],[-77.1984,-11.7721],[-77.1985,-11.7721],[-77.1986,-11.7722],[-77.1986,-11.7723],[-77.1987,-11.7724],[-77.1988,-11.7725],[-77.1988,-11.7726],[-77.1988,-11.7727],[-77.1987,-11.7728],[-77.1987,-11.7729],[-77.1986,-11.773],[-77.1983,-11.7731],[-77.1982,-11.7731],[-77.1981,-11.7731],[-77.1982,-11.7732],[-77.1982,-11.7734],[-77.1981,-11.7735],[-77.1981,-11.7736],[-77.1981,-11.7737],[-77.1981,-11.7738],[-77.1981,-11.774],[-77.198,-11.7741],[-77.198,-11.7742],[-77.198,-11.7743],[-77.198,-11.7744],[-77.1979,-11.7744],[-77.1978,-11.7745],[-77.1978,-11.7746],[-77.1977,-11.7747],[-77.1977,-11.7748],[-77.1976,-11.7748],[-77.1975,-11.7749],[-77.1974,-11.7749],[-77.1972,-11.775],[-77.1971,-11.775],[-77.1969,-11.7751],[-77.1968,-11.7752],[-77.1967,-11.7752],[-77.1965,-11.7753],[-77.1964,-11.7754],[-77.1963,-11.7755],[-77.1961,-11.7755],[-77.196,-11.7756],[-77.1959,-11.7758],[-77.1959,-11.7759],[-77.1958,-11.7762],[-77.1958,-11.7763],[-77.1957,-11.7766],[-77.1956,-11.7769],[-77.1956,-11.777],[-77.1956,-11.7772],[-77.1956,-11.7773],[-77.1956,-11.7774],[-77.1957,-11.7774],[-77.1956,-11.7775],[-77.1957,-11.7776],[-77.1957,-11.7777],[-77.1957,-11.7779],[-77.1957,-11.7782],[-77.1958,-11.7783],[-77.1958,-11.7784],[-77.1958,-11.7786],[-77.1958,-11.7787],[-77.1958,-11.7788],[-77.1958,-11.7789],[-77.1958,-11.779],[-77.1957,-11.7791],[-77.1957,-11.7792],[-77.1956,-11.7793],[-77.1955,-11.7794],[-77.1954,-11.7796],[-77.1954,-11.7798],[-77.1954,-11.7799],[-77.1953,-11.78],[-77.1953,-11.7802],[-77.1954,-11.7803],[-77.1954,-11.7804],[-77.1954,-11.7805],[-77.1955,-11.7806],[-77.1955,-11.7807],[-77.1956,-11.7808],[-77.1957,-11.7808],[-77.1957,-11.7807],[-77.1958,-11.7806],[-77.1959,-11.7805],[-77.196,-11.7805],[-77.1961,-11.7806],[-77.1961,-11.7808],[-77.1961,-11.7809],[-77.1961,-11.781],[-77.1962,-11.7811],[-77.1963,-11.7811],[-77.1966,-11.7812],[-77.1966,-11.7813],[-77.1965,-11.7814],[-77.1962,-11.7816],[-77.1961,-11.7817],[-77.1961,-11.7818],[-77.1963,-11.7819],[-77.1964,-11.7819],[-77.1965,-11.782],[-77.1966,-11.7821],[-77.1967,-11.7821],[-77.1968,-11.7821],[-77.1969,-11.7821],[-77.1971,-11.7821],[-77.1971,-11.7822],[-77.1972,-11.7821],[-77.1972,-11.782],[-77.1973,-11.782],[-77.1974,-11.7821],[-77.1974,-11.7822],[-77.1975,-11.7821],[-77.1976,-11.7821],[-77.1977,-11.7821],[-77.1978,-11.7821],[-77.1979,-11.7821],[-77.198,-11.7822],[-77.1981,-11.7824],[-77.1982,-11.7826],[-77.1983,-11.7827],[-77.1983,-11.7828],[-77.1983,-11.7829],[-77.1983,-11.783],[-77.1983,-11.7831],[-77.1983,-11.7832],[-77.1981,-11.7835],[-77.1981,-11.7836],[-77.198,-11.7836],[-77.198,-11.7837],[-77.1979,-11.7837],[-77.1978,-11.7837],[-77.1977,-11.7838],[-77.1975,-11.784],[-77.1973,-11.7842],[-77.1973,-11.7843],[-77.1972,-11.7843],[-77.1971,-11.7843],[-77.197,-11.7843],[-77.1968,-11.7843],[-77.1967,-11.7843],[-77.1966,-11.7843],[-77.1965,-11.7843],[-77.1964,-11.7843],[-77.1963,-11.7842],[-77.1962,-11.7842],[-77.1962,-11.7841],[-77.1961,-11.7841],[-77.196,-11.784],[-77.1958,-11.784],[-77.1957,-11.7839],[-77.1956,-11.7838],[-77.1956,-11.7837],[-77.1956,-11.7836],[-77.1955,-11.7837],[-77.1953,-11.7837],[-77.1952,-11.7837],[-77.195,-11.7837],[-77.195,-11.7838],[-77.195,-11.7839],[-77.1949,-11.784],[-77.1948,-11.7841],[-77.1947,-11.7841],[-77.1946,-11.7841],[-77.1945,-11.7841],[-77.1944,-11.7841],[-77.1943,-11.7841],[-77.1942,-11.7842],[-77.1941,-11.7843],[-77.1942,-11.7844],[-77.1941,-11.7845],[-77.194,-11.7845],[-77.1939,-11.7845],[-77.1939,-11.7844],[-77.1939,-11.7843],[-77.1938,-11.7842],[-77.1938,-11.7841],[-77.1938,-11.784],[-77.1937,-11.7838],[-77.1937,-11.7837],[-77.1937,-11.7836],[-77.1936,-11.7835],[-77.1935,-11.7835],[-77.1934,-11.7835],[-77.1934,-11.7834],[-77.1933,-11.7834],[-77.1932,-11.7833],[-77.1931,-11.7833],[-77.193,-11.7832],[-77.1929,-11.7832],[-77.1928,-11.7832],[-77.1927,-11.7832],[-77.1926,-11.7832],[-77.1925,-11.7832],[-77.1923,-11.7833],[-77.1921,-11.7833],[-77.1918,-11.7834],[-77.1915,-11.7834],[-77.1911,-11.7835],[-77.1909,-11.7835],[-77.1906,-11.7836],[-77.1904,-11.7836],[-77.1902,-11.7837],[-77.1901,-11.7838],[-77.1901,-11.784],[-77.1901,-11.7841],[-77.19,-11.7842],[-77.19,-11.7844],[-77.19,-11.7845],[-77.19,-11.7846],[-77.1899,-11.7848],[-77.1899,-11.7849],[-77.1898,-11.785],[-77.1897,-11.7851],[-77.1897,-11.7852],[-77.1896,-11.7852],[-77.1895,-11.7853],[-77.1894,-11.7855],[-77.1893,-11.7856],[-77.1892,-11.7856],[-77.1891,-11.7856],[-77.189,-11.7856],[-77.189,-11.7857],[-77.1889,-11.7857],[-77.1889,-11.7858],[-77.1889,-11.7859],[-77.1889,-11.786],[-77.1888,-11.7861],[-77.1887,-11.7862],[-77.1886,-11.7863],[-77.1886,-11.7865],[-77.1886,-11.7866],[-77.1885,-11.7867],[-77.1884,-11.7868],[-77.1883,-11.7869],[-77.1882,-11.7869],[-77.1882,-11.787],[-77.1882,-11.7871],[-77.1881,-11.7871],[-77.188,-11.7871],[-77.1879,-11.7872],[-77.1879,-11.7873],[-77.1879,-11.7874],[-77.1878,-11.7874],[-77.1878,-11.7875],[-77.1878,-11.7876],[-77.1876,-11.7877],[-77.1875,-11.7876],[-77.1874,-11.7876],[-77.1873,-11.7878],[-77.1872,-11.788],[-77.1871,-11.7881],[-77.187,-11.7882],[-77.1869,-11.7882],[-77.1867,-11.7883],[-77.1866,-11.7884],[-77.1864,-11.7884],[-77.1862,-11.7884],[-77.1861,-11.7884],[-77.186,-11.7884],[-77.1859,-11.7885],[-77.1858,-11.7886],[-77.1857,-11.7888],[-77.1855,-11.7889],[-77.1586,-11.7813],[-77.1524,-11.7872],[-77.1435,-11.7959],[-77.1406,-11.7989],[-77.1393,-11.8001],[-77.1393,-11.8002],[-77.1462,-11.8171],[-77.1471,-11.8193],[-77.1467,-11.8194],[-77.1464,-11.8196],[-77.146,-11.8198],[-77.1457,-11.8199],[-77.1453,-11.82],[-77.145,-11.8201],[-77.1447,-11.8203],[-77.1445,-11.8206],[-77.1444,-11.8208],[-77.144,-11.821],[-77.1437,-11.821],[-77.1433,-11.8211],[-77.1428,-11.821],[-77.1424,-11.8209],[-77.1419,-11.8207],[-77.1416,-11.8204],[-77.1413,-11.8202],[-77.1411,-11.8202],[-77.1408,-11.8201],[-77.1404,-11.82],[-77.1402,-11.8198],[-77.14,-11.8195],[-77.1398,-11.819],[-77.1396,-11.8186],[-77.1395,-11.8183],[-77.1395,-11.8182],[-77.1383,-11.8181],[-77.1379,-11.8181],[-77.137,-11.818],[-77.1352,-11.8178],[-77.1352,-11.8182],[-77.135,-11.8182],[-77.1348,-11.8183],[-77.1344,-11.8182],[-77.1343,-11.8183],[-77.1341,-11.8183],[-77.1339,-11.8186],[-77.1334,-11.8182],[-77.1332,-11.8185],[-77.1327,-11.8193],[-77.1325,-11.8189],[-77.1323,-11.8188],[-77.1321,-11.8184],[-77.1319,-11.8183],[-77.1319,-11.818],[-77.1317,-11.8179],[-77.1316,-11.818],[-77.1314,-11.818],[-77.1309,-11.8181],[-77.1308,-11.8184],[-77.13,-11.8185],[-77.1297,-11.8186],[-77.1295,-11.8187],[-77.1294,-11.8187],[-77.1291,-11.8187],[-77.1289,-11.8188],[-77.1288,-11.8189],[-77.1285,-11.8194],[-77.128,-11.8192],[-77.1273,-11.8188],[-77.1268,-11.8185],[-77.126,-11.8207],[-77.1254,-11.82],[-77.125,-11.8198],[-77.1249,-11.8198],[-77.1241,-11.8195],[-77.1238,-11.8194],[-77.1224,-11.8194],[-77.1209,-11.8197],[-77.1187,-11.8203],[-77.1159,-11.8206],[-77.1135,-11.8203],[-77.1115,-11.8195],[-77.1101,-11.8182],[-77.1089,-11.8157],[-77.1079,-11.8133],[-77.1073,-11.8126],[-77.1069,-11.8126],[-77.1056,-11.8124],[-77.1047,-11.8121],[-77.1033,-11.8116],[-77.1014,-11.8101],[-77.101,-11.8098],[-77.099,-11.8074],[-77.097,-11.8052],[-77.0958,-11.8045],[-77.0939,-11.8036],[-77.0922,-11.8036],[-77.0851,-11.8017],[-77.0823,-11.8009],[-77.0802,-11.7993],[-77.0784,-11.7982],[-77.0767,-11.7973],[-77.0749,-11.7964],[-77.0738,-11.7951],[-77.0735,-11.7938],[-77.0734,-11.7927],[-77.0727,-11.7919],[-77.0719,-11.7917],[-77.0714,-11.7915],[-77.0703,-11.7908],[-77.0689,-11.7903],[-77.0682,-11.7902],[-77.0679,-11.7902],[-77.066,-11.7896],[-77.0659,-11.7895],[-77.0647,-11.789],[-77.0643,-11.7887],[-77.0643,-11.7888],[-77.0641,-11.7887],[-77.0628,-11.7886],[-77.0619,-11.7883],[-77.0611,-11.7881],[-77.0601,-11.7874],[-77.0591,-11.7869],[-77.0581,-11.7865],[-77.057,-11.7858],[-77.0561,-11.7838],[-77.0555,-11.7824],[-77.0546,-11.7806],[-77.0542,-11.7792],[-77.0541,-11.7782],[-77.0538,-11.7758],[-77.0539,-11.7746],[-77.054,-11.7733],[-77.0545,-11.7719],[-77.0547,-11.7703],[-77.0545,-11.7691],[-77.054,-11.7677],[-77.0536,-11.7668],[-77.0531,-11.7651],[-77.0526,-11.7643],[-77.0519,-11.7636],[-77.0509,-11.7623],[-77.0497,-11.7612],[-77.046,-11.7591],[-77.045,-11.7584],[-77.044,-11.757],[-77.0435,-11.7552],[-77.0424,-11.7539],[-77.0409,-11.7533],[-77.0394,-11.7525],[-77.0382,-11.7508],[-77.0369,-11.7484],[-77.0351,-11.7452],[-77.035,-11.745],[-77.0334,-11.7423],[-77.0327,-11.7412],[-77.0325,-11.7408]]]}},{"type":"Feature","properties":{"ubigeo":"150103","nombre":"Ate"},"geometry":{"type":"Polygon","coordinates":[[[-76.7829,-12.0232],[-76.7829,-12.0213],[-76.7833,-12.0196],[-76.7838,-12.0182],[-76.7839,-12.015],[-76.7843,-12.0123],[-76.7843,-12.0112],[-76.7846,-12.0093],[-76.7854,-12.0072],[-76.7865,-12.0059],[-76.788,-12.0048],[-76.7893,-12.004],[-76.7905,-12.0035],[-76.7918,-12.0035],[-76.7939,-12.0031],[-76.7947,-12.0031],[-76.7958,-12.003],[-76.7974,-12.003],[-76.7987,-12.003],[-76.8008,-12.0014],[-76.802,-12.0002],[-76.8033,-11.9988],[-76.8034,-11.9988],[-76.8052,-11.9985],[-76.8066,-11.999],[-76.8087,-12.0001],[-76.8104,-12.0013],[-76.8118,-12.0022],[-76.8133,-12.0024],[-76.8147,-12.0021],[-76.8169,-12.0013],[-76.8191,-12.0012],[-76.8198,-12.0011],[-76.8208,-12.0009],[-76.8213,-12.0006],[-76.8219,-12],[-76.8227,-11.9993],[-76.8236,-11.9988],[-76.8261,-11.9978],[-76.8276,-11.9973],[-76.8278,-11.9972],[-76.8288,-11.9968],[-76.8313,-11.996],[-76.8316,-11.9958],[-76.8319,-11.9953],[-76.832,-11.9953],[-76.8324,-11.9952],[-76.8336,-11.9957],[-76.8347,-11.9963],[-76.8351,-11.9963],[-76.8353,-11.9959],[-76.8368,-11.9936],[-76.8372,-11.9926],[-76.8375,-11.9928],[-76.8377,-11.9929],[-76.8381,-11.9935],[-76.8384,-11.9938],[-76.8389,-11.9943],[-76.839,-11.9945],[-76.8393,-11.995],[-76.8396,-11.9955],[-76.8399,-11.9956],[-76.8403,-11.9957],[-76.8404,-11.9959],[-76.8406,-11.9961],[-76.8406,-11.9963],[-76.8407,-11.9966],[-76.8408,-11.9968],[-76.8409,-11.9971],[-76.8409,-11.9976],[-76.8409,-11.9978],[-76.841,-11.9983],[-76.8411,-11.9988],[-76.8412,-11.9993],[-76.8414,-11.9999],[-76.8416,-12.0005],[-76.842,-12.0011],[-76.8428,-12.0017],[-76.8436,-12.0023],[-76.8446,-12.003],[-76.846,-12.0037],[-76.8467,-12.0041],[-76.8473,-12.0043],[-76.8476,-12.0044],[-76.8481,-12.0045],[-76.8484,-12.0046],[-76.8487,-12.0047],[-76.8489,-12.0047],[-76.8491,-12.0047],[-76.8494,-12.0047],[-76.8497,-12.0047],[-76.8501,-12.0047],[-76.8504,-12.0047],[-76.8506,-12.0048],[-76.8509,-12.0049],[-76.8511,-12.005],[-76.8514,-12.005],[-76.8517,-12.0051],[-76.8519,-12.0052],[-76.8521,-12.0052],[-76.8525,-12.0053],[-76.8528,-12.0053],[-76.853,-12.0054],[-76.8533,-12.0055],[-76.8537,-12.0057],[-76.8541,-12.0058],[-76.8544,-12.0058],[-76.8546,-12.0059],[-76.8548,-12.0059],[-76.8569,-12.006],[-76.8571,-12.006],[-76.8574,-12.006],[-76.8577,-12.006],[-76.8579,-12.006],[-76.8581,-12.006],[-76.8584,-12.006],[-76.8586,-12.0061],[-76.859,-12.0061],[-76.8593,-12.0062],[-76.8595,-12.0062],[-76.8597,-12.0063],[-76.8599,-12.0064],[-76.86,-12.0064],[-76.8603,-12.0064],[-76.8605,-12.0063],[-76.8607,-12.0063],[-76.8609,-12.0063],[-76.8611,-12.0063],[-76.8613,-12.0063],[-76.8616,-12.0065],[-76.8627,-12.0065],[-76.8635,-12.0065],[-76.8642,-12.0066],[-76.8649,-12.0068],[-76.8658,-12.0069],[-76.8663,-12.0069],[-76.867,-12.007],[-76.8674,-12.0071],[-76.8677,-12.0071],[-76.8679,-12.0071],[-76.8681,-12.0071],[-76.8685,-12.0073],[-76.8689,-12.0074],[-76.8692,-12.0076],[-76.8697,-12.0078],[-76.87,-12.0079],[-76.8705,-12.008],[-76.871,-12.008],[-76.8712,-12.0081],[-76.8714,-12.0082],[-76.8716,-12.0083],[-76.8718,-12.0082],[-76.8721,-12.0082],[-76.8724,-12.0082],[-76.873,-12.0083],[-76.8732,-12.0084],[-76.8733,-12.0086],[-76.8734,-12.0087],[-76.8736,-12.0087],[-76.8737,-12.0086],[-76.8739,-12.0086],[-76.8743,-12.0086],[-76.8746,-12.0086],[-76.8749,-12.0086],[-76.8754,-12.0087],[-76.8757,-12.0087],[-76.8759,-12.0088],[-76.8764,-12.0088],[-76.8769,-12.0088],[-76.8774,-12.0087],[-76.8777,-12.0088],[-76.8781,-12.009],[-76.8784,-12.0092],[-76.8787,-12.0093],[-76.8793,-12.0094],[-76.8799,-12.0096],[-76.88,-12.0097],[-76.8802,-12.0098],[-76.8805,-12.0099],[-76.8809,-12.0099],[-76.8813,-12.01],[-76.8815,-12.0101],[-76.8816,-12.0101],[-76.8819,-12.0101],[-76.8821,-12.0101],[-76.8823,-12.0101],[-76.8826,-12.0102],[-76.8829,-12.0103],[-76.8834,-12.0105],[-76.884,-12.0107],[-76.8846,-12.0108],[-76.8849,-12.0108],[-76.8853,-12.0109],[-76.8859,-12.0109],[-76.8863,-12.0111],[-76.8866,-12.0112],[-76.8871,-12.0114],[-76.8876,-12.0116],[-76.888,-12.0117],[-76.8884,-12.0117],[-76.8888,-12.0119],[-76.8895,-12.0122],[-76.8897,-12.0122],[-76.8899,-12.0124],[-76.8902,-12.0125],[-76.8904,-12.0125],[-76.8907,-12.0125],[-76.8912,-12.0126],[-76.8918,-12.0127],[-76.892,-12.0127],[-76.8923,-12.0128],[-76.8927,-12.0128],[-76.8931,-12.0128],[-76.8935,-12.0128],[-76.8937,-12.0128],[-76.894,-12.0129],[-76.8944,-12.013],[-76.8951,-12.0131],[-76.8955,-12.0131],[-76.896,-12.0133],[-76.8964,-12.0134],[-76.8968,-12.0134],[-76.8974,-12.0135],[-76.8978,-12.0136],[-76.8982,-12.0137],[-76.8987,-12.0139],[-76.8993,-12.0141],[-76.8997,-12.0142],[-76.8999,-12.0143],[-76.9002,-12.0144],[-76.9003,-12.0145],[-76.9005,-12.0146],[-76.9007,-12.0146],[-76.9009,-12.0146],[-76.9011,-12.0148],[-76.9014,-12.015],[-76.9016,-12.0153],[-76.9021,-12.0155],[-76.9024,-12.0156],[-76.9026,-12.0158],[-76.9029,-12.0159],[-76.9031,-12.0159],[-76.9034,-12.0161],[-76.9038,-12.0163],[-76.9041,-12.0165],[-76.9045,-12.0167],[-76.9047,-12.0169],[-76.9049,-12.017],[-76.9053,-12.017],[-76.9056,-12.0171],[-76.9063,-12.0173],[-76.9067,-12.0175],[-76.9072,-12.0177],[-76.9078,-12.0179],[-76.9082,-12.0179],[-76.9085,-12.0178],[-76.9091,-12.0178],[-76.9095,-12.0181],[-76.91,-12.0182],[-76.9105,-12.0184],[-76.9111,-12.0186],[-76.912,-12.0189],[-76.9125,-12.0193],[-76.913,-12.0195],[-76.9138,-12.0199],[-76.9142,-12.0201],[-76.9144,-12.0203],[-76.915,-12.0204],[-76.9156,-12.0204],[-76.9166,-12.0206],[-76.9173,-12.0205],[-76.918,-12.0208],[-76.9189,-12.021],[-76.9195,-12.0211],[-76.9203,-12.0212],[-76.9213,-12.0212],[-76.9222,-12.0214],[-76.9233,-12.0216],[-76.9241,-12.0218],[-76.9249,-12.0219],[-76.9258,-12.0219],[-76.9272,-12.022],[-76.9289,-12.022],[-76.9304,-12.022],[-76.9315,-12.022],[-76.9327,-12.0218],[-76.9339,-12.0217],[-76.9346,-12.0217],[-76.9353,-12.0219],[-76.9357,-12.0218],[-76.936,-12.0216],[-76.9363,-12.0215],[-76.9367,-12.0214],[-76.9379,-12.0225],[-76.9389,-12.0225],[-76.9396,-12.0226],[-76.9411,-12.0226],[-76.9421,-12.0228],[-76.9434,-12.0228],[-76.9439,-12.023],[-76.9446,-12.0233],[-76.9449,-12.0233],[-76.9455,-12.0233],[-76.9457,-12.0234],[-76.9461,-12.0235],[-76.9466,-12.0238],[-76.9469,-12.024],[-76.9473,-12.0241],[-76.9475,-12.0241],[-76.948,-12.0241],[-76.9484,-12.0241],[-76.9492,-12.0243],[-76.9502,-12.0242],[-76.9511,-12.0243],[-76.9524,-12.0242],[-76.9532,-12.0242],[-76.9534,-12.0246],[-76.9538,-12.0253],[-76.9544,-12.0264],[-76.9547,-12.027],[-76.9552,-12.0279],[-76.9554,-12.0285],[-76.9552,-12.0293],[-76.9482,-12.0282],[-76.9458,-12.0278],[-76.944,-12.0275],[-76.9438,-12.0278],[-76.9437,-12.028],[-76.9435,-12.0281],[-76.9433,-12.0282],[-76.9428,-12.0283],[-76.9428,-12.0295],[-76.9425,-12.0307],[-76.9431,-12.0309],[-76.9429,-12.0324],[-76.94,-12.0386],[-76.9398,-12.0391],[-76.938,-12.0438],[-76.9523,-12.0495],[-76.956,-12.051],[-76.961,-12.0532],[-76.9676,-12.0561],[-76.9722,-12.058],[-76.9734,-12.0585],[-76.9758,-12.0596],[-76.9784,-12.0607],[-76.9801,-12.0618],[-76.9819,-12.0631],[-76.9819,-12.063],[-76.982,-12.0628],[-76.9823,-12.0626],[-76.9825,-12.0622],[-76.9825,-12.0618],[-76.9825,-12.0611],[-76.9825,-12.061],[-76.9824,-12.0606],[-76.9824,-12.0602],[-76.9826,-12.06],[-76.9829,-12.0599],[-76.9834,-12.0598],[-76.9847,-12.0597],[-76.9861,-12.0597],[-76.9871,-12.0596],[-76.9878,-12.0593],[-76.9889,-12.0587],[-76.9903,-12.0574],[-76.9914,-12.0567],[-76.9926,-12.0565],[-76.9935,-12.0566],[-76.994,-12.057],[-76.9941,-12.057],[-76.9944,-12.0575],[-76.9946,-12.0577],[-76.9948,-12.0579],[-76.9949,-12.0584],[-76.9951,-12.0587],[-76.9952,-12.0588],[-76.9953,-12.0589],[-76.9954,-12.059],[-76.9956,-12.059],[-76.9959,-12.0591],[-76.996,-12.0591],[-76.9962,-12.0592],[-76.9964,-12.0594],[-76.9966,-12.0596],[-76.9968,-12.0599],[-76.997,-12.0603],[-76.9973,-12.0609],[-76.9974,-12.0609],[-76.9977,-12.0609],[-76.9978,-12.0608],[-76.9981,-12.0637],[-76.9958,-12.0639],[-76.9902,-12.0644],[-76.9901,-12.0644],[-76.9898,-12.0644],[-76.9886,-12.0642],[-76.9876,-12.0641],[-76.987,-12.064],[-76.988,-12.0682],[-76.9888,-12.0714],[-76.9883,-12.0726],[-76.9876,-12.0735],[-76.9878,-12.0736],[-76.9879,-12.0737],[-76.9894,-12.0736],[-76.9907,-12.0738],[-76.9908,-12.074],[-76.991,-12.0742],[-76.991,-12.0745],[-76.991,-12.075],[-76.9908,-12.0754],[-76.9901,-12.0764],[-76.9873,-12.0799],[-76.9842,-12.0839],[-76.984,-12.0847],[-76.9839,-12.085],[-76.9827,-12.0848],[-76.9817,-12.0846],[-76.9814,-12.0841],[-76.9806,-12.0833],[-76.9797,-12.0826],[-76.9796,-12.0826],[-76.9784,-12.0815],[-76.9782,-12.0812],[-76.9775,-12.0803],[-76.9768,-12.079],[-76.9763,-12.0781],[-76.9754,-12.0765],[-76.9745,-12.0743],[-76.9732,-12.0714],[-76.9725,-12.0701],[-76.972,-12.0688],[-76.9719,-12.0684],[-76.9718,-12.0683],[-76.9717,-12.0675],[-76.9715,-12.0669],[-76.9712,-12.0669],[-76.9709,-12.067],[-76.9707,-12.0671],[-76.9704,-12.0671],[-76.9701,-12.067],[-76.9696,-12.0668],[-76.9681,-12.0656],[-76.9642,-12.0641],[-76.9609,-12.0627],[-76.9586,-12.0619],[-76.9539,-12.0614],[-76.9506,-12.0599],[-76.9443,-12.0567],[-76.9421,-12.0607],[-76.9412,-12.0622],[-76.9411,-12.0623],[-76.9401,-12.064],[-76.9394,-12.0649],[-76.9364,-12.0641],[-76.9362,-12.0641],[-76.936,-12.0642],[-76.9358,-12.0641],[-76.9358,-12.0642],[-76.9357,-12.0642],[-76.9355,-12.0642],[-76.9353,-12.0643],[-76.9352,-12.0643],[-76.9351,-12.0643],[-76.935,-12.0643],[-76.9348,-12.0642],[-76.9342,-12.0638],[-76.9334,-12.0635],[-76.9323,-12.0632],[-76.9309,-12.0633],[-76.9294,-12.064],[-76.9286,-12.0646],[-76.9275,-12.0653],[-76.9269,-12.0654],[-76.9266,-12.0655],[-76.9262,-12.0656],[-76.9252,-12.0653],[-76.9246,-12.0653],[-76.9243,-12.0653],[-76.9242,-12.0654],[-76.924,-12.0655],[-76.9231,-12.0658],[-76.9221,-12.0661],[-76.9215,-12.0661],[-76.9213,-12.066],[-76.9204,-12.0654],[-76.9192,-12.0638],[-76.9184,-12.0627],[-76.9175,-12.0615],[-76.9167,-12.0605],[-76.9147,-12.0599],[-76.9146,-12.0599],[-76.9137,-12.0595],[-76.9121,-12.0595],[-76.9099,-12.0594],[-76.9078,-12.0594],[-76.9059,-12.0594],[-76.9048,-12.0596],[-76.9034,-12.0599],[-76.9022,-12.0603],[-76.9012,-12.0604],[-76.8998,-12.06],[-76.8986,-12.0595],[-76.8964,-12.0589],[-76.8919,-12.0589],[-76.8891,-12.0594],[-76.8712,-12.0482],[-76.8519,-12.0377],[-76.8486,-12.0383],[-76.8451,-12.0388],[-76.8439,-12.039],[-76.842,-12.0395],[-76.8401,-12.0396],[-76.8359,-12.0401],[-76.8336,-12.041],[-76.832,-12.0424],[-76.8304,-12.0445],[-76.8282,-12.0462],[-76.8264,-12.0469],[-76.8247,-12.0475],[-76.8228,-12.0468],[-76.821,-12.0454],[-76.8193,-12.045],[-76.8173,-12.045],[-76.8159,-12.0441],[-76.8147,-12.0429],[-76.8131,-12.042],[-76.8118,-12.0416],[-76.8099,-12.0405],[-76.8073,-12.0391],[-76.8053,-12.0381],[-76.8032,-12.0364],[-76.8017,-12.0352],[-76.799,-12.0332],[-76.797,-12.0317],[-76.7952,-12.0302],[-76.7944,-12.0297],[-76.7924,-12.028],[-76.7903,-12.0272],[-76.7884,-12.0266],[-76.7866,-12.0261],[-76.7848,-12.025],[-76.7829,-12.0232]]]}},{"type":"Feature","properties":{"ubigeo":"150104","nombre":"Barranco"},"geometry":{"type":"Polygon","coordinates":[[[-77.018,-12.1312],[-77.0191,-12.1313],[-77.0195,-12.1306],[-77.0196,-12.1307],[-77.0212,-12.1333],[-77.0213,-12.1334],[-77.0217,-12.1341],[-77.0221,-12.1345],[-77.0225,-12.1347],[-77.0231,-12.1349],[-77.023,-12.1353],[-77.024,-12.1358],[-77.0242,-12.1359],[-77.0246,-12.136],[-77.0247,-12.136],[-77.0249,-12.136],[-77.025,-12.136],[-77.0251,-12.1361],[-77.0252,-12.1361],[-77.0253,-12.1361],[-77.0254,-12.1362],[-77.0255,-12.1362],[-77.0257,-12.1364],[-77.0258,-12.1365],[-77.0259,-12.1367],[-77.026,-12.1368],[-77.0266,-12.1378],[-77.0267,-12.138],[-77.0268,-12.1381],[-77.0271,-12.1385],[-77.0275,-12.1388],[-77.0276,-12.139],[-77.0278,-12.1391],[-77.0279,-12.1393],[-77.0279,-12.1394],[-77.0282,-12.1395],[-77.0283,-12.1396],[-77.0285,-12.1397],[-77.0294,-12.1401],[-77.0293,-12.1401],[-77.0292,-12.1402],[-77.0291,-12.1402],[-77.029,-12.1403],[-77.029,-12.1404],[-77.0289,-12.1405],[-77.0288,-12.1406],[-77.0288,-12.1407],[-77.0287,-12.1408],[-77.0287,-12.1409],[-77.0286,-12.141],[-77.0285,-12.1411],[-77.0285,-12.1412],[-77.0284,-12.1413],[-77.0284,-12.1414],[-77.0283,-12.1414],[-77.0283,-12.1415],[-77.0282,-12.1416],[-77.0281,-12.1417],[-77.0281,-12.1418],[-77.028,-12.1419],[-77.028,-12.142],[-77.0279,-12.1421],[-77.0278,-12.1421],[-77.0278,-12.1422],[-77.0278,-12.1423],[-77.0277,-12.1423],[-77.0276,-12.1424],[-77.0276,-12.1425],[-77.0276,-12.1426],[-77.0275,-12.1426],[-77.0275,-12.1427],[-77.0274,-12.1428],[-77.0273,-12.1428],[-77.0273,-12.1429],[-77.0272,-12.1429],[-77.0272,-12.143],[-77.0271,-12.143],[-77.0271,-12.1431],[-77.0271,-12.1432],[-77.027,-12.1432],[-77.0269,-12.1434],[-77.0269,-12.1435],[-77.0268,-12.1436],[-77.0267,-12.1437],[-77.0267,-12.1438],[-77.0266,-12.1438],[-77.0266,-12.1439],[-77.0265,-12.1439],[-77.0264,-12.144],[-77.0264,-12.1441],[-77.0263,-12.1442],[-77.0263,-12.1443],[-77.0263,-12.1444],[-77.0262,-12.1444],[-77.0261,-12.1446],[-77.026,-12.1447],[-77.026,-12.1448],[-77.026,-12.1449],[-77.026,-12.145],[-77.026,-12.1451],[-77.0261,-12.1452],[-77.0261,-12.1453],[-77.0261,-12.1454],[-77.0268,-12.1457],[-77.0268,-12.1458],[-77.0267,-12.1457],[-77.0266,-12.1458],[-77.0265,-12.1459],[-77.0264,-12.146],[-77.0263,-12.1461],[-77.0262,-12.1463],[-77.0261,-12.1464],[-77.0261,-12.1465],[-77.026,-12.1466],[-77.026,-12.1467],[-77.0259,-12.1468],[-77.0258,-12.1469],[-77.0258,-12.147],[-77.0257,-12.1471],[-77.0256,-12.1472],[-77.0256,-12.1473],[-77.0255,-12.1475],[-77.0255,-12.1476],[-77.0254,-12.1477],[-77.0253,-12.1479],[-77.0253,-12.148],[-77.0253,-12.1481],[-77.0252,-12.1482],[-77.0252,-12.1483],[-77.0252,-12.1484],[-77.0251,-12.1485],[-77.0251,-12.1487],[-77.025,-12.1491],[-77.025,-12.1492],[-77.025,-12.1493],[-77.0249,-12.1494],[-77.0249,-12.1496],[-77.0249,-12.1497],[-77.0249,-12.1498],[-77.0249,-12.1503],[-77.0249,-12.1504],[-77.0249,-12.1505],[-77.0248,-12.1505],[-77.0248,-12.1507],[-77.0248,-12.1508],[-77.0247,-12.1509],[-77.0247,-12.151],[-77.0247,-12.1511],[-77.0247,-12.1512],[-77.0248,-12.1513],[-77.0248,-12.1514],[-77.0248,-12.1515],[-77.0248,-12.1517],[-77.0248,-12.1518],[-77.025,-12.1518],[-77.0255,-12.1519],[-77.0255,-12.152],[-77.0253,-12.152],[-77.0252,-12.1521],[-77.0252,-12.1522],[-77.0251,-12.1523],[-77.0251,-12.1525],[-77.025,-12.1525],[-77.025,-12.1526],[-77.025,-12.1528],[-77.0249,-12.1529],[-77.0249,-12.153],[-77.0249,-12.1531],[-77.0249,-12.1532],[-77.0249,-12.1533],[-77.0249,-12.1535],[-77.0249,-12.1536],[-77.0249,-12.1537],[-77.0249,-12.1538],[-77.025,-12.1539],[-77.025,-12.154],[-77.025,-12.1541],[-77.025,-12.1542],[-77.025,-12.1543],[-77.0251,-12.1544],[-77.0251,-12.1545],[-77.0251,-12.1547],[-77.0251,-12.1548],[-77.0251,-12.1549],[-77.0251,-12.155],[-77.0252,-12.1551],[-77.0252,-12.1552],[-77.0253,-12.1554],[-77.0253,-12.1555],[-77.0256,-12.1556],[-77.0267,-12.1557],[-77.0267,-12.1558],[-77.0264,-12.1558],[-77.0264,-12.1559],[-77.0264,-12.1561],[-77.0264,-12.1562],[-77.0264,-12.1564],[-77.0264,-12.1565],[-77.0264,-12.1567],[-77.0263,-12.1569],[-77.0263,-12.157],[-77.0263,-12.1572],[-77.0263,-12.1573],[-77.025,-12.157],[-77.0243,-12.1568],[-77.0229,-12.1563],[-77.0199,-12.155],[-77.0195,-12.1548],[-77.0195,-12.1547],[-77.0195,-12.1544],[-77.0195,-12.1543],[-77.0195,-12.154],[-77.0193,-12.1539],[-77.0168,-12.1552],[-77.016,-12.1556],[-77.0158,-12.1551],[-77.0156,-12.1547],[-77.0164,-12.1541],[-77.0168,-12.1537],[-77.0172,-12.1534],[-77.0184,-12.1526],[-77.0174,-12.1505],[-77.017,-12.1497],[-77.016,-12.1474],[-77.0158,-12.1473],[-77.0158,-12.1472],[-77.0158,-12.1471],[-77.0152,-12.1471],[-77.0157,-12.1465],[-77.0139,-12.1441],[-77.0142,-12.1439],[-77.0141,-12.1437],[-77.0139,-12.1433],[-77.0138,-12.1431],[-77.0134,-12.1423],[-77.0126,-12.1406],[-77.0125,-12.1404],[-77.0138,-12.1392],[-77.0179,-12.1358],[-77.018,-12.1312]]]}},{"type":"Feature","properties":{"ubigeo":"150105","nombre":"Breña"},"geometry":{"type":"Polygon","coordinates":[[[-77.0457,-12.0653],[-77.0432,-12.0622],[-77.043,-12.062],[-77.0423,-12.0612],[-77.0415,-12.0602],[-77.0419,-12.0558],[-77.042,-12.0552],[-77.0421,-12.0535],[-77.0424,-12.0509],[-77.0448,-12.0508],[-77.0451,-12.0507],[-77.0461,-12.0506],[-77.0472,-12.0504],[-77.0503,-12.0497],[-77.0531,-12.0492],[-77.0537,-12.0491],[-77.0541,-12.0499],[-77.0554,-12.0525],[-77.0558,-12.0531],[-77.0567,-12.0545],[-77.0576,-12.0558],[-77.0579,-12.0571],[-77.0582,-12.0578],[-77.0584,-12.0588],[-77.0585,-12.0588],[-77.0585,-12.059],[-77.0586,-12.0597],[-77.0588,-12.0605],[-77.0589,-12.061],[-77.0592,-12.0618],[-77.0593,-12.0621],[-77.0596,-12.063],[-77.0612,-12.0675],[-77.0603,-12.0674],[-77.0542,-12.0665],[-77.0497,-12.0703],[-77.0483,-12.0686],[-77.0467,-12.0667],[-77.0457,-12.0653]]]}},{"type":"Feature","properties":{"ubigeo":"150106","nombre":"Carabayllo"},"geometry":{"type":"Polygon","coordinates":[[[-76.9423,-11.8609],[-76.942,-11.8591],[-76.9414,-11.8571],[-76.9402,-11.8556],[-76.9397,-11.8549],[-76.9386,-11.8534],[-76.938,-11.8525],[-76.9355,-11.848],[-76.9348,-11.8465],[-76.9342,-11.8447],[-76.9342,-11.841],[-76.9342,-11.8387],[-76.9343,-11.837],[-76.9353,-11.8352],[-76.9356,-11.8337],[-76.9349,-11.8332],[-76.9345,-11.833],[-76.9326,-11.8332],[-76.9305,-11.8336],[-76.9285,-11.8333],[-76.926,-11.8329],[-76.9241,-11.8321],[-76.922,-11.8314],[-76.9194,-11.8312],[-76.9175,-11.8314],[-76.9164,-11.8314],[-76.9151,-11.8306],[-76.9131,-11.829],[-76.9103,-11.8279],[-76.9083,-11.827],[-76.9058,-11.8256],[-76.9038,-11.8237],[-76.9037,-11.8235],[-76.9033,-11.8227],[-76.9042,-11.8208],[-76.9051,-11.8189],[-76.9059,-11.8168],[-76.9066,-11.8138],[-76.9066,-11.811],[-76.9069,-11.8082],[-76.9072,-11.805],[-76.9075,-11.8033],[-76.9075,-11.8016],[-76.9077,-11.7992],[-76.9074,-11.7977],[-76.9066,-11.7961],[-76.9058,-11.7954],[-76.9045,-11.7949],[-76.9029,-11.794],[-76.9006,-11.7934],[-76.8986,-11.7932],[-76.8965,-11.7932],[-76.8939,-11.7937],[-76.8909,-11.7942],[-76.89,-11.7943],[-76.8873,-11.7949],[-76.8847,-11.7955],[-76.8845,-11.7956],[-76.8831,-11.7953],[-76.8819,-11.7945],[-76.8801,-11.7944],[-76.8796,-11.7944],[-76.8775,-11.7946],[-76.8736,-11.7959],[-76.8706,-11.7967],[-76.8666,-11.7975],[-76.8663,-11.7975],[-76.8638,-11.7984],[-76.8615,-11.7989],[-76.8587,-11.7988],[-76.8564,-11.7993],[-76.8542,-11.7992],[-76.8512,-11.7981],[-76.8502,-11.7971],[-76.8498,-11.7966],[-76.849,-11.7955],[-76.8471,-11.7929],[-76.8452,-11.7899],[-76.8452,-11.7898],[-76.8443,-11.7873],[-76.8433,-11.7857],[-76.8414,-11.7843],[-76.839,-11.7828],[-76.8388,-11.7827],[-76.8371,-11.7809],[-76.8365,-11.7804],[-76.8346,-11.7788],[-76.8325,-11.7783],[-76.8299,-11.778],[-76.828,-11.7777],[-76.8255,-11.7773],[-76.8219,-11.7742],[-76.819,-11.771],[-76.817,-11.7691],[-76.8156,-11.7682],[-76.814,-11.7659],[-76.8134,-11.7645],[-76.812,-11.7633],[-76.8068,-11.7579],[-76.8049,-11.7559],[-76.8052,-11.7555],[-76.8055,-11.7552],[-76.8057,-11.7548],[-76.8061,-11.7543],[-76.8062,-11.7542],[-76.8064,-11.7539],[-76.8066,-11.7535],[-76.8069,-11.7532],[-76.8071,-11.7529],[-76.8073,-11.7527],[-76.8076,-11.7527],[-76.8081,-11.7527],[-76.8086,-11.7527],[-76.8094,-11.7525],[-76.8101,-11.752],[-76.8105,-11.7515],[-76.8112,-11.7509],[-76.8115,-11.7505],[-76.812,-11.7503],[-76.8124,-11.7502],[-76.8132,-11.7501],[-76.8138,-11.7498],[-76.8146,-11.7495],[-76.8154,-11.7492],[-76.816,-11.7491],[-76.8164,-11.7488],[-76.817,-11.7484],[-76.8175,-11.7481],[-76.8176,-11.7481],[-76.8183,-11.7478],[-76.8192,-11.7477],[-76.8198,-11.7476],[-76.8206,-11.7476],[-76.8213,-11.7476],[-76.8216,-11.7475],[-76.8222,-11.7473],[-76.8227,-11.7473],[-76.8232,-11.7472],[-76.8236,-11.747],[-76.824,-11.7469],[-76.8245,-11.7469],[-76.8251,-11.747],[-76.8256,-11.7471],[-76.8261,-11.7474],[-76.8268,-11.7476],[-76.8273,-11.7477],[-76.8278,-11.7475],[-76.8282,-11.7473],[-76.8285,-11.747],[-76.8289,-11.7465],[-76.8293,-11.7462],[-76.8298,-11.7459],[-76.8305,-11.7456],[-76.8311,-11.7453],[-76.8318,-11.7449],[-76.8324,-11.7446],[-76.8329,-11.7442],[-76.8334,-11.744],[-76.8338,-11.7438],[-76.8342,-11.7439],[-76.8347,-11.7442],[-76.8352,-11.7446],[-76.8353,-11.7448],[-76.8357,-11.7453],[-76.8363,-11.7459],[-76.8369,-11.7462],[-76.8373,-11.7462],[-76.8378,-11.7462],[-76.8382,-11.7463],[-76.8386,-11.7465],[-76.839,-11.7468],[-76.8393,-11.7472],[-76.8398,-11.7474],[-76.8404,-11.7472],[-76.8407,-11.747],[-76.8415,-11.7469],[-76.8425,-11.7469],[-76.8432,-11.7468],[-76.844,-11.7468],[-76.8447,-11.7466],[-76.8454,-11.7462],[-76.846,-11.7459],[-76.8468,-11.7459],[-76.8475,-11.746],[-76.8484,-11.7462],[-76.8491,-11.7466],[-76.8499,-11.7471],[-76.8508,-11.7475],[-76.8514,-11.748],[-76.8519,-11.7484],[-76.8527,-11.7487],[-76.8536,-11.7488],[-76.8546,-11.7488],[-76.8551,-11.7488],[-76.8559,-11.7485],[-76.8564,-11.7482],[-76.8564,-11.7481],[-76.857,-11.7478],[-76.8577,-11.7477],[-76.8582,-11.7477],[-76.8588,-11.7479],[-76.8593,-11.7483],[-76.8599,-11.7486],[-76.8606,-11.7486],[-76.8614,-11.7484],[-76.862,-11.7484],[-76.8633,-11.7483],[-76.8643,-11.7482],[-76.8652,-11.748],[-76.8662,-11.7479],[-76.8677,-11.7475],[-76.8682,-11.7472],[-76.8687,-11.7468],[-76.8691,-11.7463],[-76.8692,-11.7459],[-76.8693,-11.7453],[-76.8696,-11.7447],[-76.8698,-11.7443],[-76.8705,-11.7439],[-76.8711,-11.7437],[-76.8719,-11.7436],[-76.8728,-11.7437],[-76.8735,-11.7437],[-76.8742,-11.7438],[-76.8749,-11.7437],[-76.8754,-11.7436],[-76.8759,-11.7431],[-76.8763,-11.7426],[-76.8768,-11.7419],[-76.8771,-11.7414],[-76.8773,-11.741],[-76.8774,-11.7404],[-76.8776,-11.7401],[-76.8776,-11.7399],[-76.878,-11.7393],[-76.8782,-11.7388],[-76.8784,-11.7383],[-76.8786,-11.738],[-76.8792,-11.7375],[-76.8794,-11.7371],[-76.8796,-11.7363],[-76.8795,-11.7358],[-76.8794,-11.7353],[-76.8797,-11.7347],[-76.8799,-11.7344],[-76.8801,-11.7339],[-76.8804,-11.7332],[-76.8806,-11.7328],[-76.8806,-11.7325],[-76.8808,-11.7322],[-76.8811,-11.7322],[-76.8816,-11.7324],[-76.8819,-11.7326],[-76.8822,-11.7327],[-76.8829,-11.7329],[-76.8832,-11.7334],[-76.884,-11.7341],[-76.8845,-11.7344],[-76.885,-11.7348],[-76.8854,-11.7351],[-76.886,-11.7351],[-76.8867,-11.735],[-76.8871,-11.7345],[-76.8874,-11.7341],[-76.888,-11.7339],[-76.8886,-11.7338],[-76.8893,-11.7335],[-76.8897,-11.7334],[-76.8902,-11.7328],[-76.8907,-11.7325],[-76.8911,-11.7322],[-76.8916,-11.7319],[-76.8923,-11.7318],[-76.8926,-11.7317],[-76.8928,-11.7317],[-76.893,-11.7315],[-76.8931,-11.7312],[-76.8934,-11.7306],[-76.8936,-11.7304],[-76.894,-11.7302],[-76.8948,-11.73],[-76.8952,-11.7298],[-76.8957,-11.7298],[-76.8962,-11.7298],[-76.8967,-11.7299],[-76.8973,-11.7302],[-76.8979,-11.7304],[-76.8986,-11.7302],[-76.8992,-11.73],[-76.8999,-11.7298],[-76.9006,-11.7294],[-76.9007,-11.7294],[-76.9013,-11.7291],[-76.9021,-11.7289],[-76.9027,-11.7288],[-76.9032,-11.7289],[-76.9036,-11.7292],[-76.9037,-11.7295],[-76.9042,-11.7298],[-76.9046,-11.7299],[-76.9049,-11.73],[-76.9054,-11.7299],[-76.9058,-11.7298],[-76.9062,-11.7297],[-76.9065,-11.7298],[-76.9068,-11.7299],[-76.9076,-11.7304],[-76.908,-11.7307],[-76.9091,-11.731],[-76.9097,-11.7311],[-76.9111,-11.7312],[-76.9119,-11.7314],[-76.9131,-11.7317],[-76.9138,-11.7319],[-76.9145,-11.7322],[-76.9148,-11.733],[-76.9149,-11.7333],[-76.9149,-11.7341],[-76.9148,-11.735],[-76.9149,-11.7357],[-76.915,-11.7363],[-76.9152,-11.7373],[-76.9151,-11.7382],[-76.915,-11.7388],[-76.9148,-11.7393],[-76.9146,-11.7397],[-76.9144,-11.7402],[-76.9144,-11.7405],[-76.9145,-11.7409],[-76.9146,-11.7412],[-76.9151,-11.7416],[-76.9153,-11.7418],[-76.9155,-11.7423],[-76.9155,-11.7428],[-76.9155,-11.7433],[-76.9153,-11.7437],[-76.9154,-11.7444],[-76.9154,-11.7448],[-76.9156,-11.7452],[-76.9159,-11.7453],[-76.9162,-11.7453],[-76.9167,-11.7454],[-76.9169,-11.7455],[-76.9172,-11.7459],[-76.9173,-11.7462],[-76.9176,-11.7465],[-76.9183,-11.7468],[-76.919,-11.7473],[-76.9192,-11.7478],[-76.9194,-11.7483],[-76.9198,-11.7488],[-76.9204,-11.7494],[-76.9208,-11.7497],[-76.9213,-11.7501],[-76.9217,-11.7504],[-76.9223,-11.7507],[-76.9228,-11.751],[-76.9232,-11.7514],[-76.9236,-11.7517],[-76.9239,-11.7519],[-76.9244,-11.7521],[-76.9249,-11.7523],[-76.9254,-11.7524],[-76.9261,-11.7525],[-76.9268,-11.7525],[-76.9272,-11.7526],[-76.9278,-11.7527],[-76.9279,-11.7527],[-76.9285,-11.7529],[-76.9291,-11.7532],[-76.9296,-11.7535],[-76.9302,-11.7539],[-76.9306,-11.7541],[-76.9312,-11.7544],[-76.9317,-11.7546],[-76.9322,-11.7548],[-76.9324,-11.7551],[-76.9327,-11.7556],[-76.9329,-11.7559],[-76.9333,-11.7564],[-76.9336,-11.7562],[-76.9338,-11.756],[-76.934,-11.7557],[-76.9343,-11.7555],[-76.9348,-11.7549],[-76.9353,-11.7544],[-76.9359,-11.7536],[-76.9363,-11.7531],[-76.9365,-11.7527],[-76.9372,-11.7522],[-76.938,-11.7517],[-76.9387,-11.7514],[-76.9398,-11.751],[-76.9405,-11.7506],[-76.9412,-11.7505],[-76.942,-11.7503],[-76.9427,-11.7503],[-76.943,-11.7504],[-76.9438,-11.7506],[-76.9447,-11.7507],[-76.9452,-11.7507],[-76.9456,-11.7507],[-76.9462,-11.7503],[-76.9465,-11.75],[-76.9469,-11.7495],[-76.9471,-11.7491],[-76.9475,-11.7486],[-76.948,-11.748],[-76.9487,-11.7476],[-76.9492,-11.7475],[-76.95,-11.7476],[-76.9507,-11.7474],[-76.951,-11.7471],[-76.9512,-11.7467],[-76.9513,-11.7464],[-76.9515,-11.746],[-76.9517,-11.7454],[-76.952,-11.7449],[-76.9524,-11.7444],[-76.9526,-11.7442],[-76.9528,-11.7439],[-76.9531,-11.7436],[-76.9531,-11.7433],[-76.9532,-11.7428],[-76.9533,-11.7425],[-76.9535,-11.7422],[-76.9537,-11.7419],[-76.9542,-11.7414],[-76.9542,-11.7412],[-76.9543,-11.7411],[-76.9545,-11.7407],[-76.9546,-11.7404],[-76.9547,-11.7399],[-76.9548,-11.7396],[-76.9548,-11.7391],[-76.9547,-11.739],[-76.9548,-11.7382],[-76.9549,-11.7376],[-76.9551,-11.7369],[-76.9554,-11.7365],[-76.9558,-11.7361],[-76.9563,-11.7359],[-76.9564,-11.7359],[-76.9569,-11.7359],[-76.957,-11.7359],[-76.9574,-11.736],[-76.9578,-11.7361],[-76.958,-11.736],[-76.9581,-11.736],[-76.9582,-11.736],[-76.9585,-11.7359],[-76.9588,-11.7357],[-76.9592,-11.7355],[-76.9596,-11.735],[-76.9598,-11.7347],[-76.9598,-11.7346],[-76.96,-11.7344],[-76.9603,-11.7342],[-76.9607,-11.7341],[-76.9613,-11.7341],[-76.9616,-11.734],[-76.9617,-11.734],[-76.9622,-11.7341],[-76.9626,-11.7342],[-76.9633,-11.7344],[-76.9636,-11.7345],[-76.9644,-11.7345],[-76.965,-11.7345],[-76.9656,-11.7345],[-76.9663,-11.7346],[-76.9668,-11.7346],[-76.9673,-11.7349],[-76.9681,-11.7352],[-76.9687,-11.7355],[-76.9692,-11.7357],[-76.9701,-11.7361],[-76.9718,-11.7361],[-76.9736,-11.7361],[-76.9737,-11.7363],[-76.9738,-11.7364],[-76.9739,-11.7367],[-76.974,-11.7373],[-76.974,-11.7374],[-76.9741,-11.7379],[-76.9741,-11.7384],[-76.9742,-11.7389],[-76.9742,-11.7392],[-76.9741,-11.7395],[-76.9741,-11.7399],[-76.9741,-11.7405],[-76.9742,-11.741],[-76.9744,-11.7413],[-76.9744,-11.7415],[-76.9745,-11.7419],[-76.9744,-11.7423],[-76.9743,-11.7426],[-76.9742,-11.7431],[-76.974,-11.7435],[-76.974,-11.7441],[-76.9739,-11.7453],[-76.974,-11.7457],[-76.974,-11.7461],[-76.9737,-11.7474],[-76.9737,-11.748],[-76.9766,-11.7478],[-76.9772,-11.7474],[-76.9778,-11.7471],[-76.9782,-11.7468],[-76.9788,-11.7466],[-76.9793,-11.7465],[-76.9803,-11.7463],[-76.9809,-11.7461],[-76.9817,-11.7459],[-76.9824,-11.7459],[-76.983,-11.746],[-76.9837,-11.7461],[-76.9845,-11.7461],[-76.9853,-11.7463],[-76.9855,-11.7465],[-76.986,-11.747],[-76.9867,-11.7475],[-76.9878,-11.7481],[-76.9887,-11.7488],[-76.9897,-11.7491],[-76.9904,-11.7493],[-76.991,-11.7497],[-76.9915,-11.75],[-76.992,-11.7502],[-76.9924,-11.7505],[-76.9926,-11.7508],[-76.9929,-11.7511],[-76.9935,-11.7513],[-76.9941,-11.7513],[-76.9946,-11.7513],[-76.995,-11.7515],[-76.9952,-11.7517],[-76.9957,-11.752],[-76.9962,-11.7523],[-76.9968,-11.7524],[-76.9974,-11.7522],[-76.9981,-11.7519],[-76.9986,-11.7516],[-76.999,-11.7515],[-76.9995,-11.7514],[-76.9999,-11.7514],[-77.0005,-11.7515],[-77.001,-11.7515],[-77.0015,-11.7516],[-77.002,-11.7516],[-77.0025,-11.7513],[-77.003,-11.7509],[-77.0044,-11.7504],[-77.0047,-11.7503],[-77.0055,-11.7503],[-77.006,-11.7504],[-77.0069,-11.7507],[-77.0071,-11.7508],[-77.0076,-11.751],[-77.0082,-11.7511],[-77.0096,-11.7512],[-77.0102,-11.7512],[-77.011,-11.7511],[-77.012,-11.7507],[-77.0131,-11.7503],[-77.0138,-11.75],[-77.0143,-11.75],[-77.015,-11.75],[-77.0158,-11.7498],[-77.0167,-11.7496],[-77.0168,-11.7495],[-77.0171,-11.7494],[-77.0174,-11.7491],[-77.0183,-11.7487],[-77.0189,-11.7484],[-77.0194,-11.7479],[-77.0203,-11.7475],[-77.021,-11.7471],[-77.0216,-11.7464],[-77.0221,-11.746],[-77.0223,-11.7458],[-77.0224,-11.7455],[-77.0227,-11.7451],[-77.0232,-11.7446],[-77.0235,-11.7443],[-77.0238,-11.7437],[-77.0242,-11.743],[-77.0247,-11.7427],[-77.0252,-11.7426],[-77.0257,-11.7426],[-77.0263,-11.7425],[-77.0268,-11.7424],[-77.0271,-11.7423],[-77.0272,-11.7421],[-77.0274,-11.7418],[-77.0278,-11.7414],[-77.0283,-11.7413],[-77.0288,-11.7412],[-77.0298,-11.7409],[-77.0305,-11.7407],[-77.0308,-11.7407],[-77.0314,-11.7407],[-77.0315,-11.7407],[-77.032,-11.7408],[-77.0325,-11.7408],[-77.0327,-11.7412],[-77.0334,-11.7423],[-77.035,-11.745],[-77.0351,-11.7452],[-77.0369,-11.7484],[-77.0382,-11.7508],[-77.0394,-11.7525],[-77.0409,-11.7533],[-77.0424,-11.7539],[-77.0435,-11.7552],[-77.044,-11.757],[-77.045,-11.7584],[-77.046,-11.7591],[-77.0497,-11.7612],[-77.0509,-11.7623],[-77.0519,-11.7636],[-77.0526,-11.7643],[-77.0531,-11.7651],[-77.0536,-11.7668],[-77.054,-11.7677],[-77.0545,-11.7691],[-77.0547,-11.7703],[-77.0545,-11.7719],[-77.054,-11.7733],[-77.0539,-11.7746],[-77.0538,-11.7758],[-77.0541,-11.7782],[-77.0542,-11.7792],[-77.0546,-11.7806],[-77.0555,-11.7824],[-77.0561,-11.7838],[-77.057,-11.7858],[-77.0581,-11.7865],[-77.0591,-11.7869],[-77.0601,-11.7874],[-77.0611,-11.7881],[-77.0619,-11.7883],[-77.0628,-11.7886],[-77.0641,-11.7887],[-77.0643,-11.7888],[-77.0643,-11.7887],[-77.0647,-11.789],[-77.0659,-11.7895],[-77.066,-11.7896],[-77.0679,-11.7902],[-77.0682,-11.7902],[-77.0689,-11.7903],[-77.0703,-11.7908],[-77.0714,-11.7915],[-77.0719,-11.7917],[-77.0727,-11.7919],[-77.0734,-11.7927],[-77.0735,-11.7938],[-77.0738,-11.7951],[-77.0749,-11.7964],[-77.0767,-11.7973],[-77.0784,-11.7982],[-77.0802,-11.7993],[-77.0823,-11.8009],[-77.0851,-11.8017],[-77.0922,-11.8036],[-77.0931,-11.8069],[-77.0931,-11.8087],[-77.092,-11.8115],[-77.092,-11.8116],[-77.0919,-11.812],[-77.0899,-11.8155],[-77.0898,-11.8165],[-77.0902,-11.818],[-77.0906,-11.8187],[-77.0908,-11.8197],[-77.0907,-11.8219],[-77.0908,-11.8231],[-77.0888,-11.8245],[-77.088,-11.8251],[-77.0876,-11.8267],[-77.0878,-11.8273],[-77.0886,-11.8285],[-77.0894,-11.8302],[-77.0884,-11.8328],[-77.0875,-11.8348],[-77.0869,-11.8352],[-77.0864,-11.8357],[-77.0863,-11.8359],[-77.0859,-11.8367],[-77.0858,-11.8382],[-77.0859,-11.8387],[-77.0858,-11.8395],[-77.0853,-11.8409],[-77.0842,-11.841],[-77.0831,-11.8407],[-77.0805,-11.8422],[-77.0775,-11.8448],[-77.0755,-11.8472],[-77.0746,-11.8474],[-77.0725,-11.8485],[-77.0699,-11.8495],[-77.068,-11.8503],[-77.0675,-11.8505],[-77.065,-11.8515],[-77.0627,-11.8518],[-77.0622,-11.8548],[-77.06,-11.8571],[-77.0588,-11.8576],[-77.0599,-11.8591],[-77.0586,-11.8599],[-77.0586,-11.8623],[-77.0582,-11.8629],[-77.0582,-11.8652],[-77.0583,-11.8665],[-77.0587,-11.868],[-77.0589,-11.8687],[-77.059,-11.8693],[-77.0587,-11.8699],[-77.0583,-11.8703],[-77.0577,-11.8705],[-77.0573,-11.8701],[-77.0571,-11.8704],[-77.0569,-11.8707],[-77.057,-11.8717],[-77.0567,-11.8729],[-77.0561,-11.8737],[-77.0552,-11.8751],[-77.0552,-11.8768],[-77.0554,-11.8792],[-77.0552,-11.8826],[-77.0556,-11.8854],[-77.0554,-11.886],[-77.0541,-11.8886],[-77.0541,-11.8898],[-77.0537,-11.8889],[-77.0533,-11.8884],[-77.0525,-11.8879],[-77.0521,-11.8877],[-77.0517,-11.8876],[-77.0509,-11.8878],[-77.0489,-11.8907],[-77.0481,-11.8918],[-77.0473,-11.8928],[-77.0467,-11.8936],[-77.0467,-11.894],[-77.0471,-11.8948],[-77.0476,-11.8956],[-77.0479,-11.8963],[-77.0479,-11.8966],[-77.0464,-11.8974],[-77.0455,-11.8979],[-77.0452,-11.8973],[-77.045,-11.8972],[-77.0446,-11.8972],[-77.0445,-11.8971],[-77.0443,-11.8968],[-77.0435,-11.8972],[-77.0433,-11.8968],[-77.0431,-11.8958],[-77.043,-11.8955],[-77.0429,-11.8954],[-77.0428,-11.8952],[-77.0426,-11.895],[-77.0421,-11.8945],[-77.0407,-11.8954],[-77.0393,-11.8979],[-77.0388,-11.8982],[-77.0387,-11.8983],[-77.0386,-11.8985],[-77.0387,-11.8989],[-77.0387,-11.8991],[-77.0387,-11.8992],[-77.0386,-11.8993],[-77.0384,-11.8995],[-77.0383,-11.8996],[-77.0383,-11.8997],[-77.0383,-11.8998],[-77.0381,-11.9001],[-77.0367,-11.9022],[-77.0366,-11.9023],[-77.0341,-11.9062],[-77.0333,-11.9074],[-77.0334,-11.9074],[-77.0331,-11.9079],[-77.0326,-11.9076],[-77.0324,-11.9074],[-77.0323,-11.9073],[-77.0321,-11.9074],[-77.0319,-11.9074],[-77.0316,-11.9076],[-77.0315,-11.9076],[-77.0314,-11.9077],[-77.0315,-11.9078],[-77.0316,-11.9078],[-77.0319,-11.908],[-77.0319,-11.9081],[-77.0319,-11.9082],[-77.0317,-11.9083],[-77.0315,-11.9084],[-77.0314,-11.9085],[-77.0312,-11.9086],[-77.0312,-11.9087],[-77.0311,-11.9088],[-77.0309,-11.9089],[-77.0309,-11.909],[-77.031,-11.9092],[-77.031,-11.9095],[-77.0309,-11.9098],[-77.0308,-11.9101],[-77.0297,-11.9101],[-77.029,-11.91],[-77.0284,-11.9097],[-77.0279,-11.9095],[-77.0273,-11.9094],[-77.0264,-11.9094],[-77.0255,-11.9093],[-77.0244,-11.9088],[-77.0236,-11.9082],[-77.0228,-11.9077],[-77.0222,-11.9071],[-77.0219,-11.9068],[-77.0212,-11.906],[-77.0197,-11.9051],[-77.0187,-11.9048],[-77.0171,-11.9045],[-77.0161,-11.9041],[-77.0148,-11.9035],[-77.0143,-11.9032],[-77.0133,-11.9034],[-77.0121,-11.9038],[-77.0109,-11.9039],[-77.009,-11.9039],[-77.0071,-11.9039],[-77.0059,-11.9039],[-77.0047,-11.9035],[-77.003,-11.9021],[-77.0019,-11.9011],[-77.0014,-11.9007],[-77.0003,-11.8999],[-76.9997,-11.8998],[-76.9983,-11.8997],[-76.9978,-11.8997],[-76.997,-11.8996],[-76.9961,-11.8995],[-76.9953,-11.8998],[-76.9952,-11.8999],[-76.9942,-11.9003],[-76.9929,-11.9007],[-76.9922,-11.9007],[-76.9905,-11.9001],[-76.9899,-11.8994],[-76.988,-11.8971],[-76.9864,-11.8959],[-76.9859,-11.8954],[-76.984,-11.8944],[-76.982,-11.8931],[-76.9793,-11.8923],[-76.9766,-11.8913],[-76.9746,-11.8896],[-76.9732,-11.8876],[-76.9717,-11.8856],[-76.9705,-11.8842],[-76.9698,-11.8832],[-76.9685,-11.8809],[-76.9674,-11.879],[-76.9662,-11.8776],[-76.9655,-11.8768],[-76.9644,-11.8755],[-76.9632,-11.874],[-76.9621,-11.8729],[-76.9606,-11.8718],[-76.959,-11.8711],[-76.9573,-11.8705],[-76.9572,-11.8704],[-76.9564,-11.8701],[-76.9553,-11.8682],[-76.9539,-11.8667],[-76.9527,-11.8655],[-76.9501,-11.864],[-76.9483,-11.8628],[-76.9474,-11.8621],[-76.946,-11.8619],[-76.9435,-11.8615],[-76.9423,-11.8609]]]}},{"type":"Feature","properties":{"ubigeo":"150107","nombre":"Chaclacayo"},"geometry":{"type":"Polygon","coordinates":[[[-76.7148,-11.9924],[-76.7152,-11.99],[-76.7168,-11.9882],[-76.7193,-11.9865],[-76.7206,-11.9851],[-76.7212,-11.9837],[-76.7223,-11.9798],[-76.7233,-11.977],[-76.7231,-11.9742],[-76.7238,-11.9723],[-76.7251,-11.9699],[-76.7263,-11.9684],[-76.7281,-11.9661],[-76.7292,-11.9643],[-76.7302,-11.963],[-76.7307,-11.9622],[-76.7309,-11.9619],[-76.7312,-11.9616],[-76.7322,-11.9616],[-76.733,-11.9617],[-76.7332,-11.9618],[-76.734,-11.9619],[-76.7342,-11.962],[-76.7354,-11.9623],[-76.7363,-11.9626],[-76.7371,-11.9633],[-76.7385,-11.9643],[-76.7391,-11.9646],[-76.7396,-11.9648],[-76.7406,-11.9648],[-76.7409,-11.9648],[-76.7411,-11.9648],[-76.7413,-11.9649],[-76.7414,-11.9651],[-76.7415,-11.9652],[-76.7417,-11.9653],[-76.7419,-11.9654],[-76.7422,-11.9655],[-76.7426,-11.9656],[-76.7429,-11.9657],[-76.7432,-11.9658],[-76.7433,-11.9659],[-76.7435,-11.9663],[-76.7437,-11.9667],[-76.744,-11.9671],[-76.7447,-11.9675],[-76.745,-11.9675],[-76.7455,-11.9677],[-76.7461,-11.9677],[-76.7465,-11.9677],[-76.7469,-11.9677],[-76.7472,-11.9677],[-76.7474,-11.9677],[-76.7477,-11.9677],[-76.7479,-11.9677],[-76.748,-11.9676],[-76.7482,-11.9677],[-76.7484,-11.9677],[-76.7485,-11.9677],[-76.7486,-11.9678],[-76.7488,-11.9679],[-76.749,-11.9681],[-76.7493,-11.9683],[-76.7495,-11.9685],[-76.7498,-11.9686],[-76.75,-11.9687],[-76.7503,-11.9687],[-76.7504,-11.9687],[-76.7506,-11.9687],[-76.7507,-11.9687],[-76.751,-11.9687],[-76.7512,-11.9688],[-76.7514,-11.9689],[-76.7516,-11.969],[-76.7518,-11.9691],[-76.7519,-11.9692],[-76.7521,-11.9693],[-76.7524,-11.9695],[-76.7526,-11.9696],[-76.7531,-11.9699],[-76.7534,-11.97],[-76.7538,-11.97],[-76.7542,-11.9702],[-76.7546,-11.9705],[-76.7552,-11.9707],[-76.7556,-11.9708],[-76.756,-11.9709],[-76.7562,-11.9709],[-76.7567,-11.9711],[-76.757,-11.9711],[-76.7573,-11.9712],[-76.7577,-11.9713],[-76.7581,-11.9713],[-76.7584,-11.9714],[-76.7587,-11.9714],[-76.7591,-11.9713],[-76.7593,-11.9713],[-76.7594,-11.9713],[-76.7596,-11.9713],[-76.7598,-11.9713],[-76.7601,-11.9711],[-76.7605,-11.971],[-76.7607,-11.9709],[-76.7608,-11.9709],[-76.7609,-11.9708],[-76.7612,-11.9706],[-76.7614,-11.9706],[-76.7617,-11.9706],[-76.762,-11.9707],[-76.7622,-11.9708],[-76.7624,-11.971],[-76.7626,-11.9712],[-76.7629,-11.9712],[-76.7631,-11.9713],[-76.7633,-11.9714],[-76.7636,-11.9716],[-76.7638,-11.9717],[-76.7642,-11.9719],[-76.7646,-11.9722],[-76.765,-11.9724],[-76.7653,-11.9726],[-76.7657,-11.9727],[-76.7661,-11.9726],[-76.7664,-11.9726],[-76.7668,-11.9726],[-76.7671,-11.9726],[-76.7673,-11.9726],[-76.7675,-11.9727],[-76.7678,-11.9727],[-76.7681,-11.9729],[-76.7686,-11.9731],[-76.7689,-11.9733],[-76.7692,-11.9735],[-76.7693,-11.9737],[-76.7696,-11.9737],[-76.7699,-11.974],[-76.7703,-11.9741],[-76.7705,-11.9742],[-76.7709,-11.9743],[-76.7713,-11.9743],[-76.7719,-11.9744],[-76.7722,-11.9744],[-76.7725,-11.9744],[-76.773,-11.9743],[-76.7733,-11.9743],[-76.7736,-11.9743],[-76.7739,-11.9743],[-76.7743,-11.9744],[-76.7747,-11.9744],[-76.7749,-11.9746],[-76.7752,-11.9748],[-76.7756,-11.9751],[-76.7759,-11.9751],[-76.7762,-11.9751],[-76.7764,-11.9751],[-76.7766,-11.9751],[-76.7769,-11.9751],[-76.7772,-11.9752],[-76.7775,-11.9752],[-76.7779,-11.9751],[-76.7786,-11.9752],[-76.7788,-11.9751],[-76.7793,-11.9751],[-76.7797,-11.9751],[-76.78,-11.9751],[-76.7804,-11.9752],[-76.7811,-11.9755],[-76.7816,-11.9757],[-76.7821,-11.976],[-76.7825,-11.9762],[-76.7827,-11.9765],[-76.7831,-11.9767],[-76.7837,-11.9769],[-76.7843,-11.9772],[-76.7852,-11.9775],[-76.7864,-11.9776],[-76.787,-11.9777],[-76.7879,-11.978],[-76.7886,-11.978],[-76.7891,-11.978],[-76.7907,-11.9782],[-76.7917,-11.9785],[-76.7925,-11.9788],[-76.7929,-11.9788],[-76.7933,-11.9787],[-76.7935,-11.9788],[-76.7942,-11.9788],[-76.7949,-11.9789],[-76.7952,-11.9791],[-76.7957,-11.9793],[-76.7962,-11.9797],[-76.7966,-11.9799],[-76.7971,-11.9801],[-76.7975,-11.9803],[-76.7977,-11.9804],[-76.7981,-11.9806],[-76.7989,-11.9809],[-76.7992,-11.9811],[-76.7997,-11.9814],[-76.8001,-11.9814],[-76.8007,-11.9817],[-76.8013,-11.9818],[-76.8021,-11.9821],[-76.8025,-11.9821],[-76.8029,-11.9822],[-76.8035,-11.9824],[-76.8038,-11.9825],[-76.8043,-11.9826],[-76.8046,-11.9826],[-76.805,-11.9827],[-76.8053,-11.9828],[-76.8057,-11.983],[-76.8063,-11.9832],[-76.8068,-11.9832],[-76.8072,-11.9833],[-76.8076,-11.9834],[-76.8079,-11.9835],[-76.8082,-11.9835],[-76.8085,-11.9835],[-76.8088,-11.9835],[-76.8092,-11.9836],[-76.8095,-11.9836],[-76.8101,-11.9835],[-76.8104,-11.9835],[-76.8108,-11.9835],[-76.8111,-11.9837],[-76.8117,-11.9835],[-76.8121,-11.9835],[-76.8127,-11.9835],[-76.813,-11.9836],[-76.8132,-11.9836],[-76.8136,-11.9836],[-76.814,-11.9837],[-76.8142,-11.9838],[-76.8144,-11.9839],[-76.8147,-11.9839],[-76.8152,-11.9839],[-76.8156,-11.984],[-76.8161,-11.9842],[-76.8167,-11.9844],[-76.8173,-11.9846],[-76.8178,-11.9848],[-76.8184,-11.985],[-76.8188,-11.985],[-76.8192,-11.9852],[-76.8194,-11.9853],[-76.8198,-11.9854],[-76.8201,-11.9855],[-76.8206,-11.9858],[-76.8211,-11.9861],[-76.8216,-11.9865],[-76.8222,-11.9868],[-76.8228,-11.9871],[-76.8233,-11.9873],[-76.8237,-11.9875],[-76.8243,-11.9877],[-76.8247,-11.9879],[-76.8251,-11.988],[-76.8253,-11.988],[-76.8257,-11.9882],[-76.8263,-11.9883],[-76.8264,-11.9883],[-76.8267,-11.9882],[-76.8269,-11.9883],[-76.8271,-11.9885],[-76.8273,-11.9886],[-76.8274,-11.9886],[-76.8277,-11.9886],[-76.8279,-11.9886],[-76.8282,-11.9887],[-76.8286,-11.9888],[-76.8291,-11.9888],[-76.8295,-11.9888],[-76.8299,-11.989],[-76.8303,-11.9893],[-76.8305,-11.9897],[-76.8308,-11.9899],[-76.8313,-11.9901],[-76.8317,-11.9903],[-76.8321,-11.9903],[-76.8322,-11.9904],[-76.8347,-11.9912],[-76.8372,-11.9926],[-76.8368,-11.9936],[-76.8353,-11.9959],[-76.8351,-11.9963],[-76.8347,-11.9963],[-76.8336,-11.9957],[-76.8324,-11.9952],[-76.832,-11.9953],[-76.8319,-11.9953],[-76.8316,-11.9958],[-76.8313,-11.996],[-76.8288,-11.9968],[-76.8278,-11.9972],[-76.8276,-11.9973],[-76.8261,-11.9978],[-76.8236,-11.9988],[-76.8227,-11.9993],[-76.8219,-12],[-76.8213,-12.0006],[-76.8208,-12.0009],[-76.8198,-12.0011],[-76.8191,-12.0012],[-76.8169,-12.0013],[-76.8147,-12.0021],[-76.8133,-12.0024],[-76.8118,-12.0022],[-76.8104,-12.0013],[-76.8087,-12.0001],[-76.8066,-11.999],[-76.8052,-11.9985],[-76.8034,-11.9988],[-76.8033,-11.9988],[-76.802,-12.0002],[-76.8008,-12.0014],[-76.7987,-12.003],[-76.7974,-12.003],[-76.7958,-12.003],[-76.7947,-12.0031],[-76.7939,-12.0031],[-76.7918,-12.0035],[-76.7905,-12.0035],[-76.7893,-12.004],[-76.788,-12.0048],[-76.7865,-12.0059],[-76.7854,-12.0072],[-76.7846,-12.0093],[-76.7843,-12.0112],[-76.7843,-12.0123],[-76.7839,-12.015],[-76.7838,-12.0182],[-76.7833,-12.0196],[-76.7829,-12.0213],[-76.7829,-12.0232],[-76.7798,-12.0223],[-76.7774,-12.0218],[-76.7772,-12.0217],[-76.7758,-12.0215],[-76.7748,-12.0213],[-76.769,-12.0206],[-76.7658,-12.02],[-76.7622,-12.0188],[-76.7608,-12.0185],[-76.7605,-12.0185],[-76.7576,-12.0176],[-76.755,-12.0173],[-76.754,-12.0168],[-76.7529,-12.0164],[-76.7513,-12.0152],[-76.7502,-12.0139],[-76.7495,-12.0118],[-76.7488,-12.01],[-76.7469,-12.0065],[-76.7452,-12.0051],[-76.7433,-12.0038],[-76.7427,-12.0034],[-76.7419,-12.0029],[-76.7401,-12.0027],[-76.7379,-12.0022],[-76.737,-12.0016],[-76.7361,-12.0011],[-76.735,-12.0004],[-76.7347,-12.0003],[-76.7338,-12],[-76.7326,-12],[-76.7295,-11.9994],[-76.726,-11.9999],[-76.724,-11.9996],[-76.7223,-11.9996],[-76.7204,-11.9981],[-76.7185,-11.995],[-76.7177,-11.9931],[-76.7165,-11.9927],[-76.7148,-11.9924]]]}},{"type":"Feature","properties":{"ubigeo":"150108","nombre":"Chorrillos"},"geometry":{"type":"Polygon","coordinates":[[[-77.016,-12.1556],[-77.0168,-12.1552],[-77.0193,-12.1539],[-77.0195,-12.154],[-77.0195,-12.1543],[-77.0195,-12.1544],[-77.0195,-12.1547],[-77.0195,-12.1548],[-77.0199,-12.155],[-77.0229,-12.1563],[-77.0243,-12.1568],[-77.025,-12.157],[-77.0263,-12.1573],[-77.0263,-12.1576],[-77.0263,-12.1578],[-77.0263,-12.158],[-77.0262,-12.1581],[-77.0262,-12.1583],[-77.0262,-12.1584],[-77.0262,-12.1585],[-77.0263,-12.1586],[-77.0263,-12.1588],[-77.0264,-12.1589],[-77.0266,-12.1589],[-77.0268,-12.159],[-77.027,-12.1591],[-77.0277,-12.1592],[-77.0276,-12.1593],[-77.0275,-12.1594],[-77.0274,-12.1594],[-77.0274,-12.1595],[-77.0274,-12.1596],[-77.0274,-12.1597],[-77.0274,-12.1598],[-77.0274,-12.1599],[-77.0274,-12.16],[-77.0274,-12.1601],[-77.0273,-12.1602],[-77.0273,-12.1603],[-77.0273,-12.1604],[-77.0273,-12.1605],[-77.0272,-12.1605],[-77.0272,-12.1606],[-77.0271,-12.1607],[-77.0271,-12.1608],[-77.0271,-12.1609],[-77.0271,-12.161],[-77.027,-12.1611],[-77.027,-12.1612],[-77.027,-12.1613],[-77.027,-12.1615],[-77.027,-12.1617],[-77.0269,-12.1619],[-77.0269,-12.162],[-77.0269,-12.1622],[-77.0269,-12.1623],[-77.0269,-12.1627],[-77.027,-12.163],[-77.027,-12.1632],[-77.027,-12.1634],[-77.0271,-12.1635],[-77.0271,-12.1636],[-77.0272,-12.1641],[-77.0273,-12.1644],[-77.0274,-12.1646],[-77.0274,-12.1648],[-77.0275,-12.1649],[-77.0275,-12.165],[-77.0276,-12.1651],[-77.0277,-12.1652],[-77.0279,-12.1655],[-77.028,-12.1656],[-77.0282,-12.1657],[-77.0283,-12.1658],[-77.0284,-12.1658],[-77.0285,-12.1659],[-77.0286,-12.166],[-77.0288,-12.166],[-77.0288,-12.1661],[-77.029,-12.1661],[-77.0291,-12.166],[-77.0292,-12.1658],[-77.0296,-12.166],[-77.0297,-12.1657],[-77.0297,-12.1652],[-77.0298,-12.1652],[-77.0298,-12.1654],[-77.0299,-12.1655],[-77.03,-12.1655],[-77.03,-12.1656],[-77.0301,-12.1656],[-77.0302,-12.1657],[-77.0304,-12.1657],[-77.0305,-12.1657],[-77.0306,-12.1658],[-77.0307,-12.1658],[-77.0308,-12.1658],[-77.0309,-12.1658],[-77.0311,-12.1655],[-77.0312,-12.1653],[-77.0314,-12.1649],[-77.0317,-12.1643],[-77.0318,-12.1644],[-77.0316,-12.1648],[-77.0315,-12.165],[-77.0314,-12.165],[-77.0313,-12.1652],[-77.0313,-12.1653],[-77.0313,-12.1654],[-77.0314,-12.1654],[-77.0315,-12.1655],[-77.0317,-12.1657],[-77.0318,-12.1658],[-77.0319,-12.1658],[-77.032,-12.1658],[-77.0321,-12.1659],[-77.0322,-12.1658],[-77.0323,-12.1655],[-77.0324,-12.1654],[-77.0328,-12.1652],[-77.0329,-12.1651],[-77.033,-12.165],[-77.0331,-12.165],[-77.0332,-12.165],[-77.0331,-12.1651],[-77.0331,-12.1652],[-77.0332,-12.1653],[-77.0332,-12.1654],[-77.0333,-12.1654],[-77.0333,-12.1655],[-77.0334,-12.1656],[-77.0335,-12.1657],[-77.0336,-12.1655],[-77.0342,-12.1654],[-77.0345,-12.1653],[-77.0355,-12.1653],[-77.0361,-12.1653],[-77.0361,-12.1654],[-77.0351,-12.1654],[-77.0351,-12.1655],[-77.0351,-12.1657],[-77.035,-12.1659],[-77.0351,-12.1659],[-77.0351,-12.1661],[-77.0351,-12.1662],[-77.0351,-12.1663],[-77.0351,-12.1664],[-77.0351,-12.1665],[-77.0354,-12.1665],[-77.0354,-12.1666],[-77.0355,-12.1667],[-77.0356,-12.1669],[-77.0361,-12.1671],[-77.0362,-12.1671],[-77.0363,-12.1672],[-77.0363,-12.1673],[-77.0364,-12.1674],[-77.0366,-12.1674],[-77.0366,-12.1675],[-77.0367,-12.1675],[-77.0369,-12.1675],[-77.0371,-12.1675],[-77.0372,-12.1675],[-77.0374,-12.1675],[-77.0375,-12.1675],[-77.0376,-12.1675],[-77.0377,-12.1676],[-77.0378,-12.1676],[-77.0379,-12.1676],[-77.038,-12.1676],[-77.0381,-12.1676],[-77.0381,-12.1677],[-77.038,-12.1678],[-77.0381,-12.1679],[-77.0381,-12.168],[-77.038,-12.1681],[-77.0381,-12.1681],[-77.0382,-12.1682],[-77.0383,-12.1683],[-77.0384,-12.1684],[-77.0384,-12.1685],[-77.0383,-12.1685],[-77.0382,-12.1685],[-77.0381,-12.1685],[-77.038,-12.1684],[-77.038,-12.1685],[-77.0382,-12.1686],[-77.0383,-12.1686],[-77.0383,-12.1687],[-77.0382,-12.1688],[-77.0382,-12.1687],[-77.0381,-12.1687],[-77.0381,-12.1688],[-77.0379,-12.1688],[-77.0378,-12.1688],[-77.0378,-12.1687],[-77.0377,-12.1688],[-77.0377,-12.1689],[-77.0377,-12.169],[-77.0376,-12.1691],[-77.0375,-12.1691],[-77.0374,-12.1691],[-77.0374,-12.1692],[-77.0374,-12.1693],[-77.0374,-12.1694],[-77.0373,-12.1694],[-77.0372,-12.1694],[-77.0371,-12.1694],[-77.0371,-12.1695],[-77.037,-12.1695],[-77.0369,-12.1695],[-77.0368,-12.1694],[-77.0367,-12.1695],[-77.0368,-12.1695],[-77.0369,-12.1696],[-77.0368,-12.1697],[-77.0367,-12.1697],[-77.0366,-12.1696],[-77.0366,-12.1697],[-77.0365,-12.1698],[-77.0365,-12.1699],[-77.0364,-12.17],[-77.0363,-12.1701],[-77.0362,-12.1701],[-77.0362,-12.1702],[-77.0362,-12.1703],[-77.0363,-12.1704],[-77.0364,-12.1704],[-77.0365,-12.1705],[-77.0364,-12.1707],[-77.0364,-12.1709],[-77.0364,-12.171],[-77.0364,-12.1711],[-77.0363,-12.1711],[-77.0362,-12.1711],[-77.0361,-12.1711],[-77.036,-12.1709],[-77.0359,-12.1709],[-77.0358,-12.1709],[-77.0358,-12.171],[-77.0357,-12.1711],[-77.0356,-12.1711],[-77.0356,-12.1712],[-77.0355,-12.1712],[-77.0354,-12.1712],[-77.0353,-12.1713],[-77.0351,-12.1715],[-77.0351,-12.1716],[-77.035,-12.1719],[-77.0349,-12.1721],[-77.0349,-12.1723],[-77.0352,-12.1727],[-77.035,-12.1729],[-77.0346,-12.1728],[-77.0345,-12.1729],[-77.0345,-12.173],[-77.0344,-12.1732],[-77.0343,-12.1734],[-77.0343,-12.1735],[-77.0342,-12.1737],[-77.0342,-12.1738],[-77.034,-12.1741],[-77.0339,-12.1743],[-77.0338,-12.1744],[-77.0337,-12.1747],[-77.0337,-12.1751],[-77.0336,-12.1753],[-77.0336,-12.1754],[-77.0335,-12.1763],[-77.0335,-12.1766],[-77.0335,-12.1768],[-77.0336,-12.177],[-77.0336,-12.1771],[-77.0336,-12.1772],[-77.0336,-12.1773],[-77.0337,-12.1776],[-77.0337,-12.1778],[-77.0338,-12.1782],[-77.0339,-12.1783],[-77.0342,-12.1784],[-77.0343,-12.1786],[-77.0344,-12.1787],[-77.0346,-12.1788],[-77.0348,-12.1789],[-77.0349,-12.1789],[-77.035,-12.179],[-77.0351,-12.1791],[-77.0351,-12.1792],[-77.0352,-12.1794],[-77.0353,-12.1795],[-77.0354,-12.1796],[-77.0356,-12.1797],[-77.0357,-12.1798],[-77.0358,-12.1798],[-77.036,-12.1799],[-77.0362,-12.18],[-77.0362,-12.1801],[-77.0363,-12.1801],[-77.0364,-12.1802],[-77.0367,-12.1803],[-77.0368,-12.1803],[-77.037,-12.1804],[-77.0372,-12.1805],[-77.0374,-12.1805],[-77.0376,-12.1805],[-77.0378,-12.1806],[-77.038,-12.1808],[-77.0381,-12.1808],[-77.0383,-12.1809],[-77.0385,-12.181],[-77.0386,-12.1811],[-77.0388,-12.1812],[-77.039,-12.1812],[-77.0391,-12.1812],[-77.0392,-12.1813],[-77.0392,-12.1814],[-77.0393,-12.1814],[-77.0393,-12.1815],[-77.0393,-12.1817],[-77.0394,-12.1818],[-77.0394,-12.1819],[-77.0395,-12.182],[-77.0395,-12.1821],[-77.0396,-12.1821],[-77.0395,-12.1822],[-77.0395,-12.1824],[-77.0394,-12.1826],[-77.0394,-12.1827],[-77.0393,-12.1829],[-77.0392,-12.1832],[-77.0392,-12.1834],[-77.0392,-12.1835],[-77.0392,-12.1837],[-77.0392,-12.1838],[-77.0391,-12.184],[-77.0391,-12.1842],[-77.039,-12.1843],[-77.039,-12.1845],[-77.039,-12.1846],[-77.039,-12.1847],[-77.0389,-12.1849],[-77.0388,-12.1851],[-77.0388,-12.1853],[-77.0388,-12.1855],[-77.0389,-12.1856],[-77.0389,-12.1857],[-77.0389,-12.1858],[-77.0389,-12.1859],[-77.0388,-12.186],[-77.0388,-12.1861],[-77.0388,-12.1863],[-77.0388,-12.1864],[-77.0388,-12.1865],[-77.0389,-12.1866],[-77.039,-12.1867],[-77.0391,-12.1867],[-77.0392,-12.1868],[-77.0393,-12.1869],[-77.0393,-12.187],[-77.0394,-12.1871],[-77.0394,-12.1872],[-77.0395,-12.1873],[-77.0395,-12.1874],[-77.0395,-12.1875],[-77.0395,-12.1876],[-77.0395,-12.1878],[-77.0395,-12.1879],[-77.0395,-12.1881],[-77.0394,-12.1882],[-77.0393,-12.1883],[-77.0391,-12.1884],[-77.039,-12.1884],[-77.0389,-12.1885],[-77.0389,-12.1886],[-77.0388,-12.1889],[-77.0388,-12.189],[-77.0388,-12.1891],[-77.0388,-12.1892],[-77.0387,-12.1893],[-77.0386,-12.1894],[-77.0385,-12.1896],[-77.0385,-12.1897],[-77.0385,-12.1898],[-77.0385,-12.19],[-77.0385,-12.1902],[-77.0386,-12.1903],[-77.0386,-12.1904],[-77.0386,-12.1906],[-77.0387,-12.1908],[-77.0387,-12.1909],[-77.0387,-12.191],[-77.0388,-12.191],[-77.039,-12.1911],[-77.0391,-12.1913],[-77.0391,-12.1914],[-77.0392,-12.1915],[-77.0392,-12.1916],[-77.0393,-12.1917],[-77.0393,-12.1919],[-77.0394,-12.192],[-77.0394,-12.1921],[-77.0394,-12.1922],[-77.0394,-12.1923],[-77.0394,-12.1924],[-77.0395,-12.1924],[-77.0396,-12.1924],[-77.0397,-12.1925],[-77.0398,-12.1926],[-77.0398,-12.1927],[-77.0398,-12.1928],[-77.0398,-12.1929],[-77.0398,-12.193],[-77.0398,-12.1931],[-77.0398,-12.1932],[-77.0397,-12.1933],[-77.0396,-12.1933],[-77.0397,-12.1933],[-77.0397,-12.1934],[-77.0397,-12.1935],[-77.0396,-12.1936],[-77.0395,-12.1936],[-77.0394,-12.1936],[-77.0393,-12.1935],[-77.0393,-12.1934],[-77.0392,-12.1934],[-77.0391,-12.1934],[-77.0391,-12.1935],[-77.039,-12.1935],[-77.0389,-12.1935],[-77.0388,-12.1936],[-77.0387,-12.1937],[-77.0386,-12.1938],[-77.0384,-12.194],[-77.0382,-12.1942],[-77.0379,-12.1945],[-77.0378,-12.1947],[-77.0377,-12.1948],[-77.0374,-12.195],[-77.0371,-12.1954],[-77.037,-12.1955],[-77.0368,-12.1957],[-77.0365,-12.196],[-77.0365,-12.1961],[-77.0363,-12.1963],[-77.0362,-12.1964],[-77.036,-12.1965],[-77.0359,-12.1967],[-77.0357,-12.1968],[-77.0357,-12.1969],[-77.0356,-12.197],[-77.0355,-12.1972],[-77.0353,-12.1974],[-77.0352,-12.1977],[-77.0351,-12.1979],[-77.035,-12.1981],[-77.0348,-12.1983],[-77.0347,-12.1985],[-77.0345,-12.1989],[-77.0344,-12.1992],[-77.0343,-12.1994],[-77.0342,-12.1997],[-77.0342,-12.1999],[-77.0341,-12.2002],[-77.0341,-12.2005],[-77.0341,-12.2007],[-77.0341,-12.201],[-77.0342,-12.201],[-77.0343,-12.2011],[-77.0344,-12.2012],[-77.0344,-12.2013],[-77.0343,-12.2014],[-77.0342,-12.2015],[-77.0342,-12.2016],[-77.0343,-12.2015],[-77.0344,-12.2015],[-77.0345,-12.2015],[-77.0345,-12.2016],[-77.0345,-12.2017],[-77.0345,-12.2018],[-77.0346,-12.2019],[-77.0347,-12.202],[-77.0349,-12.2019],[-77.0349,-12.202],[-77.0351,-12.202],[-77.0352,-12.202],[-77.0353,-12.2021],[-77.0354,-12.2022],[-77.0354,-12.2023],[-77.0355,-12.2024],[-77.0355,-12.2023],[-77.0356,-12.2023],[-77.0357,-12.2023],[-77.0358,-12.2022],[-77.0359,-12.2023],[-77.036,-12.2023],[-77.0362,-12.2024],[-77.0363,-12.2025],[-77.0363,-12.2026],[-77.0364,-12.2027],[-77.0364,-12.2028],[-77.0364,-12.2029],[-77.0364,-12.203],[-77.0363,-12.203],[-77.0362,-12.2031],[-77.0362,-12.2032],[-77.0363,-12.2032],[-77.0364,-12.2032],[-77.0365,-12.2031],[-77.0366,-12.203],[-77.0366,-12.2031],[-77.0367,-12.2031],[-77.0367,-12.2032],[-77.0367,-12.2033],[-77.0367,-12.2034],[-77.0367,-12.2035],[-77.0368,-12.2035],[-77.0368,-12.2036],[-77.0369,-12.2036],[-77.037,-12.2036],[-77.0371,-12.2036],[-77.0372,-12.2036],[-77.0373,-12.2036],[-77.0373,-12.2037],[-77.0374,-12.2038],[-77.0375,-12.2039],[-77.0376,-12.204],[-77.0377,-12.204],[-77.0377,-12.2041],[-77.0378,-12.2042],[-77.0378,-12.2043],[-77.0379,-12.2044],[-77.038,-12.2045],[-77.038,-12.2046],[-77.038,-12.2047],[-77.038,-12.2048],[-77.0379,-12.2047],[-77.0378,-12.2046],[-77.0377,-12.2045],[-77.0376,-12.2044],[-77.0375,-12.2043],[-77.0374,-12.2043],[-77.0374,-12.2045],[-77.0374,-12.2046],[-77.0375,-12.2047],[-77.0376,-12.2048],[-77.0377,-12.2049],[-77.0378,-12.205],[-77.0378,-12.2051],[-77.0379,-12.2053],[-77.0379,-12.2055],[-77.0379,-12.2056],[-77.0378,-12.2056],[-77.0377,-12.2057],[-77.0376,-12.2056],[-77.0375,-12.2056],[-77.0374,-12.2056],[-77.0373,-12.2056],[-77.0372,-12.2057],[-77.0372,-12.2058],[-77.0371,-12.2059],[-77.0371,-12.206],[-77.0371,-12.2061],[-77.037,-12.2062],[-77.037,-12.2063],[-77.0369,-12.2064],[-77.0368,-12.2064],[-77.0367,-12.2064],[-77.0366,-12.2064],[-77.0365,-12.2064],[-77.0364,-12.2063],[-77.0363,-12.2063],[-77.0362,-12.2063],[-77.0361,-12.2063],[-77.036,-12.2063],[-77.0359,-12.2063],[-77.0358,-12.2064],[-77.0357,-12.2063],[-77.0357,-12.2062],[-77.0356,-12.2062],[-77.0355,-12.2061],[-77.0354,-12.206],[-77.0354,-12.2061],[-77.0354,-12.2062],[-77.0355,-12.2064],[-77.0355,-12.2065],[-77.0356,-12.2066],[-77.0355,-12.2067],[-77.0354,-12.2068],[-77.0353,-12.2067],[-77.0353,-12.2066],[-77.0352,-12.2066],[-77.0352,-12.2065],[-77.0351,-12.2066],[-77.035,-12.2067],[-77.0351,-12.2068],[-77.0351,-12.2071],[-77.0351,-12.2072],[-77.035,-12.2073],[-77.0349,-12.2073],[-77.0349,-12.2072],[-77.0348,-12.2072],[-77.0348,-12.2071],[-77.0347,-12.2071],[-77.0346,-12.207],[-77.0346,-12.2069],[-77.0346,-12.207],[-77.0346,-12.2071],[-77.0347,-12.2072],[-77.0347,-12.2073],[-77.0346,-12.2074],[-77.0345,-12.2074],[-77.0344,-12.2074],[-77.0343,-12.2073],[-77.0342,-12.2071],[-77.0342,-12.207],[-77.0341,-12.207],[-77.0341,-12.2069],[-77.034,-12.2068],[-77.034,-12.2069],[-77.0341,-12.2069],[-77.0341,-12.2071],[-77.034,-12.2072],[-77.034,-12.2071],[-77.0338,-12.2069],[-77.0338,-12.2067],[-77.0337,-12.2066],[-77.0337,-12.2065],[-77.0336,-12.2065],[-77.0335,-12.2065],[-77.0334,-12.2066],[-77.0334,-12.2065],[-77.0333,-12.2064],[-77.0332,-12.2065],[-77.0331,-12.2065],[-77.0329,-12.2065],[-77.0328,-12.2066],[-77.0326,-12.2067],[-77.0322,-12.2068],[-77.032,-12.2069],[-77.0318,-12.207],[-77.0316,-12.2071],[-77.0314,-12.2072],[-77.0312,-12.2073],[-77.031,-12.2074],[-77.0308,-12.2074],[-77.0308,-12.2075],[-77.0306,-12.2075],[-77.0304,-12.2076],[-77.0303,-12.2076],[-77.0301,-12.2077],[-77.0298,-12.2077],[-77.0296,-12.2078],[-77.0295,-12.2078],[-77.0294,-12.2078],[-77.0293,-12.2079],[-77.0292,-12.208],[-77.0291,-12.208],[-77.029,-12.208],[-77.0288,-12.2082],[-77.0287,-12.2082],[-77.0285,-12.2083],[-77.0284,-12.2083],[-77.0282,-12.2084],[-77.028,-12.2085],[-77.0278,-12.2085],[-77.0277,-12.2086],[-77.0276,-12.2087],[-77.0275,-12.2087],[-77.0274,-12.2088],[-77.0273,-12.2088],[-77.0272,-12.2088],[-77.0271,-12.2088],[-77.027,-12.2089],[-77.0269,-12.2089],[-77.0268,-12.2089],[-77.0267,-12.209],[-77.0266,-12.209],[-77.0265,-12.2091],[-77.0264,-12.2091],[-77.0263,-12.2091],[-77.0262,-12.2092],[-77.0261,-12.2092],[-77.026,-12.2093],[-77.0259,-12.2093],[-77.0258,-12.2093],[-77.0257,-12.2094],[-77.0256,-12.2094],[-77.0254,-12.2095],[-77.0253,-12.2095],[-77.0252,-12.2096],[-77.0251,-12.2096],[-77.025,-12.2097],[-77.0249,-12.2097],[-77.0248,-12.2098],[-77.0247,-12.2098],[-77.0246,-12.2098],[-77.0245,-12.2098],[-77.0244,-12.2099],[-77.0243,-12.21],[-77.0242,-12.21],[-77.0241,-12.21],[-77.024,-12.21],[-77.024,-12.2101],[-77.0239,-12.2102],[-77.0238,-12.2102],[-77.0237,-12.2103],[-77.0235,-12.2103],[-77.0234,-12.2103],[-77.0233,-12.2104],[-77.0232,-12.2104],[-77.0231,-12.2104],[-77.0231,-12.2105],[-77.023,-12.2105],[-77.0228,-12.2105],[-77.0228,-12.2106],[-77.0227,-12.2107],[-77.0226,-12.2107],[-77.0225,-12.2107],[-77.0224,-12.2107],[-77.0223,-12.2108],[-77.0222,-12.2108],[-77.0222,-12.2109],[-77.0221,-12.2109],[-77.022,-12.2109],[-77.0219,-12.211],[-77.0218,-12.2111],[-77.0217,-12.2111],[-77.0216,-12.2111],[-77.0215,-12.2111],[-77.0214,-12.2112],[-77.0212,-12.2112],[-77.0211,-12.2112],[-77.0211,-12.2113],[-77.021,-12.2113],[-77.021,-12.2114],[-77.0209,-12.2114],[-77.0208,-12.2114],[-77.0207,-12.2115],[-77.0206,-12.2115],[-77.0205,-12.2116],[-77.0204,-12.2116],[-77.0203,-12.2117],[-77.0202,-12.2117],[-77.0201,-12.2117],[-77.02,-12.2118],[-77.0199,-12.2119],[-77.0198,-12.2119],[-77.0197,-12.2119],[-77.0196,-12.212],[-77.0195,-12.212],[-77.0193,-12.2121],[-77.0192,-12.2121],[-77.0191,-12.2121],[-77.019,-12.2122],[-77.0189,-12.2123],[-77.0188,-12.2123],[-77.0187,-12.2123],[-77.0186,-12.2124],[-77.0185,-12.2125],[-77.0184,-12.2125],[-77.0183,-12.2125],[-77.0182,-12.2126],[-77.0181,-12.2126],[-77.018,-12.2126],[-77.0179,-12.2127],[-77.0178,-12.2127],[-77.0177,-12.2128],[-77.0175,-12.2128],[-77.0174,-12.2129],[-77.0173,-12.2129],[-77.0172,-12.2129],[-77.0171,-12.213],[-77.017,-12.2131],[-77.0169,-12.2131],[-77.0168,-12.2131],[-77.0167,-12.2132],[-77.0166,-12.2133],[-77.0165,-12.2133],[-77.0164,-12.2133],[-77.0163,-12.2133],[-77.0162,-12.2134],[-77.0161,-12.2135],[-77.016,-12.2135],[-77.0159,-12.2135],[-77.0158,-12.2135],[-77.0157,-12.2136],[-77.0156,-12.2137],[-77.0155,-12.2137],[-77.0154,-12.2137],[-77.0154,-12.2138],[-77.0153,-12.2138],[-77.0152,-12.2138],[-77.0151,-12.2139],[-77.015,-12.2139],[-77.0149,-12.2139],[-77.0148,-12.214],[-77.0147,-12.2141],[-77.0146,-12.2141],[-77.0145,-12.2141],[-77.0144,-12.2141],[-77.0144,-12.2142],[-77.0143,-12.2142],[-77.0143,-12.2143],[-77.0142,-12.2143],[-77.0141,-12.2143],[-77.014,-12.2144],[-77.0138,-12.2144],[-77.0137,-12.2145],[-77.0136,-12.2145],[-77.0135,-12.2145],[-77.0134,-12.2146],[-77.0133,-12.2146],[-77.0132,-12.2147],[-77.0131,-12.2147],[-77.013,-12.2148],[-77.0129,-12.2148],[-77.0128,-12.2149],[-77.0126,-12.215],[-77.0125,-12.215],[-77.0124,-12.215],[-77.0123,-12.2151],[-77.0122,-12.2152],[-77.0121,-12.2152],[-77.012,-12.2152],[-77.0119,-12.2152],[-77.0118,-12.2153],[-77.0117,-12.2154],[-77.0116,-12.2154],[-77.0115,-12.2154],[-77.0114,-12.2155],[-77.0113,-12.2155],[-77.0112,-12.2155],[-77.0111,-12.2156],[-77.011,-12.2156],[-77.0109,-12.2157],[-77.0108,-12.2157],[-77.0107,-12.2157],[-77.0106,-12.2158],[-77.0105,-12.2158],[-77.0105,-12.2159],[-77.0104,-12.2159],[-77.0103,-12.2159],[-77.0102,-12.216],[-77.0101,-12.216],[-77.01,-12.2161],[-77.0099,-12.2161],[-77.0098,-12.2161],[-77.0097,-12.2161],[-77.0096,-12.2162],[-77.0096,-12.2163],[-77.0095,-12.2163],[-77.0094,-12.2163],[-77.0093,-12.2164],[-77.0092,-12.2164],[-77.0091,-12.2164],[-77.0091,-12.2165],[-77.009,-12.2166],[-77.0088,-12.2166],[-77.0087,-12.2167],[-77.0086,-12.2168],[-77.0085,-12.2168],[-77.0084,-12.2168],[-77.0083,-12.2168],[-77.0082,-12.2168],[-77.0081,-12.2169],[-77.008,-12.2169],[-77.008,-12.217],[-77.0078,-12.217],[-77.0077,-12.217],[-77.0076,-12.2171],[-77.0075,-12.2171],[-77.0074,-12.2171],[-77.0073,-12.2172],[-77.0072,-12.2173],[-77.0071,-12.2173],[-77.007,-12.2174],[-77.0068,-12.2174],[-77.0067,-12.2174],[-77.0066,-12.2175],[-77.0065,-12.2175],[-77.0065,-12.2176],[-77.0064,-12.2176],[-77.0063,-12.2177],[-77.0062,-12.2177],[-77.0061,-12.2177],[-77.006,-12.2177],[-77.006,-12.2178],[-77.0059,-12.2178],[-77.0058,-12.2178],[-77.0057,-12.2179],[-77.0056,-12.2179],[-77.0056,-12.218],[-77.0055,-12.218],[-77.0054,-12.218],[-77.0053,-12.218],[-77.0052,-12.2181],[-77.0051,-12.2182],[-77.005,-12.2182],[-77.0049,-12.2182],[-77.0048,-12.2182],[-77.0047,-12.2183],[-77.0046,-12.2184],[-77.0045,-12.2184],[-77.0044,-12.2184],[-77.0043,-12.2184],[-77.0043,-12.2185],[-77.0042,-12.2185],[-77.0041,-12.2186],[-77.004,-12.2186],[-77.0039,-12.2186],[-77.0038,-12.2186],[-77.0038,-12.2187],[-77.0037,-12.2187],[-77.0037,-12.2188],[-77.0036,-12.2188],[-77.0034,-12.2189],[-77.0033,-12.2189],[-77.0033,-12.219],[-77.0031,-12.219],[-77.003,-12.2191],[-77.0029,-12.2191],[-77.0028,-12.2192],[-77.0027,-12.2193],[-77.0026,-12.2193],[-77.0025,-12.2193],[-77.0024,-12.2193],[-77.0023,-12.2194],[-77.0023,-12.2195],[-77.0021,-12.2195],[-77.0021,-12.2194],[-77.002,-12.2194],[-77.0019,-12.2195],[-77.0018,-12.2196],[-77.0017,-12.2196],[-77.0016,-12.2197],[-77.0015,-12.2197],[-77.0013,-12.2198],[-77.0012,-12.2199],[-77.0011,-12.2199],[-77.001,-12.2199],[-77.0009,-12.22],[-77.0008,-12.2201],[-77.0007,-12.2201],[-77.0006,-12.2201],[-77.0005,-12.2201],[-77.0004,-12.2202],[-77.0003,-12.2203],[-77.0002,-12.2203],[-77.0001,-12.2203],[-77,-12.2203],[-76.9999,-12.2204],[-76.9998,-12.2204],[-76.9997,-12.2205],[-76.9996,-12.2205],[-76.9995,-12.2205],[-76.9994,-12.2206],[-76.9993,-12.2207],[-76.9992,-12.2207],[-76.9991,-12.2207],[-76.999,-12.2207],[-76.9989,-12.2208],[-76.9988,-12.2209],[-76.9987,-12.2209],[-76.9986,-12.221],[-76.9985,-12.221],[-76.9984,-12.2211],[-76.9982,-12.2211],[-76.9981,-12.2211],[-76.998,-12.2212],[-76.9979,-12.2212],[-76.9978,-12.2213],[-76.9977,-12.2213],[-76.9976,-12.2214],[-76.9975,-12.2214],[-76.9975,-12.2215],[-76.9974,-12.2215],[-76.9973,-12.2215],[-76.9972,-12.2215],[-76.9971,-12.2215],[-76.9971,-12.2216],[-76.997,-12.2217],[-76.9969,-12.2217],[-76.9968,-12.2218],[-76.9967,-12.2218],[-76.9966,-12.2217],[-76.9966,-12.2218],[-76.9965,-12.2218],[-76.9964,-12.2219],[-76.9963,-12.2219],[-76.9962,-12.222],[-76.9961,-12.222],[-76.996,-12.2221],[-76.9959,-12.2221],[-76.9958,-12.2221],[-76.9957,-12.2221],[-76.9956,-12.2222],[-76.9955,-12.2223],[-76.9954,-12.2223],[-76.9953,-12.2224],[-76.9952,-12.2224],[-76.9951,-12.2224],[-76.995,-12.2225],[-76.9949,-12.2225],[-76.9949,-12.2226],[-76.9948,-12.2226],[-76.9947,-12.2227],[-76.9945,-12.2227],[-76.9944,-12.2228],[-76.9941,-12.223],[-76.9939,-12.223],[-76.9938,-12.2231],[-76.9936,-12.2231],[-76.9935,-12.2231],[-76.9933,-12.2232],[-76.9931,-12.2233],[-76.9927,-12.2235],[-76.9926,-12.2236],[-76.9925,-12.2236],[-76.9924,-12.2236],[-76.9923,-12.2237],[-76.9922,-12.2237],[-76.9921,-12.2238],[-76.992,-12.2238],[-76.9919,-12.2239],[-76.9918,-12.2239],[-76.9917,-12.2239],[-76.9916,-12.224],[-76.9916,-12.2241],[-76.9915,-12.2241],[-76.9914,-12.2241],[-76.9913,-12.2241],[-76.9912,-12.2242],[-76.9911,-12.2242],[-76.9909,-12.2242],[-76.9907,-12.2243],[-76.9906,-12.2244],[-76.9905,-12.2244],[-76.9904,-12.2245],[-76.9903,-12.2245],[-76.9902,-12.2245],[-76.9901,-12.2246],[-76.99,-12.2246],[-76.9898,-12.2248],[-76.9897,-12.2248],[-76.9896,-12.2249],[-76.9895,-12.2249],[-76.9895,-12.225],[-76.9893,-12.225],[-76.9892,-12.2251],[-76.9887,-12.2253],[-76.9883,-12.2253],[-76.9882,-12.2254],[-76.9882,-12.2255],[-76.988,-12.2255],[-76.9879,-12.2255],[-76.9878,-12.2256],[-76.9875,-12.2257],[-76.9873,-12.2258],[-76.9872,-12.2259],[-76.9869,-12.226],[-76.9864,-12.2262],[-76.9863,-12.2263],[-76.9856,-12.2265],[-76.9853,-12.2267],[-76.9849,-12.2268],[-76.9845,-12.227],[-76.9832,-12.2276],[-76.9826,-12.2278],[-76.9822,-12.228],[-76.982,-12.2281],[-76.9817,-12.2281],[-76.9814,-12.2283],[-76.9809,-12.2284],[-76.9805,-12.2287],[-76.9796,-12.2292],[-76.9791,-12.2293],[-76.9788,-12.2294],[-76.9784,-12.2296],[-76.9781,-12.2298],[-76.9778,-12.2299],[-76.9776,-12.23],[-76.9774,-12.2302],[-76.9773,-12.2302],[-76.9772,-12.2302],[-76.9762,-12.2306],[-76.9759,-12.2307],[-76.9757,-12.2305],[-76.9748,-12.2291],[-76.9744,-12.2283],[-76.9743,-12.2281],[-76.9739,-12.2274],[-76.9734,-12.2267],[-76.9726,-12.2253],[-76.9723,-12.2247],[-76.9743,-12.2226],[-76.9758,-12.2211],[-76.9772,-12.2197],[-76.9768,-12.2176],[-76.976,-12.2136],[-76.9747,-12.2065],[-76.9729,-12.1949],[-76.9744,-12.1949],[-76.9756,-12.1948],[-76.9765,-12.1946],[-76.9767,-12.1946],[-76.9771,-12.1945],[-76.9776,-12.194],[-76.9783,-12.1929],[-76.9789,-12.1916],[-76.9791,-12.1913],[-76.9793,-12.1907],[-76.9793,-12.1904],[-76.9794,-12.1884],[-76.9797,-12.188],[-76.9803,-12.1876],[-76.9815,-12.188],[-76.9823,-12.1882],[-76.9825,-12.1876],[-76.9831,-12.1856],[-76.9817,-12.1852],[-76.982,-12.1835],[-76.9824,-12.182],[-76.9827,-12.1811],[-76.9832,-12.1791],[-76.9831,-12.1787],[-76.9828,-12.1781],[-76.9827,-12.1776],[-76.9826,-12.1772],[-76.9825,-12.1767],[-76.9821,-12.1757],[-76.9816,-12.1749],[-76.9812,-12.1745],[-76.9811,-12.1742],[-76.9811,-12.1737],[-76.9811,-12.1731],[-76.9811,-12.1727],[-76.981,-12.1726],[-76.981,-12.1719],[-76.9812,-12.1718],[-76.9825,-12.1715],[-76.9833,-12.171],[-76.984,-12.1704],[-76.9844,-12.17],[-76.9859,-12.168],[-76.9862,-12.1677],[-76.9864,-12.1675],[-76.9864,-12.1679],[-76.9865,-12.1681],[-76.9865,-12.1689],[-76.9866,-12.1698],[-76.9871,-12.1712],[-76.988,-12.1725],[-76.9886,-12.1729],[-76.9893,-12.173],[-76.9898,-12.1731],[-76.9906,-12.1731],[-76.9913,-12.1726],[-76.9916,-12.172],[-76.9925,-12.1713],[-76.9937,-12.1703],[-76.9947,-12.1697],[-76.9955,-12.1691],[-76.996,-12.1686],[-76.9971,-12.1678],[-76.9977,-12.1673],[-76.9981,-12.167],[-76.9982,-12.167],[-76.999,-12.1667],[-76.9994,-12.1667],[-76.9995,-12.1668],[-76.9998,-12.1673],[-76.9999,-12.1677],[-77.0003,-12.1679],[-77.001,-12.1697],[-77.0016,-12.1716],[-77.002,-12.1727],[-77.0018,-12.1729],[-77.0023,-12.1742],[-77.0034,-12.1738],[-77.0046,-12.1734],[-77.0052,-12.1724],[-77.0057,-12.1717],[-77.0062,-12.1711],[-77.0069,-12.1703],[-77.0075,-12.1697],[-77.0075,-12.1696],[-77.0075,-12.1692],[-77.0078,-12.1689],[-77.0079,-12.1687],[-77.0082,-12.1684],[-77.0096,-12.168],[-77.0097,-12.1678],[-77.0115,-12.1666],[-77.012,-12.1661],[-77.013,-12.1652],[-77.013,-12.1651],[-77.0122,-12.1646],[-77.0119,-12.1643],[-77.0109,-12.1629],[-77.0097,-12.1613],[-77.0078,-12.1615],[-77.0075,-12.1603],[-77.016,-12.1556]]]}},{"type":"Feature","properties":{"ubigeo":"150109","nombre":"Cieneguilla"},"geometry":{"type":"Polygon","coordinates":[[[-76.7223,-11.9996],[-76.724,-11.9996],[-76.726,-11.9999],[-76.7295,-11.9994],[-76.7326,-12],[-76.7338,-12],[-76.7347,-12.0003],[-76.735,-12.0004],[-76.7361,-12.0011],[-76.737,-12.0016],[-76.7379,-12.0022],[-76.7401,-12.0027],[-76.7419,-12.0029],[-76.7427,-12.0034],[-76.7433,-12.0038],[-76.7452,-12.0051],[-76.7469,-12.0065],[-76.7488,-12.01],[-76.7495,-12.0118],[-76.7502,-12.0139],[-76.7513,-12.0152],[-76.7529,-12.0164],[-76.754,-12.0168],[-76.755,-12.0173],[-76.7576,-12.0176],[-76.7605,-12.0185],[-76.7608,-12.0185],[-76.7622,-12.0188],[-76.7658,-12.02],[-76.769,-12.0206],[-76.7748,-12.0213],[-76.7758,-12.0215],[-76.7772,-12.0217],[-76.7774,-12.0218],[-76.7798,-12.0223],[-76.7829,-12.0232],[-76.7848,-12.025],[-76.7866,-12.0261],[-76.7884,-12.0266],[-76.7903,-12.0272],[-76.7924,-12.028],[-76.7944,-12.0297],[-76.7952,-12.0302],[-76.797,-12.0317],[-76.799,-12.0332],[-76.8017,-12.0352],[-76.8032,-12.0364],[-76.8053,-12.0381],[-76.8073,-12.0391],[-76.8099,-12.0405],[-76.8118,-12.0416],[-76.8131,-12.042],[-76.8147,-12.0429],[-76.8159,-12.0441],[-76.8173,-12.045],[-76.8193,-12.045],[-76.821,-12.0454],[-76.8228,-12.0468],[-76.8247,-12.0475],[-76.8264,-12.0469],[-76.8282,-12.0462],[-76.8304,-12.0445],[-76.832,-12.0424],[-76.8336,-12.041],[-76.8359,-12.0401],[-76.8401,-12.0396],[-76.842,-12.0395],[-76.8439,-12.039],[-76.8451,-12.0388],[-76.8486,-12.0383],[-76.8519,-12.0377],[-76.8712,-12.0482],[-76.8891,-12.0594],[-76.888,-12.0618],[-76.8813,-12.0722],[-76.8614,-12.102],[-76.833,-12.1451],[-76.8325,-12.1455],[-76.8324,-12.1461],[-76.8323,-12.1474],[-76.8319,-12.1469],[-76.8316,-12.1467],[-76.8313,-12.1467],[-76.8295,-12.1466],[-76.829,-12.1464],[-76.8281,-12.1458],[-76.8269,-12.1454],[-76.8265,-12.1454],[-76.8256,-12.1451],[-76.8252,-12.1451],[-76.8249,-12.1449],[-76.8243,-12.1447],[-76.8229,-12.1445],[-76.8196,-12.1436],[-76.8193,-12.1435],[-76.8182,-12.1431],[-76.8173,-12.143],[-76.8161,-12.1429],[-76.8154,-12.1428],[-76.8129,-12.142],[-76.8124,-12.1419],[-76.812,-12.1419],[-76.8111,-12.142],[-76.8099,-12.1417],[-76.8091,-12.1416],[-76.8081,-12.1417],[-76.8065,-12.1417],[-76.8044,-12.1418],[-76.803,-12.1417],[-76.8024,-12.1417],[-76.8013,-12.142],[-76.8007,-12.1423],[-76.8004,-12.1426],[-76.7999,-12.1433],[-76.7996,-12.1434],[-76.7992,-12.1433],[-76.7979,-12.143],[-76.7975,-12.1428],[-76.7963,-12.1425],[-76.7943,-12.1426],[-76.7929,-12.1424],[-76.7919,-12.1424],[-76.7911,-12.142],[-76.7885,-12.1403],[-76.7883,-12.1402],[-76.7873,-12.14],[-76.7863,-12.1395],[-76.7858,-12.1392],[-76.7855,-12.139],[-76.7845,-12.1385],[-76.7836,-12.138],[-76.7833,-12.1378],[-76.783,-12.1377],[-76.7827,-12.1376],[-76.7825,-12.1375],[-76.7823,-12.1374],[-76.7821,-12.1374],[-76.7815,-12.1374],[-76.7806,-12.1373],[-76.7803,-12.1372],[-76.78,-12.1372],[-76.7795,-12.1372],[-76.7793,-12.1373],[-76.7787,-12.1372],[-76.7785,-12.1372],[-76.7783,-12.1372],[-76.778,-12.1371],[-76.7778,-12.137],[-76.7776,-12.1369],[-76.777,-12.1365],[-76.7769,-12.1365],[-76.7767,-12.1364],[-76.7764,-12.1363],[-76.7757,-12.1361],[-76.7749,-12.1359],[-76.7739,-12.1356],[-76.7734,-12.1355],[-76.773,-12.1354],[-76.7723,-12.1353],[-76.7721,-12.1352],[-76.7719,-12.1352],[-76.7718,-12.1352],[-76.7717,-12.1351],[-76.7714,-12.1349],[-76.7711,-12.1347],[-76.771,-12.1346],[-76.7706,-12.1345],[-76.7703,-12.1344],[-76.77,-12.1344],[-76.7698,-12.1343],[-76.7694,-12.1343],[-76.7691,-12.1343],[-76.7688,-12.1344],[-76.7683,-12.1344],[-76.7682,-12.1345],[-76.7681,-12.1345],[-76.7677,-12.1347],[-76.7675,-12.1348],[-76.7672,-12.1349],[-76.7671,-12.1349],[-76.7669,-12.1349],[-76.7668,-12.1349],[-76.7666,-12.1348],[-76.7661,-12.1347],[-76.7659,-12.1347],[-76.7658,-12.1346],[-76.7656,-12.1346],[-76.7655,-12.1347],[-76.765,-12.1347],[-76.7648,-12.1347],[-76.7644,-12.1349],[-76.7643,-12.1349],[-76.7641,-12.1349],[-76.764,-12.1349],[-76.7638,-12.1349],[-76.7632,-12.1348],[-76.7629,-12.1347],[-76.7627,-12.1347],[-76.7623,-12.1347],[-76.7616,-12.1349],[-76.7613,-12.135],[-76.7606,-12.1352],[-76.7603,-12.1353],[-76.7601,-12.1353],[-76.7599,-12.1354],[-76.7597,-12.1354],[-76.7595,-12.1353],[-76.7591,-12.1353],[-76.7586,-12.1353],[-76.7582,-12.1353],[-76.7579,-12.1353],[-76.7575,-12.1353],[-76.7571,-12.1354],[-76.7569,-12.1355],[-76.7565,-12.1356],[-76.7563,-12.1357],[-76.7562,-12.1357],[-76.7561,-12.1357],[-76.7559,-12.1357],[-76.7553,-12.1356],[-76.7547,-12.1355],[-76.7544,-12.1354],[-76.7541,-12.1354],[-76.7539,-12.1354],[-76.7534,-12.1355],[-76.7527,-12.1355],[-76.7523,-12.1355],[-76.7517,-12.1356],[-76.7515,-12.1356],[-76.7514,-12.1356],[-76.7511,-12.1355],[-76.7509,-12.1354],[-76.7508,-12.1353],[-76.7506,-12.1352],[-76.7503,-12.1349],[-76.7495,-12.1341],[-76.749,-12.1337],[-76.7488,-12.1336],[-76.7486,-12.1335],[-76.7484,-12.1334],[-76.748,-12.1333],[-76.7475,-12.1332],[-76.7472,-12.1331],[-76.7468,-12.1331],[-76.7466,-12.1331],[-76.7464,-12.133],[-76.7462,-12.133],[-76.7461,-12.1329],[-76.746,-12.1328],[-76.7459,-12.1327],[-76.7455,-12.1324],[-76.7454,-12.1323],[-76.7453,-12.1322],[-76.7452,-12.1322],[-76.7451,-12.1321],[-76.7447,-12.132],[-76.7446,-12.132],[-76.7445,-12.132],[-76.7444,-12.1319],[-76.7441,-12.1317],[-76.7436,-12.1314],[-76.7433,-12.1312],[-76.7431,-12.1311],[-76.7429,-12.131],[-76.7426,-12.131],[-76.7424,-12.131],[-76.7417,-12.1309],[-76.7408,-12.1307],[-76.7401,-12.1306],[-76.7399,-12.1306],[-76.7398,-12.1305],[-76.7396,-12.1304],[-76.7394,-12.1302],[-76.7387,-12.1297],[-76.7383,-12.1294],[-76.7381,-12.1293],[-76.7379,-12.1291],[-76.7374,-12.1288],[-76.7369,-12.1287],[-76.7367,-12.1286],[-76.7364,-12.1286],[-76.7359,-12.1286],[-76.7354,-12.1285],[-76.7353,-12.1285],[-76.7351,-12.1284],[-76.735,-12.1283],[-76.7348,-12.1281],[-76.7347,-12.128],[-76.7345,-12.1278],[-76.7345,-12.1277],[-76.7344,-12.1276],[-76.7342,-12.1271],[-76.7341,-12.127],[-76.7339,-12.1266],[-76.7336,-12.1263],[-76.7334,-12.1259],[-76.7331,-12.1256],[-76.7329,-12.1254],[-76.7328,-12.1253],[-76.7325,-12.125],[-76.7324,-12.1249],[-76.7322,-12.1247],[-76.732,-12.1246],[-76.7318,-12.1245],[-76.7316,-12.1243],[-76.7313,-12.1242],[-76.7308,-12.124],[-76.7302,-12.1238],[-76.7298,-12.1237],[-76.7287,-12.1234],[-76.7283,-12.1233],[-76.7279,-12.1232],[-76.7274,-12.1232],[-76.7272,-12.1231],[-76.7268,-12.123],[-76.7261,-12.1228],[-76.7257,-12.1224],[-76.7255,-12.1223],[-76.7254,-12.1222],[-76.7252,-12.1221],[-76.725,-12.122],[-76.7248,-12.122],[-76.7246,-12.1219],[-76.7245,-12.1219],[-76.7244,-12.1219],[-76.7239,-12.1219],[-76.7232,-12.1219],[-76.7226,-12.1218],[-76.7222,-12.1218],[-76.7215,-12.1217],[-76.7208,-12.1215],[-76.7204,-12.1214],[-76.7196,-12.1212],[-76.7193,-12.1212],[-76.7192,-12.1211],[-76.7189,-12.121],[-76.7187,-12.1208],[-76.7183,-12.1204],[-76.7177,-12.1199],[-76.7175,-12.1197],[-76.7171,-12.1194],[-76.7168,-12.1192],[-76.7165,-12.119],[-76.7163,-12.1189],[-76.7156,-12.1185],[-76.7149,-12.1181],[-76.7146,-12.1179],[-76.7139,-12.1176],[-76.713,-12.1173],[-76.7121,-12.117],[-76.7113,-12.1167],[-76.7109,-12.1166],[-76.7091,-12.1154],[-76.7073,-12.114],[-76.7079,-12.1139],[-76.7085,-12.1139],[-76.7092,-12.1138],[-76.71,-12.1135],[-76.7108,-12.1123],[-76.7114,-12.1116],[-76.7123,-12.1102],[-76.7133,-12.1089],[-76.7138,-12.1077],[-76.7142,-12.1065],[-76.7144,-12.1059],[-76.7147,-12.1047],[-76.7147,-12.1033],[-76.7154,-12.1024],[-76.716,-12.1012],[-76.7166,-12.1001],[-76.7166,-12.0993],[-76.7162,-12.0984],[-76.7148,-12.0968],[-76.7119,-12.0944],[-76.7098,-12.0922],[-76.7088,-12.0911],[-76.7076,-12.0905],[-76.7067,-12.0898],[-76.7061,-12.0888],[-76.7059,-12.0881],[-76.7052,-12.0863],[-76.7043,-12.0859],[-76.702,-12.0861],[-76.7004,-12.0864],[-76.6995,-12.0872],[-76.6979,-12.0881],[-76.6966,-12.0884],[-76.6964,-12.0885],[-76.6949,-12.0885],[-76.6931,-12.0883],[-76.691,-12.0877],[-76.6875,-12.0869],[-76.6854,-12.0864],[-76.6841,-12.0859],[-76.682,-12.0844],[-76.6801,-12.0824],[-76.6791,-12.0806],[-76.6786,-12.0794],[-76.6776,-12.0782],[-76.6763,-12.0771],[-76.6752,-12.0756],[-76.6745,-12.0745],[-76.6735,-12.0735],[-76.6734,-12.0728],[-76.6736,-12.072],[-76.6739,-12.0715],[-76.6744,-12.0705],[-76.6747,-12.0689],[-76.6744,-12.0677],[-76.6743,-12.0673],[-76.6742,-12.0663],[-76.6742,-12.0644],[-76.6744,-12.0632],[-76.6746,-12.0621],[-76.6754,-12.0598],[-76.6758,-12.0586],[-76.6765,-12.0568],[-76.6771,-12.0552],[-76.6776,-12.0539],[-76.6781,-12.053],[-76.6786,-12.0523],[-76.6794,-12.0517],[-76.6795,-12.0515],[-76.6804,-12.0503],[-76.681,-12.0497],[-76.6812,-12.0496],[-76.6822,-12.0493],[-76.6827,-12.0489],[-76.6837,-12.048],[-76.686,-12.0463],[-76.6872,-12.0453],[-76.689,-12.0444],[-76.6893,-12.0441],[-76.6896,-12.0437],[-76.6901,-12.0428],[-76.6904,-12.0422],[-76.6913,-12.0414],[-76.6921,-12.0406],[-76.6951,-12.0371],[-76.6961,-12.0363],[-76.6968,-12.036],[-76.6977,-12.0354],[-76.6984,-12.0351],[-76.6991,-12.0349],[-76.6995,-12.0346],[-76.6998,-12.0343],[-76.7,-12.034],[-76.7006,-12.0324],[-76.7007,-12.0322],[-76.7011,-12.032],[-76.7017,-12.0318],[-76.7021,-12.0317],[-76.7022,-12.0315],[-76.7023,-12.0313],[-76.7026,-12.0309],[-76.7031,-12.0306],[-76.7038,-12.0306],[-76.7041,-12.0307],[-76.7043,-12.0307],[-76.7046,-12.0309],[-76.7054,-12.0317],[-76.7059,-12.032],[-76.7066,-12.0324],[-76.7072,-12.0312],[-76.7072,-12.0306],[-76.7071,-12.0295],[-76.7074,-12.0284],[-76.7078,-12.0275],[-76.7083,-12.0267],[-76.7092,-12.0251],[-76.7095,-12.0238],[-76.7094,-12.0222],[-76.7093,-12.0206],[-76.7093,-12.019],[-76.7099,-12.0174],[-76.7105,-12.0153],[-76.7114,-12.0138],[-76.7124,-12.012],[-76.7132,-12.0104],[-76.7146,-12.0088],[-76.7172,-12.006],[-76.719,-12.0037],[-76.7203,-12.0024],[-76.7211,-12.0016],[-76.722,-12.0004],[-76.7223,-11.9996]]]}},{"type":"Feature","properties":{"ubigeo":"150110","nombre":"Comas"},"geometry":{"type":"Polygon","coordinates":[[[-76.988,-11.8971],[-76.9899,-11.8994],[-76.9905,-11.9001],[-76.9922,-11.9007],[-76.9929,-11.9007],[-76.9942,-11.9003],[-76.9952,-11.8999],[-76.9953,-11.8998],[-76.9961,-11.8995],[-76.997,-11.8996],[-76.9978,-11.8997],[-76.9983,-11.8997],[-76.9997,-11.8998],[-77.0003,-11.8999],[-77.0014,-11.9007],[-77.0019,-11.9011],[-77.003,-11.9021],[-77.0047,-11.9035],[-77.0059,-11.9039],[-77.0071,-11.9039],[-77.009,-11.9039],[-77.0109,-11.9039],[-77.0121,-11.9038],[-77.0133,-11.9034],[-77.0143,-11.9032],[-77.0148,-11.9035],[-77.0161,-11.9041],[-77.0171,-11.9045],[-77.0187,-11.9048],[-77.0197,-11.9051],[-77.0212,-11.906],[-77.0219,-11.9068],[-77.0222,-11.9071],[-77.0228,-11.9077],[-77.0236,-11.9082],[-77.0244,-11.9088],[-77.0255,-11.9093],[-77.0264,-11.9094],[-77.0273,-11.9094],[-77.0279,-11.9095],[-77.0284,-11.9097],[-77.029,-11.91],[-77.0297,-11.9101],[-77.0308,-11.9101],[-77.0309,-11.9098],[-77.031,-11.9095],[-77.031,-11.9092],[-77.0309,-11.909],[-77.0309,-11.9089],[-77.0311,-11.9088],[-77.0312,-11.9087],[-77.0312,-11.9086],[-77.0314,-11.9085],[-77.0315,-11.9084],[-77.0317,-11.9083],[-77.0319,-11.9082],[-77.0319,-11.9081],[-77.0319,-11.908],[-77.0316,-11.9078],[-77.0315,-11.9078],[-77.0314,-11.9077],[-77.0315,-11.9076],[-77.0316,-11.9076],[-77.0319,-11.9074],[-77.0321,-11.9074],[-77.0323,-11.9073],[-77.0324,-11.9074],[-77.0326,-11.9076],[-77.0331,-11.9079],[-77.0334,-11.9074],[-77.0333,-11.9074],[-77.0341,-11.9062],[-77.0366,-11.9023],[-77.0367,-11.9022],[-77.0381,-11.9001],[-77.0383,-11.8998],[-77.0383,-11.8997],[-77.0383,-11.8996],[-77.0384,-11.8995],[-77.0386,-11.8993],[-77.0387,-11.8992],[-77.0387,-11.8991],[-77.0387,-11.8989],[-77.0386,-11.8985],[-77.0387,-11.8983],[-77.0388,-11.8982],[-77.0393,-11.8979],[-77.0407,-11.8954],[-77.0421,-11.8945],[-77.0426,-11.895],[-77.0428,-11.8952],[-77.0429,-11.8954],[-77.043,-11.8955],[-77.0431,-11.8958],[-77.0433,-11.8968],[-77.0435,-11.8972],[-77.0443,-11.8968],[-77.0445,-11.8971],[-77.0446,-11.8972],[-77.045,-11.8972],[-77.0452,-11.8973],[-77.0455,-11.8979],[-77.0464,-11.8974],[-77.0479,-11.8966],[-77.0479,-11.8963],[-77.0476,-11.8956],[-77.0471,-11.8948],[-77.0467,-11.894],[-77.0467,-11.8936],[-77.0473,-11.8928],[-77.0481,-11.8918],[-77.0489,-11.8907],[-77.0509,-11.8878],[-77.0517,-11.8876],[-77.0521,-11.8877],[-77.0525,-11.8879],[-77.0533,-11.8884],[-77.0537,-11.8889],[-77.0541,-11.8898],[-77.0542,-11.8901],[-77.0547,-11.8908],[-77.0552,-11.8915],[-77.0555,-11.8919],[-77.0561,-11.8928],[-77.0569,-11.8937],[-77.0582,-11.8948],[-77.0588,-11.8955],[-77.0593,-11.8961],[-77.0597,-11.8965],[-77.0598,-11.8966],[-77.0604,-11.8973],[-77.0609,-11.8978],[-77.0614,-11.8983],[-77.062,-11.8989],[-77.0628,-11.8997],[-77.0636,-11.9008],[-77.0641,-11.9015],[-77.0644,-11.9021],[-77.0647,-11.9026],[-77.0651,-11.9032],[-77.0655,-11.9039],[-77.0657,-11.9043],[-77.0659,-11.9049],[-77.0662,-11.9055],[-77.0663,-11.9059],[-77.0665,-11.9062],[-77.0668,-11.9068],[-77.0668,-11.9069],[-77.067,-11.9075],[-77.0673,-11.9078],[-77.0675,-11.908],[-77.0677,-11.9082],[-77.068,-11.9083],[-77.0683,-11.9083],[-77.0684,-11.9084],[-77.0689,-11.9085],[-77.0694,-11.9088],[-77.0697,-11.9092],[-77.07,-11.9098],[-77.0704,-11.9102],[-77.0705,-11.9105],[-77.0707,-11.9112],[-77.071,-11.9118],[-77.0712,-11.9125],[-77.0715,-11.9135],[-77.0718,-11.9147],[-77.0721,-11.9153],[-77.0723,-11.916],[-77.0724,-11.9165],[-77.0726,-11.9168],[-77.0727,-11.9169],[-77.0728,-11.917],[-77.0732,-11.9174],[-77.0735,-11.9176],[-77.0732,-11.9225],[-77.0731,-11.9241],[-77.073,-11.9245],[-77.0727,-11.9274],[-77.0724,-11.9304],[-77.0719,-11.9355],[-77.0717,-11.9379],[-77.0714,-11.9402],[-77.0712,-11.9417],[-77.0709,-11.9456],[-77.0709,-11.947],[-77.0707,-11.9479],[-77.0707,-11.9481],[-77.0704,-11.9501],[-77.0701,-11.9518],[-77.0699,-11.9525],[-77.0698,-11.9532],[-77.0652,-11.9525],[-77.0644,-11.9565],[-77.0626,-11.965],[-77.06,-11.9767],[-77.0598,-11.9769],[-77.0593,-11.9771],[-77.0581,-11.9768],[-77.058,-11.9763],[-77.0577,-11.9754],[-77.0576,-11.9752],[-77.0576,-11.9751],[-77.0574,-11.9751],[-77.0572,-11.9751],[-77.057,-11.9752],[-77.0567,-11.9752],[-77.0564,-11.9752],[-77.0563,-11.975],[-77.0561,-11.9748],[-77.0561,-11.9747],[-77.056,-11.9744],[-77.0557,-11.9742],[-77.0553,-11.974],[-77.0548,-11.9736],[-77.0544,-11.9733],[-77.0542,-11.9732],[-77.054,-11.973],[-77.0534,-11.9728],[-77.0529,-11.9721],[-77.0523,-11.971],[-77.0523,-11.9707],[-77.0521,-11.9702],[-77.0518,-11.9697],[-77.0515,-11.9696],[-77.0502,-11.9692],[-77.0493,-11.9686],[-77.0485,-11.9678],[-77.0479,-11.967],[-77.0471,-11.9664],[-77.0461,-11.9659],[-77.0444,-11.9656],[-77.043,-11.9655],[-77.0418,-11.9656],[-77.0417,-11.9656],[-77.0404,-11.9656],[-77.0392,-11.9652],[-77.0374,-11.9644],[-77.0359,-11.9636],[-77.035,-11.9631],[-77.0341,-11.9624],[-77.0329,-11.9617],[-77.0313,-11.9613],[-77.0295,-11.9609],[-77.0283,-11.9607],[-77.0271,-11.9589],[-77.0261,-11.9579],[-77.0253,-11.9569],[-77.024,-11.9555],[-77.0221,-11.9541],[-77.0205,-11.9529],[-77.0201,-11.9525],[-77.019,-11.9515],[-77.0176,-11.9496],[-77.017,-11.9439],[-77.0164,-11.9418],[-77.0165,-11.9399],[-77.0168,-11.9378],[-77.0162,-11.9368],[-77.0147,-11.936],[-77.0128,-11.9351],[-77.0102,-11.9334],[-77.0082,-11.9324],[-77.0065,-11.9315],[-77.0054,-11.9299],[-77.0051,-11.9289],[-77.0046,-11.9282],[-77.0034,-11.9268],[-77.0022,-11.9253],[-77.0003,-11.924],[-76.9996,-11.9229],[-76.9993,-11.921],[-76.9983,-11.9197],[-76.9969,-11.9185],[-76.9957,-11.9173],[-76.9928,-11.9169],[-76.9904,-11.917],[-76.989,-11.9168],[-76.9884,-11.9163],[-76.9888,-11.9152],[-76.9888,-11.915],[-76.9894,-11.9144],[-76.9902,-11.9135],[-76.9902,-11.9131],[-76.9901,-11.9115],[-76.9906,-11.9085],[-76.9905,-11.9073],[-76.9899,-11.9058],[-76.9892,-11.9041],[-76.9891,-11.9039],[-76.9886,-11.9013],[-76.9886,-11.8994],[-76.988,-11.8971]]]}},{"type":"Feature","properties":{"ubigeo":"150111","nombre":"El Agustino"},"geometry":{"type":"Polygon","coordinates":[[[-76.9367,-12.0214],[-76.9382,-12.0219],[-76.9384,-12.022],[-76.9386,-12.0219],[-76.9391,-12.0216],[-76.9398,-12.0215],[-76.94,-12.0214],[-76.9402,-12.0213],[-76.9406,-12.0212],[-76.9412,-12.0209],[-76.9415,-12.0208],[-76.9421,-12.0208],[-76.9428,-12.0209],[-76.9435,-12.0209],[-76.9441,-12.0208],[-76.9446,-12.0207],[-76.9451,-12.0206],[-76.9455,-12.0205],[-76.946,-12.0205],[-76.9465,-12.0205],[-76.9471,-12.0205],[-76.9484,-12.0205],[-76.9494,-12.0206],[-76.9507,-12.0207],[-76.9513,-12.0207],[-76.952,-12.0209],[-76.9526,-12.0213],[-76.9536,-12.0219],[-76.9541,-12.0223],[-76.9547,-12.0224],[-76.955,-12.0226],[-76.9556,-12.0226],[-76.9562,-12.0226],[-76.9566,-12.0227],[-76.9571,-12.0229],[-76.9577,-12.0231],[-76.959,-12.0237],[-76.9594,-12.0239],[-76.9602,-12.0241],[-76.9608,-12.0245],[-76.9618,-12.0249],[-76.9624,-12.025],[-76.9632,-12.0253],[-76.964,-12.0254],[-76.9646,-12.0255],[-76.9651,-12.0257],[-76.9655,-12.026],[-76.9661,-12.0262],[-76.9665,-12.0263],[-76.9671,-12.0265],[-76.9678,-12.0266],[-76.9683,-12.0266],[-76.9689,-12.0266],[-76.9694,-12.0265],[-76.9698,-12.0264],[-76.9703,-12.0263],[-76.971,-12.0263],[-76.9717,-12.0262],[-76.972,-12.0261],[-76.9722,-12.0261],[-76.9726,-12.0261],[-76.973,-12.026],[-76.9734,-12.026],[-76.9738,-12.0261],[-76.9742,-12.0262],[-76.9746,-12.0262],[-76.9751,-12.0262],[-76.9756,-12.0263],[-76.9759,-12.0262],[-76.9764,-12.0262],[-76.9767,-12.0261],[-76.977,-12.0261],[-76.9772,-12.026],[-76.9774,-12.026],[-76.9776,-12.026],[-76.9778,-12.0259],[-76.9781,-12.0259],[-76.9785,-12.0259],[-76.9788,-12.0258],[-76.979,-12.0258],[-76.9794,-12.0257],[-76.9797,-12.0256],[-76.9801,-12.0256],[-76.9804,-12.0255],[-76.9807,-12.0255],[-76.981,-12.0256],[-76.9815,-12.0256],[-76.9817,-12.0256],[-76.982,-12.0257],[-76.9824,-12.0257],[-76.9829,-12.0259],[-76.9835,-12.026],[-76.9842,-12.0262],[-76.9849,-12.0262],[-76.9854,-12.0263],[-76.986,-12.0264],[-76.9866,-12.0265],[-76.987,-12.0265],[-76.9877,-12.0265],[-76.9882,-12.0266],[-76.9885,-12.0267],[-76.9887,-12.0267],[-76.989,-12.0268],[-76.9892,-12.0269],[-76.9894,-12.0269],[-76.9899,-12.027],[-76.9905,-12.0269],[-76.9912,-12.0268],[-76.9916,-12.0268],[-76.9924,-12.0268],[-76.9929,-12.0269],[-76.9936,-12.027],[-76.9941,-12.027],[-76.9944,-12.0269],[-76.9948,-12.0269],[-76.9952,-12.0269],[-76.9958,-12.027],[-76.9962,-12.0271],[-76.9967,-12.0271],[-76.9973,-12.0273],[-76.9979,-12.0276],[-76.9983,-12.0277],[-76.9989,-12.0278],[-76.9997,-12.0279],[-77.0005,-12.0281],[-77.0009,-12.0282],[-77.0017,-12.0285],[-77.0023,-12.0286],[-77.003,-12.029],[-77.0037,-12.0293],[-77.0042,-12.0295],[-77.0051,-12.0296],[-77.0058,-12.0298],[-77.0062,-12.03],[-77.0071,-12.03],[-77.008,-12.03],[-77.0088,-12.0302],[-77.0093,-12.0304],[-77.0097,-12.0307],[-77.008,-12.0334],[-77.0089,-12.0341],[-77.0087,-12.0343],[-77.006,-12.0376],[-77.0057,-12.038],[-77.0047,-12.0417],[-77.003,-12.0469],[-77.0034,-12.0473],[-77.0037,-12.0474],[-77.0048,-12.048],[-77.0049,-12.0482],[-77.0052,-12.0485],[-77.0055,-12.0488],[-77.006,-12.0492],[-77.0064,-12.0495],[-77.0067,-12.0497],[-77.0068,-12.0497],[-77.0068,-12.0496],[-77.0073,-12.0491],[-77.0075,-12.0489],[-77.0077,-12.0487],[-77.0084,-12.0477],[-77.0082,-12.0474],[-77.0081,-12.0473],[-77.0085,-12.0465],[-77.0081,-12.0459],[-77.0073,-12.044],[-77.007,-12.0429],[-77.0074,-12.0426],[-77.0109,-12.0438],[-77.0107,-12.0446],[-77.0109,-12.0459],[-77.011,-12.0459],[-77.0109,-12.0474],[-77.011,-12.0485],[-77.0111,-12.0497],[-77.0113,-12.0507],[-77.0116,-12.0516],[-77.012,-12.0525],[-77.0121,-12.053],[-77.0122,-12.0534],[-77.0123,-12.0536],[-77.0116,-12.0544],[-77.0103,-12.0561],[-77.0095,-12.0569],[-77.0077,-12.0584],[-77.0075,-12.0586],[-77.0074,-12.0587],[-77.0073,-12.0588],[-77.0072,-12.0592],[-77.007,-12.0597],[-77.0067,-12.0603],[-77.0064,-12.0605],[-77.0061,-12.0606],[-77.0058,-12.0607],[-77.0053,-12.0606],[-77.005,-12.0605],[-77.0047,-12.0606],[-77.0044,-12.0606],[-77.004,-12.0606],[-77.0037,-12.0606],[-77.0034,-12.0607],[-77.0029,-12.061],[-77.0023,-12.0613],[-77.0018,-12.0617],[-77.0015,-12.0618],[-77.0011,-12.0618],[-77.0004,-12.0616],[-77.0001,-12.0615],[-77,-12.0614],[-76.9999,-12.0609],[-76.9999,-12.0607],[-76.9999,-12.0606],[-76.9997,-12.0606],[-76.9995,-12.0606],[-76.9992,-12.0605],[-76.9989,-12.0605],[-76.9986,-12.0605],[-76.9983,-12.0606],[-76.9978,-12.0608],[-76.9977,-12.0609],[-76.9974,-12.0609],[-76.9973,-12.0609],[-76.997,-12.0603],[-76.9968,-12.0599],[-76.9966,-12.0596],[-76.9964,-12.0594],[-76.9962,-12.0592],[-76.996,-12.0591],[-76.9959,-12.0591],[-76.9956,-12.059],[-76.9954,-12.059],[-76.9953,-12.0589],[-76.9952,-12.0588],[-76.9951,-12.0587],[-76.9949,-12.0584],[-76.9948,-12.0579],[-76.9946,-12.0577],[-76.9944,-12.0575],[-76.9941,-12.057],[-76.994,-12.057],[-76.9935,-12.0566],[-76.9926,-12.0565],[-76.9914,-12.0567],[-76.9903,-12.0574],[-76.9889,-12.0587],[-76.9878,-12.0593],[-76.9871,-12.0596],[-76.9861,-12.0597],[-76.9847,-12.0597],[-76.9834,-12.0598],[-76.9829,-12.0599],[-76.9826,-12.06],[-76.9824,-12.0602],[-76.9824,-12.0606],[-76.9825,-12.061],[-76.9825,-12.0611],[-76.9825,-12.0618],[-76.9825,-12.0622],[-76.9823,-12.0626],[-76.982,-12.0628],[-76.9819,-12.063],[-76.9819,-12.0631],[-76.9801,-12.0618],[-76.9784,-12.0607],[-76.9758,-12.0596],[-76.9734,-12.0585],[-76.9736,-12.0581],[-76.974,-12.0571],[-76.9748,-12.0552],[-76.9755,-12.0539],[-76.978,-12.055],[-76.9809,-12.0552],[-76.9827,-12.0559],[-76.9832,-12.056],[-76.984,-12.0561],[-76.9852,-12.0561],[-76.9862,-12.0558],[-76.9872,-12.0551],[-76.9881,-12.0542],[-76.989,-12.0532],[-76.9897,-12.0521],[-76.9898,-12.0508],[-76.9897,-12.0496],[-76.989,-12.0487],[-76.9886,-12.0484],[-76.9879,-12.048],[-76.9873,-12.0478],[-76.9869,-12.0476],[-76.9864,-12.0474],[-76.986,-12.0473],[-76.9859,-12.0472],[-76.9857,-12.047],[-76.9845,-12.0442],[-76.985,-12.0438],[-76.9854,-12.0436],[-76.986,-12.0429],[-76.9864,-12.0426],[-76.9875,-12.0415],[-76.988,-12.0406],[-76.9881,-12.0404],[-76.9884,-12.0397],[-76.988,-12.0396],[-76.9874,-12.0396],[-76.9867,-12.0397],[-76.9861,-12.0398],[-76.9851,-12.0399],[-76.9845,-12.0396],[-76.9832,-12.0401],[-76.9824,-12.0403],[-76.9819,-12.0404],[-76.981,-12.0405],[-76.9798,-12.0406],[-76.979,-12.0406],[-76.9783,-12.0403],[-76.9774,-12.0405],[-76.9762,-12.0405],[-76.9751,-12.0402],[-76.9742,-12.0399],[-76.9732,-12.0392],[-76.9687,-12.0357],[-76.9655,-12.0333],[-76.9644,-12.0324],[-76.9635,-12.0317],[-76.9624,-12.0312],[-76.9588,-12.0299],[-76.9569,-12.0295],[-76.9554,-12.0294],[-76.9552,-12.0293],[-76.9554,-12.0285],[-76.9552,-12.0279],[-76.9547,-12.027],[-76.9544,-12.0264],[-76.9538,-12.0253],[-76.9534,-12.0246],[-76.9532,-12.0242],[-76.9524,-12.0242],[-76.9511,-12.0243],[-76.9502,-12.0242],[-76.9492,-12.0243],[-76.9484,-12.0241],[-76.948,-12.0241],[-76.9475,-12.0241],[-76.9473,-12.0241],[-76.9469,-12.024],[-76.9466,-12.0238],[-76.9461,-12.0235],[-76.9457,-12.0234],[-76.9455,-12.0233],[-76.9449,-12.0233],[-76.9446,-12.0233],[-76.9439,-12.023],[-76.9434,-12.0228],[-76.9421,-12.0228],[-76.9411,-12.0226],[-76.9396,-12.0226],[-76.9389,-12.0225],[-76.9379,-12.0225],[-76.9367,-12.0214]]]}},{"type":"Feature","properties":{"ubigeo":"150112","nombre":"Independencia"},"geometry":{"type":"Polygon","coordinates":[[[-77.0307,-11.9964],[-77.0306,-11.9947],[-77.0303,-11.9927],[-77.0305,-11.9907],[-77.0304,-11.9897],[-77.0303,-11.989],[-77.0302,-11.9884],[-77.0301,-11.9872],[-77.0302,-11.9865],[-77.0303,-11.986],[-77.0303,-11.9858],[-77.0302,-11.9849],[-77.0296,-11.9838],[-77.0291,-11.9829],[-77.029,-11.9822],[-77.0291,-11.9805],[-77.0294,-11.978],[-77.0295,-11.9757],[-77.0296,-11.9711],[-77.0285,-11.9686],[-77.0279,-11.9676],[-77.0277,-11.9671],[-77.0277,-11.9666],[-77.0276,-11.9664],[-77.0279,-11.9657],[-77.0286,-11.9646],[-77.0288,-11.964],[-77.0287,-11.9625],[-77.0283,-11.9607],[-77.0295,-11.9609],[-77.0313,-11.9613],[-77.0329,-11.9617],[-77.0341,-11.9624],[-77.035,-11.9631],[-77.0359,-11.9636],[-77.0374,-11.9644],[-77.0392,-11.9652],[-77.0404,-11.9656],[-77.0417,-11.9656],[-77.0418,-11.9656],[-77.043,-11.9655],[-77.0444,-11.9656],[-77.0461,-11.9659],[-77.0471,-11.9664],[-77.0479,-11.967],[-77.0485,-11.9678],[-77.0493,-11.9686],[-77.0502,-11.9692],[-77.0515,-11.9696],[-77.0518,-11.9697],[-77.0521,-11.9702],[-77.0523,-11.9707],[-77.0523,-11.971],[-77.0529,-11.9721],[-77.0534,-11.9728],[-77.054,-11.973],[-77.0542,-11.9732],[-77.0544,-11.9733],[-77.0548,-11.9736],[-77.0553,-11.974],[-77.0557,-11.9742],[-77.056,-11.9744],[-77.0561,-11.9747],[-77.0561,-11.9748],[-77.0563,-11.975],[-77.0564,-11.9752],[-77.0567,-11.9752],[-77.057,-11.9752],[-77.0572,-11.9751],[-77.0574,-11.9751],[-77.0576,-11.9751],[-77.0576,-11.9752],[-77.0577,-11.9754],[-77.058,-11.9763],[-77.0581,-11.9768],[-77.0593,-11.9771],[-77.0598,-11.9769],[-77.0611,-11.9769],[-77.0642,-11.9773],[-77.0662,-11.9776],[-77.0656,-11.9816],[-77.0652,-11.9848],[-77.064,-11.9913],[-77.0639,-11.9921],[-77.0632,-11.996],[-77.0629,-11.9975],[-77.0625,-12.0004],[-77.062,-12.0046],[-77.0614,-12.0084],[-77.0594,-12.0082],[-77.0575,-12.008],[-77.0537,-12.0075],[-77.0536,-12.0081],[-77.0532,-12.01],[-77.053,-12.011],[-77.0503,-12.0105],[-77.0497,-12.0108],[-77.0494,-12.0115],[-77.0493,-12.0121],[-77.0493,-12.0122],[-77.0493,-12.0124],[-77.0493,-12.0125],[-77.0492,-12.0125],[-77.0492,-12.0126],[-77.0491,-12.0126],[-77.049,-12.0127],[-77.0489,-12.0128],[-77.0488,-12.0129],[-77.0488,-12.0131],[-77.0488,-12.0133],[-77.0488,-12.0135],[-77.0488,-12.0137],[-77.0489,-12.0139],[-77.0488,-12.0141],[-77.0487,-12.0143],[-77.0486,-12.0145],[-77.0487,-12.0146],[-77.0488,-12.0147],[-77.0488,-12.0149],[-77.0488,-12.015],[-77.0487,-12.0151],[-77.0486,-12.0153],[-77.0486,-12.0154],[-77.0485,-12.0155],[-77.0484,-12.0157],[-77.0483,-12.0159],[-77.0482,-12.0161],[-77.0482,-12.0163],[-77.0482,-12.0165],[-77.0482,-12.0167],[-77.0481,-12.017],[-77.0481,-12.0172],[-77.048,-12.0174],[-77.0478,-12.0178],[-77.0474,-12.0178],[-77.0473,-12.0178],[-77.047,-12.0178],[-77.0466,-12.0178],[-77.0464,-12.0177],[-77.0463,-12.0176],[-77.0461,-12.0174],[-77.0459,-12.0172],[-77.0457,-12.0171],[-77.0457,-12.0169],[-77.0458,-12.0167],[-77.0459,-12.0165],[-77.0458,-12.0159],[-77.0457,-12.0152],[-77.0457,-12.0147],[-77.0456,-12.0143],[-77.0454,-12.014],[-77.0453,-12.0139],[-77.0453,-12.0136],[-77.0453,-12.013],[-77.0451,-12.0122],[-77.0449,-12.0117],[-77.0439,-12.0101],[-77.0405,-12.007],[-77.0401,-12.0066],[-77.038,-12.0044],[-77.0337,-12.0012],[-77.0335,-12.0009],[-77.0327,-12],[-77.032,-11.9987],[-77.0312,-11.9971],[-77.0307,-11.9964]]]}},{"type":"Feature","properties":{"ubigeo":"150113","nombre":"Jesús María"},"geometry":{"type":"Polygon","coordinates":[[[-77.0363,-12.0798],[-77.0381,-12.0677],[-77.0375,-12.0642],[-77.0457,-12.0653],[-77.0467,-12.0667],[-77.0483,-12.0686],[-77.0497,-12.0703],[-77.051,-12.0718],[-77.0518,-12.0728],[-77.0529,-12.0741],[-77.0556,-12.0774],[-77.0569,-12.079],[-77.0573,-12.0794],[-77.0581,-12.0806],[-77.0592,-12.0818],[-77.0631,-12.0865],[-77.0624,-12.087],[-77.055,-12.0919],[-77.0532,-12.0931],[-77.0499,-12.0867],[-77.0496,-12.0862],[-77.0491,-12.0856],[-77.0486,-12.085],[-77.0463,-12.083],[-77.0436,-12.0832],[-77.0419,-12.0829],[-77.0417,-12.0807],[-77.0385,-12.0802],[-77.0363,-12.0798]]]}},{"type":"Feature","properties":{"ubigeo":"150114","nombre":"La Molina"},"geometry":{"type":"Polygon","coordinates":[[[-76.8891,-12.0594],[-76.8919,-12.0589],[-76.8964,-12.0589],[-76.8986,-12.0595],[-76.8998,-12.06],[-76.9012,-12.0604],[-76.9022,-12.0603],[-76.9034,-12.0599],[-76.9048,-12.0596],[-76.9059,-12.0594],[-76.9078,-12.0594],[-76.9099,-12.0594],[-76.9121,-12.0595],[-76.9137,-12.0595],[-76.9146,-12.0599],[-76.9147,-12.0599],[-76.9167,-12.0605],[-76.9175,-12.0615],[-76.9184,-12.0627],[-76.9192,-12.0638],[-76.9204,-12.0654],[-76.9213,-12.066],[-76.9215,-12.0661],[-76.9221,-12.0661],[-76.9231,-12.0658],[-76.924,-12.0655],[-76.9242,-12.0654],[-76.9243,-12.0653],[-76.9246,-12.0653],[-76.9252,-12.0653],[-76.9262,-12.0656],[-76.9266,-12.0655],[-76.9269,-12.0654],[-76.9275,-12.0653],[-76.9286,-12.0646],[-76.9294,-12.064],[-76.9309,-12.0633],[-76.9323,-12.0632],[-76.9334,-12.0635],[-76.9342,-12.0638],[-76.9348,-12.0642],[-76.935,-12.0643],[-76.9351,-12.0643],[-76.9352,-12.0643],[-76.9353,-12.0643],[-76.9355,-12.0642],[-76.9357,-12.0642],[-76.9358,-12.0642],[-76.9358,-12.0641],[-76.936,-12.0642],[-76.9362,-12.0641],[-76.9364,-12.0641],[-76.9394,-12.0649],[-76.9401,-12.064],[-76.9411,-12.0623],[-76.9412,-12.0622],[-76.9421,-12.0607],[-76.9443,-12.0567],[-76.9506,-12.0599],[-76.9539,-12.0614],[-76.9586,-12.0619],[-76.9609,-12.0627],[-76.9642,-12.0641],[-76.9681,-12.0656],[-76.9696,-12.0668],[-76.9701,-12.067],[-76.9704,-12.0671],[-76.9707,-12.0671],[-76.9709,-12.067],[-76.9712,-12.0669],[-76.9715,-12.0669],[-76.9717,-12.0675],[-76.9718,-12.0683],[-76.9719,-12.0684],[-76.972,-12.0688],[-76.9725,-12.0701],[-76.9732,-12.0714],[-76.9745,-12.0743],[-76.9754,-12.0765],[-76.9763,-12.0781],[-76.975,-12.0787],[-76.9749,-12.0784],[-76.9748,-12.078],[-76.9748,-12.0778],[-76.9746,-12.0777],[-76.9744,-12.0775],[-76.9738,-12.0793],[-76.9739,-12.0816],[-76.9738,-12.0821],[-76.9733,-12.083],[-76.973,-12.0835],[-76.9729,-12.0838],[-76.9699,-12.0833],[-76.9676,-12.0817],[-76.967,-12.0811],[-76.9654,-12.0787],[-76.9631,-12.0766],[-76.9619,-12.076],[-76.9604,-12.0757],[-76.9592,-12.0758],[-76.9583,-12.0759],[-76.9579,-12.0758],[-76.9574,-12.076],[-76.9571,-12.0762],[-76.9567,-12.0766],[-76.9564,-12.0769],[-76.9561,-12.0773],[-76.9558,-12.0777],[-76.9556,-12.078],[-76.9555,-12.0784],[-76.9557,-12.0784],[-76.956,-12.0787],[-76.9566,-12.0791],[-76.9573,-12.0796],[-76.9592,-12.0817],[-76.9601,-12.0829],[-76.9606,-12.0842],[-76.9609,-12.0852],[-76.9609,-12.0865],[-76.9603,-12.0909],[-76.9598,-12.0927],[-76.9591,-12.0938],[-76.9588,-12.0942],[-76.9582,-12.0956],[-76.958,-12.0973],[-76.9573,-12.0981],[-76.9563,-12.0987],[-76.9556,-12.0993],[-76.9545,-12.1004],[-76.954,-12.101],[-76.9531,-12.1021],[-76.952,-12.1035],[-76.9512,-12.1044],[-76.9508,-12.105],[-76.9506,-12.1065],[-76.9504,-12.1075],[-76.9498,-12.1088],[-76.9491,-12.1099],[-76.9488,-12.1109],[-76.9486,-12.1121],[-76.9484,-12.1135],[-76.9481,-12.115],[-76.9477,-12.1175],[-76.9476,-12.118],[-76.9472,-12.1184],[-76.9467,-12.1187],[-76.9462,-12.1188],[-76.9457,-12.1189],[-76.9449,-12.1192],[-76.9443,-12.1197],[-76.9438,-12.1203],[-76.9437,-12.1205],[-76.9432,-12.1208],[-76.9425,-12.121],[-76.9419,-12.121],[-76.9415,-12.1211],[-76.9412,-12.1215],[-76.9408,-12.1222],[-76.9379,-12.1225],[-76.935,-12.1234],[-76.9332,-12.1238],[-76.9311,-12.1235],[-76.9295,-12.1229],[-76.9284,-12.1225],[-76.9258,-12.1216],[-76.9244,-12.121],[-76.923,-12.1204],[-76.9217,-12.1196],[-76.921,-12.1191],[-76.9202,-12.1189],[-76.9183,-12.119],[-76.9182,-12.1191],[-76.917,-12.1196],[-76.9165,-12.1199],[-76.915,-12.1207],[-76.9144,-12.121],[-76.9127,-12.1212],[-76.9116,-12.1217],[-76.9108,-12.1223],[-76.9106,-12.1221],[-76.9082,-12.1196],[-76.9066,-12.1176],[-76.9061,-12.1168],[-76.9057,-12.116],[-76.9041,-12.1142],[-76.9039,-12.1141],[-76.903,-12.1137],[-76.9012,-12.1135],[-76.9011,-12.1135],[-76.8981,-12.1144],[-76.8978,-12.1142],[-76.8974,-12.1141],[-76.8963,-12.1126],[-76.8954,-12.1099],[-76.8947,-12.1077],[-76.8942,-12.106],[-76.8921,-12.1035],[-76.8917,-12.103],[-76.8906,-12.1016],[-76.8901,-12.1004],[-76.8899,-12.0992],[-76.89,-12.0982],[-76.8906,-12.097],[-76.8915,-12.0956],[-76.8915,-12.0947],[-76.8914,-12.0937],[-76.8911,-12.0931],[-76.8909,-12.093],[-76.8902,-12.0927],[-76.8891,-12.0927],[-76.8887,-12.0927],[-76.8876,-12.0926],[-76.8866,-12.0925],[-76.8858,-12.0924],[-76.8851,-12.0917],[-76.8849,-12.0911],[-76.8845,-12.0906],[-76.884,-12.0898],[-76.884,-12.0894],[-76.8843,-12.0887],[-76.8847,-12.0878],[-76.8852,-12.0873],[-76.8859,-12.0868],[-76.8863,-12.0862],[-76.8864,-12.0858],[-76.8864,-12.0856],[-76.8864,-12.0855],[-76.8862,-12.0852],[-76.8861,-12.085],[-76.8858,-12.0848],[-76.8855,-12.0843],[-76.8854,-12.0835],[-76.8854,-12.0801],[-76.8854,-12.0776],[-76.8856,-12.0764],[-76.8861,-12.0761],[-76.8873,-12.0762],[-76.8887,-12.0758],[-76.8896,-12.0754],[-76.8899,-12.0744],[-76.8904,-12.0715],[-76.8905,-12.0709],[-76.8906,-12.0696],[-76.8911,-12.0672],[-76.891,-12.0657],[-76.8901,-12.0635],[-76.8899,-12.0631],[-76.8896,-12.0615],[-76.8891,-12.0594]]]}},{"type":"Feature","properties":{"ubigeo":"150115","nombre":"La Victoria"},"geometry":{"type":"Polygon","coordinates":[[[-77.0032,-12.0626],[-77.0039,-12.0624],[-77.0045,-12.0621],[-77.0054,-12.0614],[-77.006,-12.0612],[-77.0063,-12.061],[-77.0071,-12.0606],[-77.0073,-12.0603],[-77.0108,-12.0608],[-77.0138,-12.0612],[-77.0156,-12.0614],[-77.0166,-12.0589],[-77.0171,-12.0583],[-77.0174,-12.0575],[-77.0258,-12.0585],[-77.0354,-12.0595],[-77.0353,-12.0604],[-77.0313,-12.0708],[-77.0281,-12.0787],[-77.0244,-12.088],[-77.0241,-12.0886],[-77.0235,-12.0894],[-77.0232,-12.0899],[-77.023,-12.0902],[-77.0228,-12.0908],[-77.0098,-12.0892],[-77.01,-12.0874],[-77.0101,-12.0867],[-77.0101,-12.0865],[-77.0101,-12.0863],[-77.01,-12.086],[-77.0099,-12.0855],[-77.0099,-12.085],[-77.0041,-12.0841],[-77.0042,-12.0836],[-77.0042,-12.0834],[-77.0043,-12.0829],[-77.0043,-12.0828],[-77.0045,-12.0824],[-77.0048,-12.0818],[-77.0052,-12.0814],[-77.0057,-12.081],[-77.006,-12.0808],[-77.0067,-12.0805],[-77.0074,-12.0803],[-77.0086,-12.08],[-77.0089,-12.0799],[-77.0092,-12.0797],[-77.0095,-12.0795],[-77.0099,-12.0791],[-77.0101,-12.0789],[-77.0104,-12.0782],[-77.0103,-12.0779],[-77.0101,-12.077],[-77.01,-12.0768],[-77.0099,-12.0767],[-77.0097,-12.0763],[-77.0095,-12.0761],[-77.0089,-12.0756],[-77.0079,-12.0749],[-77.0056,-12.0736],[-77.0052,-12.0734],[-77.003,-12.0721],[-77.0025,-12.0719],[-76.9963,-12.0683],[-76.9995,-12.0642],[-76.9999,-12.0635],[-77.0004,-12.0635],[-77.0007,-12.0634],[-77.0012,-12.0633],[-77.0021,-12.063],[-77.0023,-12.0629],[-77.0032,-12.0626]]]}},{"type":"Feature","properties":{"ubigeo":"150116","nombre":"Lince"},"geometry":{"type":"Polygon","coordinates":[[[-77.0228,-12.0908],[-77.023,-12.0902],[-77.0232,-12.0899],[-77.0235,-12.0894],[-77.0241,-12.0886],[-77.0244,-12.088],[-77.0281,-12.0787],[-77.0363,-12.0798],[-77.0385,-12.0802],[-77.0417,-12.0807],[-77.0419,-12.0829],[-77.0436,-12.0832],[-77.0463,-12.083],[-77.0486,-12.085],[-77.0476,-12.0916],[-77.0465,-12.0914],[-77.0465,-12.0917],[-77.0431,-12.0912],[-77.0432,-12.0905],[-77.0337,-12.0892],[-77.0335,-12.0907],[-77.0299,-12.0912],[-77.0302,-12.0919],[-77.0228,-12.0908]]]}},{"type":"Feature","properties":{"ubigeo":"150117","nombre":"Los Olivos"},"geometry":{"type":"Polygon","coordinates":[[[-77.0598,-11.9769],[-77.06,-11.9767],[-77.0626,-11.965],[-77.0644,-11.9565],[-77.0652,-11.9525],[-77.0698,-11.9532],[-77.0699,-11.9525],[-77.0701,-11.9518],[-77.0704,-11.9501],[-77.0707,-11.9481],[-77.0707,-11.9479],[-77.0709,-11.947],[-77.0709,-11.9456],[-77.0712,-11.9417],[-77.0714,-11.9402],[-77.0717,-11.9379],[-77.0719,-11.9355],[-77.0724,-11.9304],[-77.0727,-11.9274],[-77.073,-11.9245],[-77.0731,-11.9241],[-77.0732,-11.9225],[-77.0735,-11.9176],[-77.0738,-11.9178],[-77.074,-11.918],[-77.0744,-11.9187],[-77.0747,-11.9192],[-77.0748,-11.9195],[-77.0751,-11.92],[-77.0753,-11.9205],[-77.0755,-11.921],[-77.0758,-11.9214],[-77.0761,-11.9218],[-77.0762,-11.9222],[-77.0763,-11.9224],[-77.0765,-11.9227],[-77.0767,-11.9231],[-77.077,-11.9236],[-77.0771,-11.9237],[-77.0771,-11.9241],[-77.077,-11.9245],[-77.077,-11.9249],[-77.077,-11.9253],[-77.0771,-11.9257],[-77.0772,-11.9262],[-77.0772,-11.9265],[-77.0772,-11.9271],[-77.0773,-11.9277],[-77.0774,-11.9281],[-77.0776,-11.9287],[-77.078,-11.9292],[-77.0785,-11.9297],[-77.0789,-11.9301],[-77.0794,-11.9304],[-77.08,-11.931],[-77.0807,-11.9313],[-77.0811,-11.9317],[-77.0813,-11.9319],[-77.0815,-11.9323],[-77.0815,-11.9328],[-77.0817,-11.9331],[-77.082,-11.9337],[-77.0826,-11.9351],[-77.083,-11.9358],[-77.0836,-11.9364],[-77.084,-11.9367],[-77.0839,-11.9398],[-77.0839,-11.9403],[-77.0845,-11.9424],[-77.085,-11.9441],[-77.0852,-11.945],[-77.0856,-11.9463],[-77.0857,-11.9474],[-77.0858,-11.9487],[-77.0856,-11.9506],[-77.0842,-11.9621],[-77.0838,-11.9648],[-77.0837,-11.9651],[-77.0838,-11.9669],[-77.0839,-11.9679],[-77.0841,-11.9686],[-77.0845,-11.9697],[-77.0846,-11.9698],[-77.0853,-11.9711],[-77.0878,-11.974],[-77.0859,-11.9757],[-77.0852,-11.9761],[-77.0851,-11.9761],[-77.0843,-11.9764],[-77.0832,-11.9767],[-77.0858,-11.9826],[-77.0785,-11.9833],[-77.0786,-11.9842],[-77.0787,-11.9848],[-77.0801,-11.9873],[-77.0807,-11.9885],[-77.0814,-11.9899],[-77.0818,-11.9908],[-77.0825,-11.9918],[-77.0831,-11.9929],[-77.084,-11.9944],[-77.0841,-11.9948],[-77.0847,-11.9964],[-77.0847,-11.9968],[-77.0846,-11.9977],[-77.084,-11.9999],[-77.0837,-12.0012],[-77.0823,-12.0066],[-77.082,-12.0081],[-77.082,-12.0083],[-77.0815,-12.0093],[-77.0797,-12.0127],[-77.0797,-12.0128],[-77.0769,-12.0122],[-77.0749,-12.0118],[-77.0731,-12.0116],[-77.0705,-12.011],[-77.0677,-12.01],[-77.0673,-12.0099],[-77.0664,-12.0096],[-77.0648,-12.0091],[-77.0642,-12.0089],[-77.0636,-12.0088],[-77.0614,-12.0084],[-77.062,-12.0046],[-77.0625,-12.0004],[-77.0629,-11.9975],[-77.0632,-11.996],[-77.0639,-11.9921],[-77.064,-11.9913],[-77.0652,-11.9848],[-77.0656,-11.9816],[-77.0662,-11.9776],[-77.0642,-11.9773],[-77.0611,-11.9769],[-77.0598,-11.9769]]]}},{"type":"Feature","properties":{"ubigeo":"150118","nombre":"Lurigancho"},"geometry":{"type":"Polygon","coordinates":[[[-76.7148,-11.9924],[-76.7125,-11.9929],[-76.71,-11.9929],[-76.7085,-11.9923],[-76.7065,-11.9908],[-76.7038,-11.9886],[-76.7015,-11.9868],[-76.7,-11.9859],[-76.6989,-11.986],[-76.6977,-11.9863],[-76.6959,-11.9866],[-76.6942,-11.9866],[-76.6933,-11.9865],[-76.6922,-11.9868],[-76.6907,-11.9869],[-76.6892,-11.988],[-76.6872,-11.9891],[-76.6859,-11.9895],[-76.6843,-11.9894],[-76.681,-11.9881],[-76.6796,-11.9865],[-76.6779,-11.9853],[-76.6766,-11.9837],[-76.6748,-11.9813],[-76.6735,-11.9802],[-76.6723,-11.9802],[-76.6708,-11.9804],[-76.6694,-11.9809],[-76.6679,-11.9805],[-76.6651,-11.9792],[-76.6635,-11.9792],[-76.6614,-11.9791],[-76.6598,-11.9773],[-76.658,-11.9763],[-76.6564,-11.9752],[-76.6551,-11.9736],[-76.6547,-11.9718],[-76.6539,-11.971],[-76.6522,-11.9706],[-76.6502,-11.9691],[-76.6483,-11.9674],[-76.6485,-11.9662],[-76.6485,-11.9645],[-76.6477,-11.9621],[-76.6469,-11.9605],[-76.6467,-11.9577],[-76.6467,-11.9559],[-76.6469,-11.9543],[-76.647,-11.9529],[-76.6473,-11.9523],[-76.6487,-11.9506],[-76.6513,-11.9482],[-76.6528,-11.9463],[-76.6548,-11.944],[-76.6591,-11.9401],[-76.6612,-11.9379],[-76.6624,-11.9366],[-76.665,-11.9347],[-76.6666,-11.9337],[-76.6692,-11.9326],[-76.6707,-11.931],[-76.6713,-11.93],[-76.6717,-11.9289],[-76.6712,-11.9279],[-76.6708,-11.9272],[-76.6704,-11.9261],[-76.67,-11.9255],[-76.6698,-11.9248],[-76.6688,-11.9235],[-76.669,-11.9232],[-76.6691,-11.9226],[-76.6693,-11.9217],[-76.6694,-11.9213],[-76.6694,-11.9212],[-76.6697,-11.9211],[-76.6704,-11.921],[-76.6711,-11.9209],[-76.6716,-11.9209],[-76.672,-11.9208],[-76.6721,-11.9208],[-76.6725,-11.9207],[-76.6727,-11.9206],[-76.6727,-11.9205],[-76.6728,-11.9203],[-76.6733,-11.92],[-76.6737,-11.9195],[-76.6747,-11.9185],[-76.675,-11.9182],[-76.6753,-11.9179],[-76.6755,-11.9175],[-76.6756,-11.9174],[-76.6758,-11.9171],[-76.6759,-11.917],[-76.6761,-11.9168],[-76.6764,-11.9168],[-76.6768,-11.9168],[-76.6772,-11.9168],[-76.6778,-11.9166],[-76.679,-11.9162],[-76.6803,-11.9157],[-76.6808,-11.9154],[-76.681,-11.915],[-76.6812,-11.9142],[-76.6813,-11.9139],[-76.6814,-11.9136],[-76.6817,-11.9127],[-76.6818,-11.912],[-76.6819,-11.9119],[-76.6823,-11.9111],[-76.6835,-11.9101],[-76.6853,-11.9086],[-76.6864,-11.908],[-76.6869,-11.9077],[-76.6881,-11.9069],[-76.6894,-11.9057],[-76.6903,-11.9045],[-76.6918,-11.9029],[-76.6928,-11.9019],[-76.6933,-11.9004],[-76.6937,-11.8981],[-76.6941,-11.8966],[-76.6961,-11.8949],[-76.6985,-11.8936],[-76.7002,-11.8929],[-76.7008,-11.8927],[-76.7034,-11.8915],[-76.704,-11.8914],[-76.7062,-11.8921],[-76.7079,-11.8924],[-76.7096,-11.8924],[-76.7109,-11.8922],[-76.7114,-11.8916],[-76.7118,-11.8908],[-76.7124,-11.8896],[-76.7135,-11.8888],[-76.7145,-11.8884],[-76.7168,-11.8877],[-76.7178,-11.8876],[-76.7182,-11.8871],[-76.7186,-11.8863],[-76.7194,-11.8851],[-76.7207,-11.8836],[-76.7216,-11.8824],[-76.7225,-11.8809],[-76.7237,-11.88],[-76.7248,-11.8791],[-76.7249,-11.879],[-76.7257,-11.8782],[-76.7263,-11.8771],[-76.7268,-11.8757],[-76.7267,-11.8745],[-76.727,-11.8748],[-76.7272,-11.875],[-76.7279,-11.8756],[-76.7279,-11.8757],[-76.729,-11.877],[-76.7297,-11.8777],[-76.7303,-11.8785],[-76.7307,-11.8792],[-76.7309,-11.8814],[-76.731,-11.8816],[-76.731,-11.8817],[-76.7312,-11.8821],[-76.7314,-11.8827],[-76.7323,-11.8842],[-76.7332,-11.8859],[-76.7334,-11.8864],[-76.7343,-11.8873],[-76.735,-11.8883],[-76.7364,-11.8902],[-76.7377,-11.8917],[-76.7382,-11.8924],[-76.7389,-11.8933],[-76.7396,-11.8938],[-76.7402,-11.8941],[-76.7408,-11.8945],[-76.7413,-11.8948],[-76.7417,-11.895],[-76.7426,-11.895],[-76.744,-11.8948],[-76.7452,-11.8947],[-76.7462,-11.8945],[-76.747,-11.8944],[-76.7481,-11.8946],[-76.7486,-11.8948],[-76.7496,-11.8953],[-76.751,-11.8968],[-76.7521,-11.8978],[-76.7529,-11.8982],[-76.7539,-11.8989],[-76.7548,-11.9003],[-76.7562,-11.9019],[-76.7571,-11.9029],[-76.7587,-11.9037],[-76.7599,-11.9043],[-76.7608,-11.9047],[-76.7629,-11.9055],[-76.7642,-11.9063],[-76.7661,-11.9077],[-76.7681,-11.9091],[-76.7689,-11.9095],[-76.7707,-11.911],[-76.7728,-11.9132],[-76.7754,-11.9146],[-76.777,-11.9157],[-76.7776,-11.9157],[-76.7781,-11.9154],[-76.7788,-11.9152],[-76.7796,-11.9155],[-76.7802,-11.9158],[-76.782,-11.9172],[-76.7833,-11.9182],[-76.7849,-11.9192],[-76.7852,-11.9195],[-76.7868,-11.921],[-76.7883,-11.9225],[-76.789,-11.9237],[-76.7897,-11.9254],[-76.79,-11.9257],[-76.7908,-11.9266],[-76.7917,-11.9276],[-76.7924,-11.9278],[-76.7935,-11.9282],[-76.7952,-11.929],[-76.7959,-11.9291],[-76.798,-11.9294],[-76.7991,-11.9291],[-76.8001,-11.9289],[-76.8005,-11.9287],[-76.801,-11.9285],[-76.8023,-11.9283],[-76.8028,-11.9283],[-76.8043,-11.9281],[-76.8058,-11.9279],[-76.8076,-11.9277],[-76.8094,-11.9279],[-76.8109,-11.9282],[-76.8122,-11.928],[-76.8132,-11.9276],[-76.814,-11.9271],[-76.8141,-11.9271],[-76.8146,-11.9267],[-76.8147,-11.9267],[-76.8154,-11.9267],[-76.8164,-11.9268],[-76.8173,-11.9273],[-76.818,-11.9277],[-76.8182,-11.9277],[-76.8202,-11.929],[-76.8229,-11.932],[-76.8253,-11.9343],[-76.8258,-11.9358],[-76.826,-11.9366],[-76.8259,-11.9384],[-76.8259,-11.941],[-76.8265,-11.9423],[-76.827,-11.9431],[-76.8275,-11.9436],[-76.8277,-11.9438],[-76.8284,-11.9444],[-76.8293,-11.945],[-76.8304,-11.9452],[-76.832,-11.9452],[-76.8333,-11.9446],[-76.8334,-11.9446],[-76.8353,-11.9439],[-76.837,-11.943],[-76.8389,-11.9419],[-76.8398,-11.9414],[-76.8429,-11.9389],[-76.8441,-11.9373],[-76.8446,-11.9367],[-76.8455,-11.9358],[-76.8468,-11.9352],[-76.8488,-11.9351],[-76.849,-11.9351],[-76.8503,-11.9352],[-76.8525,-11.9358],[-76.8547,-11.9372],[-76.8558,-11.9388],[-76.8573,-11.9408],[-76.8595,-11.9426],[-76.8614,-11.9438],[-76.8635,-11.9451],[-76.8659,-11.9463],[-76.8692,-11.9474],[-76.8741,-11.9485],[-76.8767,-11.9498],[-76.8784,-11.9509],[-76.8798,-11.9511],[-76.8819,-11.9511],[-76.8834,-11.9515],[-76.8864,-11.9523],[-76.8905,-11.9549],[-76.8937,-11.9562],[-76.896,-11.9563],[-76.8999,-11.9555],[-76.9024,-11.9549],[-76.9058,-11.9546],[-76.908,-11.9541],[-76.9093,-11.9544],[-76.9104,-11.9546],[-76.9122,-11.9556],[-76.9135,-11.9569],[-76.915,-11.9581],[-76.9166,-11.9598],[-76.9183,-11.96],[-76.9195,-11.9591],[-76.9202,-11.9578],[-76.9203,-11.9566],[-76.9206,-11.9538],[-76.9223,-11.95],[-76.9235,-11.9473],[-76.9258,-11.9451],[-76.9278,-11.9436],[-76.9292,-11.9428],[-76.9314,-11.9422],[-76.932,-11.9433],[-76.9324,-11.9447],[-76.9336,-11.9459],[-76.9349,-11.9465],[-76.9356,-11.9468],[-76.9371,-11.9476],[-76.9381,-11.9483],[-76.9385,-11.9492],[-76.9389,-11.95],[-76.9397,-11.9513],[-76.9409,-11.9523],[-76.9427,-11.9528],[-76.9446,-11.9531],[-76.9462,-11.9525],[-76.9481,-11.9521],[-76.9492,-11.9526],[-76.9502,-11.9538],[-76.95,-11.9555],[-76.9503,-11.9579],[-76.9506,-11.9607],[-76.9508,-11.9626],[-76.9535,-11.9694],[-76.9547,-11.9717],[-76.9569,-11.9746],[-76.9577,-11.976],[-76.9579,-11.9764],[-76.9592,-11.979],[-76.961,-11.9818],[-76.9624,-11.9838],[-76.9629,-11.9852],[-76.9637,-11.9872],[-76.9647,-11.9892],[-76.9655,-11.9905],[-76.9667,-11.9925],[-76.9682,-11.9936],[-76.9694,-11.9949],[-76.9698,-11.9966],[-76.9696,-11.9986],[-76.9692,-12.0005],[-76.9674,-12.0043],[-76.9662,-12.0048],[-76.965,-12.0052],[-76.9633,-12.006],[-76.9617,-12.0063],[-76.9616,-12.0063],[-76.9615,-12.0064],[-76.9604,-12.0073],[-76.9594,-12.008],[-76.9581,-12.0092],[-76.9564,-12.0104],[-76.9552,-12.0123],[-76.9547,-12.0129],[-76.9539,-12.0144],[-76.9529,-12.0168],[-76.9529,-12.017],[-76.9528,-12.0172],[-76.9528,-12.0173],[-76.9522,-12.0178],[-76.9522,-12.0183],[-76.9522,-12.0187],[-76.9522,-12.0189],[-76.9523,-12.0191],[-76.9521,-12.0191],[-76.9521,-12.0193],[-76.9522,-12.0197],[-76.9524,-12.0203],[-76.9525,-12.021],[-76.9526,-12.0213],[-76.952,-12.0209],[-76.9513,-12.0207],[-76.9507,-12.0207],[-76.9494,-12.0206],[-76.9484,-12.0205],[-76.9471,-12.0205],[-76.9465,-12.0205],[-76.946,-12.0205],[-76.9455,-12.0205],[-76.9451,-12.0206],[-76.9446,-12.0207],[-76.9441,-12.0208],[-76.9435,-12.0209],[-76.9428,-12.0209],[-76.9421,-12.0208],[-76.9415,-12.0208],[-76.9412,-12.0209],[-76.9406,-12.0212],[-76.9402,-12.0213],[-76.94,-12.0214],[-76.9398,-12.0215],[-76.9391,-12.0216],[-76.9386,-12.0219],[-76.9384,-12.022],[-76.9382,-12.0219],[-76.9367,-12.0214],[-76.9363,-12.0215],[-76.936,-12.0216],[-76.9357,-12.0218],[-76.9353,-12.0219],[-76.9346,-12.0217],[-76.9339,-12.0217],[-76.9327,-12.0218],[-76.9315,-12.022],[-76.9304,-12.022],[-76.9289,-12.022],[-76.9272,-12.022],[-76.9258,-12.0219],[-76.9249,-12.0219],[-76.9241,-12.0218],[-76.9233,-12.0216],[-76.9222,-12.0214],[-76.9213,-12.0212],[-76.9203,-12.0212],[-76.9195,-12.0211],[-76.9189,-12.021],[-76.918,-12.0208],[-76.9173,-12.0205],[-76.9166,-12.0206],[-76.9156,-12.0204],[-76.915,-12.0204],[-76.9144,-12.0203],[-76.9142,-12.0201],[-76.9138,-12.0199],[-76.913,-12.0195],[-76.9125,-12.0193],[-76.912,-12.0189],[-76.9111,-12.0186],[-76.9105,-12.0184],[-76.91,-12.0182],[-76.9095,-12.0181],[-76.9091,-12.0178],[-76.9085,-12.0178],[-76.9082,-12.0179],[-76.9078,-12.0179],[-76.9072,-12.0177],[-76.9067,-12.0175],[-76.9063,-12.0173],[-76.9056,-12.0171],[-76.9053,-12.017],[-76.9049,-12.017],[-76.9047,-12.0169],[-76.9045,-12.0167],[-76.9041,-12.0165],[-76.9038,-12.0163],[-76.9034,-12.0161],[-76.9031,-12.0159],[-76.9029,-12.0159],[-76.9026,-12.0158],[-76.9024,-12.0156],[-76.9021,-12.0155],[-76.9016,-12.0153],[-76.9014,-12.015],[-76.9011,-12.0148],[-76.9009,-12.0146],[-76.9007,-12.0146],[-76.9005,-12.0146],[-76.9003,-12.0145],[-76.9002,-12.0144],[-76.8999,-12.0143],[-76.8997,-12.0142],[-76.8993,-12.0141],[-76.8987,-12.0139],[-76.8982,-12.0137],[-76.8978,-12.0136],[-76.8974,-12.0135],[-76.8968,-12.0134],[-76.8964,-12.0134],[-76.896,-12.0133],[-76.8955,-12.0131],[-76.8951,-12.0131],[-76.8944,-12.013],[-76.894,-12.0129],[-76.8937,-12.0128],[-76.8935,-12.0128],[-76.8931,-12.0128],[-76.8927,-12.0128],[-76.8923,-12.0128],[-76.892,-12.0127],[-76.8918,-12.0127],[-76.8912,-12.0126],[-76.8907,-12.0125],[-76.8904,-12.0125],[-76.8902,-12.0125],[-76.8899,-12.0124],[-76.8897,-12.0122],[-76.8895,-12.0122],[-76.8888,-12.0119],[-76.8884,-12.0117],[-76.888,-12.0117],[-76.8876,-12.0116],[-76.8871,-12.0114],[-76.8866,-12.0112],[-76.8863,-12.0111],[-76.8859,-12.0109],[-76.8853,-12.0109],[-76.8849,-12.0108],[-76.8846,-12.0108],[-76.884,-12.0107],[-76.8834,-12.0105],[-76.8829,-12.0103],[-76.8826,-12.0102],[-76.8823,-12.0101],[-76.8821,-12.0101],[-76.8819,-12.0101],[-76.8816,-12.0101],[-76.8815,-12.0101],[-76.8813,-12.01],[-76.8809,-12.0099],[-76.8805,-12.0099],[-76.8802,-12.0098],[-76.88,-12.0097],[-76.8799,-12.0096],[-76.8793,-12.0094],[-76.8787,-12.0093],[-76.8784,-12.0092],[-76.8781,-12.009],[-76.8777,-12.0088],[-76.8774,-12.0087],[-76.8769,-12.0088],[-76.8764,-12.0088],[-76.8759,-12.0088],[-76.8757,-12.0087],[-76.8754,-12.0087],[-76.8749,-12.0086],[-76.8746,-12.0086],[-76.8743,-12.0086],[-76.8739,-12.0086],[-76.8737,-12.0086],[-76.8736,-12.0087],[-76.8734,-12.0087],[-76.8733,-12.0086],[-76.8732,-12.0084],[-76.873,-12.0083],[-76.8724,-12.0082],[-76.8721,-12.0082],[-76.8718,-12.0082],[-76.8716,-12.0083],[-76.8714,-12.0082],[-76.8712,-12.0081],[-76.871,-12.008],[-76.8705,-12.008],[-76.87,-12.0079],[-76.8697,-12.0078],[-76.8692,-12.0076],[-76.8689,-12.0074],[-76.8685,-12.0073],[-76.8681,-12.0071],[-76.8679,-12.0071],[-76.8677,-12.0071],[-76.8674,-12.0071],[-76.867,-12.007],[-76.8663,-12.0069],[-76.8658,-12.0069],[-76.8649,-12.0068],[-76.8642,-12.0066],[-76.8635,-12.0065],[-76.8627,-12.0065],[-76.8616,-12.0065],[-76.8613,-12.0063],[-76.8611,-12.0063],[-76.8609,-12.0063],[-76.8607,-12.0063],[-76.8605,-12.0063],[-76.8603,-12.0064],[-76.86,-12.0064],[-76.8599,-12.0064],[-76.8597,-12.0063],[-76.8595,-12.0062],[-76.8593,-12.0062],[-76.859,-12.0061],[-76.8586,-12.0061],[-76.8584,-12.006],[-76.8581,-12.006],[-76.8579,-12.006],[-76.8577,-12.006],[-76.8574,-12.006],[-76.8571,-12.006],[-76.8569,-12.006],[-76.8548,-12.0059],[-76.8546,-12.0059],[-76.8544,-12.0058],[-76.8541,-12.0058],[-76.8537,-12.0057],[-76.8533,-12.0055],[-76.853,-12.0054],[-76.8528,-12.0053],[-76.8525,-12.0053],[-76.8521,-12.0052],[-76.8519,-12.0052],[-76.8517,-12.0051],[-76.8514,-12.005],[-76.8511,-12.005],[-76.8509,-12.0049],[-76.8506,-12.0048],[-76.8504,-12.0047],[-76.8501,-12.0047],[-76.8497,-12.0047],[-76.8494,-12.0047],[-76.8491,-12.0047],[-76.8489,-12.0047],[-76.8487,-12.0047],[-76.8484,-12.0046],[-76.8481,-12.0045],[-76.8476,-12.0044],[-76.8473,-12.0043],[-76.8467,-12.0041],[-76.846,-12.0037],[-76.8446,-12.003],[-76.8436,-12.0023],[-76.8428,-12.0017],[-76.842,-12.0011],[-76.8416,-12.0005],[-76.8414,-11.9999],[-76.8412,-11.9993],[-76.8411,-11.9988],[-76.841,-11.9983],[-76.8409,-11.9978],[-76.8409,-11.9976],[-76.8409,-11.9971],[-76.8408,-11.9968],[-76.8407,-11.9966],[-76.8406,-11.9963],[-76.8406,-11.9961],[-76.8404,-11.9959],[-76.8403,-11.9957],[-76.8399,-11.9956],[-76.8396,-11.9955],[-76.8393,-11.995],[-76.839,-11.9945],[-76.8389,-11.9943],[-76.8384,-11.9938],[-76.8381,-11.9935],[-76.8377,-11.9929],[-76.8375,-11.9928],[-76.8372,-11.9926],[-76.8347,-11.9912],[-76.8322,-11.9904],[-76.8321,-11.9903],[-76.8317,-11.9903],[-76.8313,-11.9901],[-76.8308,-11.9899],[-76.8305,-11.9897],[-76.8303,-11.9893],[-76.8299,-11.989],[-76.8295,-11.9888],[-76.8291,-11.9888],[-76.8286,-11.9888],[-76.8282,-11.9887],[-76.8279,-11.9886],[-76.8277,-11.9886],[-76.8274,-11.9886],[-76.8273,-11.9886],[-76.8271,-11.9885],[-76.8269,-11.9883],[-76.8267,-11.9882],[-76.8264,-11.9883],[-76.8263,-11.9883],[-76.8257,-11.9882],[-76.8253,-11.988],[-76.8251,-11.988],[-76.8247,-11.9879],[-76.8243,-11.9877],[-76.8237,-11.9875],[-76.8233,-11.9873],[-76.8228,-11.9871],[-76.8222,-11.9868],[-76.8216,-11.9865],[-76.8211,-11.9861],[-76.8206,-11.9858],[-76.8201,-11.9855],[-76.8198,-11.9854],[-76.8194,-11.9853],[-76.8192,-11.9852],[-76.8188,-11.985],[-76.8184,-11.985],[-76.8178,-11.9848],[-76.8173,-11.9846],[-76.8167,-11.9844],[-76.8161,-11.9842],[-76.8156,-11.984],[-76.8152,-11.9839],[-76.8147,-11.9839],[-76.8144,-11.9839],[-76.8142,-11.9838],[-76.814,-11.9837],[-76.8136,-11.9836],[-76.8132,-11.9836],[-76.813,-11.9836],[-76.8127,-11.9835],[-76.8121,-11.9835],[-76.8117,-11.9835],[-76.8111,-11.9837],[-76.8108,-11.9835],[-76.8104,-11.9835],[-76.8101,-11.9835],[-76.8095,-11.9836],[-76.8092,-11.9836],[-76.8088,-11.9835],[-76.8085,-11.9835],[-76.8082,-11.9835],[-76.8079,-11.9835],[-76.8076,-11.9834],[-76.8072,-11.9833],[-76.8068,-11.9832],[-76.8063,-11.9832],[-76.8057,-11.983],[-76.8053,-11.9828],[-76.805,-11.9827],[-76.8046,-11.9826],[-76.8043,-11.9826],[-76.8038,-11.9825],[-76.8035,-11.9824],[-76.8029,-11.9822],[-76.8025,-11.9821],[-76.8021,-11.9821],[-76.8013,-11.9818],[-76.8007,-11.9817],[-76.8001,-11.9814],[-76.7997,-11.9814],[-76.7992,-11.9811],[-76.7989,-11.9809],[-76.7981,-11.9806],[-76.7977,-11.9804],[-76.7975,-11.9803],[-76.7971,-11.9801],[-76.7966,-11.9799],[-76.7962,-11.9797],[-76.7957,-11.9793],[-76.7952,-11.9791],[-76.7949,-11.9789],[-76.7942,-11.9788],[-76.7935,-11.9788],[-76.7933,-11.9787],[-76.7929,-11.9788],[-76.7925,-11.9788],[-76.7917,-11.9785],[-76.7907,-11.9782],[-76.7891,-11.978],[-76.7886,-11.978],[-76.7879,-11.978],[-76.787,-11.9777],[-76.7864,-11.9776],[-76.7852,-11.9775],[-76.7843,-11.9772],[-76.7837,-11.9769],[-76.7831,-11.9767],[-76.7827,-11.9765],[-76.7825,-11.9762],[-76.7821,-11.976],[-76.7816,-11.9757],[-76.7811,-11.9755],[-76.7804,-11.9752],[-76.78,-11.9751],[-76.7797,-11.9751],[-76.7793,-11.9751],[-76.7788,-11.9751],[-76.7786,-11.9752],[-76.7779,-11.9751],[-76.7775,-11.9752],[-76.7772,-11.9752],[-76.7769,-11.9751],[-76.7766,-11.9751],[-76.7764,-11.9751],[-76.7762,-11.9751],[-76.7759,-11.9751],[-76.7756,-11.9751],[-76.7752,-11.9748],[-76.7749,-11.9746],[-76.7747,-11.9744],[-76.7743,-11.9744],[-76.7739,-11.9743],[-76.7736,-11.9743],[-76.7733,-11.9743],[-76.773,-11.9743],[-76.7725,-11.9744],[-76.7722,-11.9744],[-76.7719,-11.9744],[-76.7713,-11.9743],[-76.7709,-11.9743],[-76.7705,-11.9742],[-76.7703,-11.9741],[-76.7699,-11.974],[-76.7696,-11.9737],[-76.7693,-11.9737],[-76.7692,-11.9735],[-76.7689,-11.9733],[-76.7686,-11.9731],[-76.7681,-11.9729],[-76.7678,-11.9727],[-76.7675,-11.9727],[-76.7673,-11.9726],[-76.7671,-11.9726],[-76.7668,-11.9726],[-76.7664,-11.9726],[-76.7661,-11.9726],[-76.7657,-11.9727],[-76.7653,-11.9726],[-76.765,-11.9724],[-76.7646,-11.9722],[-76.7642,-11.9719],[-76.7638,-11.9717],[-76.7636,-11.9716],[-76.7633,-11.9714],[-76.7631,-11.9713],[-76.7629,-11.9712],[-76.7626,-11.9712],[-76.7624,-11.971],[-76.7622,-11.9708],[-76.762,-11.9707],[-76.7617,-11.9706],[-76.7614,-11.9706],[-76.7612,-11.9706],[-76.7609,-11.9708],[-76.7608,-11.9709],[-76.7607,-11.9709],[-76.7605,-11.971],[-76.7601,-11.9711],[-76.7598,-11.9713],[-76.7596,-11.9713],[-76.7594,-11.9713],[-76.7593,-11.9713],[-76.7591,-11.9713],[-76.7587,-11.9714],[-76.7584,-11.9714],[-76.7581,-11.9713],[-76.7577,-11.9713],[-76.7573,-11.9712],[-76.757,-11.9711],[-76.7567,-11.9711],[-76.7562,-11.9709],[-76.756,-11.9709],[-76.7556,-11.9708],[-76.7552,-11.9707],[-76.7546,-11.9705],[-76.7542,-11.9702],[-76.7538,-11.97],[-76.7534,-11.97],[-76.7531,-11.9699],[-76.7526,-11.9696],[-76.7524,-11.9695],[-76.7521,-11.9693],[-76.7519,-11.9692],[-76.7518,-11.9691],[-76.7516,-11.969],[-76.7514,-11.9689],[-76.7512,-11.9688],[-76.751,-11.9687],[-76.7507,-11.9687],[-76.7506,-11.9687],[-76.7504,-11.9687],[-76.7503,-11.9687],[-76.75,-11.9687],[-76.7498,-11.9686],[-76.7495,-11.9685],[-76.7493,-11.9683],[-76.749,-11.9681],[-76.7488,-11.9679],[-76.7486,-11.9678],[-76.7485,-11.9677],[-76.7484,-11.9677],[-76.7482,-11.9677],[-76.748,-11.9676],[-76.7479,-11.9677],[-76.7477,-11.9677],[-76.7474,-11.9677],[-76.7472,-11.9677],[-76.7469,-11.9677],[-76.7465,-11.9677],[-76.7461,-11.9677],[-76.7455,-11.9677],[-76.745,-11.9675],[-76.7447,-11.9675],[-76.744,-11.9671],[-76.7437,-11.9667],[-76.7435,-11.9663],[-76.7433,-11.9659],[-76.7432,-11.9658],[-76.7429,-11.9657],[-76.7426,-11.9656],[-76.7422,-11.9655],[-76.7419,-11.9654],[-76.7417,-11.9653],[-76.7415,-11.9652],[-76.7414,-11.9651],[-76.7413,-11.9649],[-76.7411,-11.9648],[-76.7409,-11.9648],[-76.7406,-11.9648],[-76.7396,-11.9648],[-76.7391,-11.9646],[-76.7385,-11.9643],[-76.7371,-11.9633],[-76.7363,-11.9626],[-76.7354,-11.9623],[-76.7342,-11.962],[-76.734,-11.9619],[-76.7332,-11.9618],[-76.733,-11.9617],[-76.7322,-11.9616],[-76.7312,-11.9616],[-76.7309,-11.9619],[-76.7307,-11.9622],[-76.7302,-11.963],[-76.7292,-11.9643],[-76.7281,-11.9661],[-76.7263,-11.9684],[-76.7251,-11.9699],[-76.7238,-11.9723],[-76.7231,-11.9742],[-76.7233,-11.977],[-76.7223,-11.9798],[-76.7212,-11.9837],[-76.7206,-11.9851],[-76.7193,-11.9865],[-76.7168,-11.9882],[-76.7152,-11.99],[-76.7148,-11.9924]]]}},{"type":"Feature","properties":{"ubigeo":"150119","nombre":"Lurín"},"geometry":{"type":"Polygon","coordinates":[[[-76.9399,-12.2477],[-76.9396,-12.2479],[-76.9392,-12.2482],[-76.9389,-12.2483],[-76.9387,-12.2484],[-76.9385,-12.2486],[-76.9382,-12.2488],[-76.9381,-12.2489],[-76.9378,-12.2491],[-76.9375,-12.2492],[-76.9372,-12.2493],[-76.937,-12.2494],[-76.9367,-12.2496],[-76.9365,-12.2498],[-76.9363,-12.2499],[-76.936,-12.25],[-76.9357,-12.2502],[-76.9355,-12.2502],[-76.9353,-12.2503],[-76.9351,-12.2505],[-76.9348,-12.2507],[-76.9346,-12.2509],[-76.9343,-12.2511],[-76.9339,-12.2514],[-76.9336,-12.2515],[-76.9333,-12.2517],[-76.9331,-12.2518],[-76.9327,-12.2521],[-76.9326,-12.2522],[-76.9324,-12.2523],[-76.9321,-12.2524],[-76.9319,-12.2525],[-76.9318,-12.2527],[-76.9316,-12.2528],[-76.9312,-12.253],[-76.931,-12.2532],[-76.9307,-12.2534],[-76.9303,-12.2536],[-76.9299,-12.2537],[-76.9296,-12.2537],[-76.9294,-12.2539],[-76.929,-12.2543],[-76.9287,-12.2546],[-76.9285,-12.2548],[-76.9282,-12.255],[-76.9279,-12.2551],[-76.9278,-12.2552],[-76.9276,-12.2553],[-76.9276,-12.2554],[-76.9274,-12.2556],[-76.9272,-12.2556],[-76.9271,-12.2556],[-76.9267,-12.2558],[-76.9263,-12.256],[-76.9259,-12.2564],[-76.9254,-12.2567],[-76.9251,-12.2569],[-76.9247,-12.2573],[-76.9244,-12.2576],[-76.9241,-12.2576],[-76.9238,-12.2578],[-76.9236,-12.2579],[-76.9233,-12.2583],[-76.9231,-12.2585],[-76.9226,-12.2588],[-76.9224,-12.259],[-76.922,-12.2593],[-76.9217,-12.2596],[-76.921,-12.2598],[-76.9207,-12.2599],[-76.9204,-12.2602],[-76.9202,-12.2605],[-76.92,-12.2607],[-76.9198,-12.2609],[-76.9197,-12.261],[-76.9195,-12.2611],[-76.9193,-12.2612],[-76.919,-12.2614],[-76.9186,-12.2617],[-76.9182,-12.2622],[-76.9179,-12.2624],[-76.9176,-12.2625],[-76.9172,-12.2627],[-76.9169,-12.2629],[-76.9167,-12.2632],[-76.9164,-12.2633],[-76.9163,-12.2635],[-76.916,-12.2636],[-76.9158,-12.2638],[-76.9156,-12.2639],[-76.9152,-12.2641],[-76.9151,-12.2643],[-76.9147,-12.2645],[-76.9143,-12.2646],[-76.9139,-12.2647],[-76.9135,-12.2648],[-76.9133,-12.2651],[-76.913,-12.2654],[-76.9128,-12.2657],[-76.9127,-12.266],[-76.9123,-12.2662],[-76.912,-12.2663],[-76.9117,-12.2665],[-76.9115,-12.2668],[-76.9113,-12.2669],[-76.911,-12.267],[-76.9108,-12.2671],[-76.9106,-12.2673],[-76.9104,-12.2675],[-76.9101,-12.2678],[-76.9097,-12.2682],[-76.9095,-12.2683],[-76.9093,-12.2684],[-76.9091,-12.2685],[-76.9088,-12.2686],[-76.9085,-12.2686],[-76.9082,-12.2688],[-76.9078,-12.2688],[-76.9077,-12.269],[-76.9074,-12.2693],[-76.9071,-12.2697],[-76.9069,-12.27],[-76.9066,-12.2702],[-76.9064,-12.2703],[-76.906,-12.2705],[-76.9057,-12.2707],[-76.9054,-12.2709],[-76.9052,-12.2712],[-76.9049,-12.2715],[-76.9048,-12.2716],[-76.9046,-12.2716],[-76.9045,-12.2716],[-76.9042,-12.2718],[-76.9041,-12.2718],[-76.9039,-12.2718],[-76.9038,-12.2719],[-76.9037,-12.2719],[-76.9035,-12.272],[-76.9033,-12.2723],[-76.9032,-12.2724],[-76.9029,-12.2727],[-76.9027,-12.2729],[-76.9027,-12.273],[-76.9026,-12.2731],[-76.9024,-12.2732],[-76.9023,-12.2733],[-76.9022,-12.2733],[-76.9021,-12.2733],[-76.9019,-12.2734],[-76.9017,-12.2734],[-76.9015,-12.2736],[-76.9014,-12.2737],[-76.9012,-12.2739],[-76.9011,-12.274],[-76.9008,-12.2743],[-76.9007,-12.2744],[-76.9006,-12.2745],[-76.9005,-12.2746],[-76.9004,-12.2747],[-76.9004,-12.2748],[-76.9003,-12.2749],[-76.9002,-12.275],[-76.9002,-12.2752],[-76.8999,-12.2754],[-76.8998,-12.2755],[-76.8997,-12.2756],[-76.8996,-12.2757],[-76.8995,-12.2758],[-76.8994,-12.2759],[-76.8992,-12.2762],[-76.8991,-12.2763],[-76.8989,-12.2765],[-76.8987,-12.2768],[-76.8986,-12.2769],[-76.8985,-12.2771],[-76.8984,-12.2772],[-76.8983,-12.2774],[-76.8981,-12.2776],[-76.898,-12.2777],[-76.8979,-12.2778],[-76.8977,-12.278],[-76.8976,-12.2781],[-76.8976,-12.2782],[-76.8975,-12.2783],[-76.8973,-12.2785],[-76.8973,-12.2786],[-76.8972,-12.2788],[-76.8971,-12.279],[-76.8969,-12.2791],[-76.8968,-12.2792],[-76.8966,-12.2794],[-76.8965,-12.2795],[-76.8962,-12.2798],[-76.8961,-12.2799],[-76.8959,-12.28],[-76.8959,-12.2801],[-76.8957,-12.2802],[-76.8957,-12.2803],[-76.8956,-12.2804],[-76.8955,-12.2805],[-76.8954,-12.2806],[-76.8953,-12.2807],[-76.8951,-12.2808],[-76.895,-12.2809],[-76.8947,-12.281],[-76.8946,-12.2811],[-76.8946,-12.2812],[-76.8945,-12.2812],[-76.8943,-12.2814],[-76.8942,-12.2814],[-76.894,-12.2815],[-76.8938,-12.2817],[-76.8937,-12.2817],[-76.8936,-12.2818],[-76.8935,-12.2819],[-76.8933,-12.282],[-76.8932,-12.2821],[-76.8931,-12.2822],[-76.8929,-12.2823],[-76.8927,-12.2824],[-76.8926,-12.2825],[-76.8923,-12.2828],[-76.8921,-12.2829],[-76.8918,-12.2831],[-76.8917,-12.2832],[-76.8914,-12.2833],[-76.8913,-12.2834],[-76.8911,-12.2835],[-76.8904,-12.284],[-76.8901,-12.2841],[-76.8896,-12.2844],[-76.8895,-12.2844],[-76.8894,-12.2844],[-76.8893,-12.2844],[-76.8892,-12.2845],[-76.8892,-12.2846],[-76.889,-12.2846],[-76.8889,-12.2847],[-76.8888,-12.2847],[-76.8886,-12.2849],[-76.8885,-12.2849],[-76.8884,-12.2849],[-76.8883,-12.2849],[-76.8882,-12.2849],[-76.8882,-12.285],[-76.8881,-12.2851],[-76.8879,-12.2851],[-76.8878,-12.2851],[-76.8878,-12.2852],[-76.8877,-12.2852],[-76.8876,-12.2852],[-76.8874,-12.2852],[-76.8872,-12.2853],[-76.887,-12.2854],[-76.8869,-12.2854],[-76.8868,-12.2855],[-76.8867,-12.2855],[-76.8865,-12.2856],[-76.8864,-12.2856],[-76.8863,-12.2857],[-76.8861,-12.2857],[-76.886,-12.2857],[-76.8858,-12.2859],[-76.8855,-12.2859],[-76.8853,-12.286],[-76.8851,-12.286],[-76.885,-12.2861],[-76.8849,-12.2861],[-76.8848,-12.2862],[-76.8846,-12.2862],[-76.8844,-12.2863],[-76.8843,-12.2863],[-76.8842,-12.2863],[-76.8841,-12.2864],[-76.884,-12.2866],[-76.8837,-12.2866],[-76.8835,-12.2867],[-76.8834,-12.2867],[-76.8833,-12.2867],[-76.8832,-12.2868],[-76.8831,-12.2869],[-76.883,-12.2869],[-76.8829,-12.2869],[-76.8827,-12.287],[-76.8826,-12.2871],[-76.8825,-12.2871],[-76.8824,-12.2871],[-76.8823,-12.2872],[-76.8821,-12.2873],[-76.8819,-12.2873],[-76.8818,-12.2874],[-76.8818,-12.2875],[-76.8816,-12.2875],[-76.8815,-12.2876],[-76.8813,-12.2877],[-76.8812,-12.2877],[-76.8811,-12.2878],[-76.881,-12.2878],[-76.8807,-12.2878],[-76.8806,-12.2879],[-76.8805,-12.288],[-76.8803,-12.2881],[-76.8801,-12.2882],[-76.88,-12.2882],[-76.8799,-12.2883],[-76.8797,-12.2883],[-76.8796,-12.2884],[-76.8795,-12.2885],[-76.8794,-12.2886],[-76.8792,-12.2886],[-76.8791,-12.2887],[-76.879,-12.2888],[-76.8788,-12.2888],[-76.8786,-12.289],[-76.8785,-12.289],[-76.8784,-12.289],[-76.8783,-12.289],[-76.8781,-12.2892],[-76.8779,-12.2892],[-76.8778,-12.2892],[-76.8777,-12.2893],[-76.8776,-12.2894],[-76.8775,-12.2894],[-76.8774,-12.2894],[-76.8772,-12.2895],[-76.8771,-12.2895],[-76.8771,-12.2896],[-76.877,-12.2896],[-76.8769,-12.2897],[-76.8767,-12.2897],[-76.8766,-12.2898],[-76.8765,-12.2899],[-76.8764,-12.2899],[-76.8763,-12.2899],[-76.8761,-12.29],[-76.8759,-12.2901],[-76.8758,-12.2901],[-76.8756,-12.2903],[-76.8754,-12.2903],[-76.8753,-12.2904],[-76.8752,-12.2904],[-76.875,-12.2905],[-76.875,-12.2906],[-76.8748,-12.2906],[-76.8746,-12.2907],[-76.8744,-12.2908],[-76.8743,-12.2908],[-76.8742,-12.2909],[-76.8741,-12.291],[-76.874,-12.291],[-76.8738,-12.291],[-76.8737,-12.2912],[-76.8735,-12.2912],[-76.8734,-12.2913],[-76.8732,-12.2913],[-76.8731,-12.2914],[-76.873,-12.2915],[-76.8727,-12.2916],[-76.8724,-12.2917],[-76.872,-12.2918],[-76.8717,-12.292],[-76.8712,-12.2921],[-76.871,-12.2922],[-76.8705,-12.2923],[-76.8701,-12.2924],[-76.8698,-12.2925],[-76.8695,-12.2927],[-76.8693,-12.2929],[-76.8692,-12.2929],[-76.869,-12.2931],[-76.8688,-12.2931],[-76.8687,-12.2932],[-76.8684,-12.2932],[-76.8683,-12.2934],[-76.8679,-12.2935],[-76.8675,-12.2937],[-76.867,-12.294],[-76.8665,-12.2942],[-76.8663,-12.2943],[-76.8659,-12.2945],[-76.8654,-12.2947],[-76.8643,-12.2952],[-76.8627,-12.2958],[-76.8619,-12.2959],[-76.8615,-12.2962],[-76.8608,-12.2969],[-76.8599,-12.2974],[-76.8593,-12.2977],[-76.8585,-12.2983],[-76.8579,-12.2987],[-76.8575,-12.2991],[-76.8568,-12.2995],[-76.8562,-12.2998],[-76.8558,-12.3001],[-76.8553,-12.3002],[-76.8548,-12.3006],[-76.8542,-12.3011],[-76.8538,-12.3016],[-76.8533,-12.3022],[-76.8527,-12.3026],[-76.8521,-12.3029],[-76.8517,-12.3032],[-76.8512,-12.3035],[-76.8503,-12.3042],[-76.8498,-12.3048],[-76.8497,-12.3051],[-76.8496,-12.3053],[-76.849,-12.306],[-76.8484,-12.3062],[-76.8479,-12.3064],[-76.8472,-12.3069],[-76.8471,-12.307],[-76.8465,-12.3074],[-76.8461,-12.3079],[-76.8457,-12.3083],[-76.8454,-12.3086],[-76.845,-12.3089],[-76.8449,-12.3091],[-76.8446,-12.3094],[-76.8444,-12.3098],[-76.8442,-12.3099],[-76.844,-12.31],[-76.8439,-12.3102],[-76.8437,-12.3105],[-76.8437,-12.3107],[-76.8435,-12.311],[-76.8434,-12.3111],[-76.8433,-12.3114],[-76.8432,-12.3115],[-76.8431,-12.3117],[-76.8421,-12.3106],[-76.8392,-12.3077],[-76.8389,-12.307],[-76.8294,-12.2939],[-76.8279,-12.292],[-76.8237,-12.2879],[-76.8218,-12.2864],[-76.8203,-12.2849],[-76.8197,-12.2838],[-76.8193,-12.283],[-76.8192,-12.2828],[-76.8186,-12.2825],[-76.8159,-12.2818],[-76.8145,-12.2815],[-76.8083,-12.2791],[-76.8052,-12.2774],[-76.8008,-12.2743],[-76.7993,-12.2728],[-76.7989,-12.2722],[-76.798,-12.2711],[-76.7976,-12.2704],[-76.7974,-12.27],[-76.7972,-12.2697],[-76.7962,-12.2689],[-76.796,-12.2684],[-76.7956,-12.268],[-76.7946,-12.2673],[-76.7937,-12.2667],[-76.7924,-12.2655],[-76.792,-12.2652],[-76.7907,-12.2645],[-76.7904,-12.2644],[-76.79,-12.2644],[-76.7894,-12.2644],[-76.7891,-12.2644],[-76.7884,-12.264],[-76.7878,-12.2634],[-76.7874,-12.2633],[-76.7866,-12.2633],[-76.7858,-12.2636],[-76.7846,-12.2637],[-76.7833,-12.264],[-76.7817,-12.2641],[-76.7812,-12.2642],[-76.7803,-12.2641],[-76.7799,-12.2639],[-76.7791,-12.2634],[-76.7773,-12.2624],[-76.7768,-12.2624],[-76.7755,-12.2625],[-76.7743,-12.2625],[-76.7738,-12.2624],[-76.7731,-12.2622],[-76.7719,-12.2613],[-76.7714,-12.2611],[-76.7711,-12.2609],[-76.7705,-12.2608],[-76.7692,-12.2609],[-76.7681,-12.2606],[-76.7677,-12.2605],[-76.7671,-12.2597],[-76.7667,-12.2591],[-76.7665,-12.2589],[-76.7664,-12.2583],[-76.7664,-12.2579],[-76.7664,-12.2574],[-76.7662,-12.257],[-76.7658,-12.2562],[-76.7656,-12.2557],[-76.7651,-12.2548],[-76.7644,-12.2538],[-76.764,-12.2528],[-76.7637,-12.2524],[-76.7634,-12.2521],[-76.7622,-12.2518],[-76.7608,-12.2512],[-76.7604,-12.251],[-76.7597,-12.2504],[-76.7593,-12.2502],[-76.7591,-12.2501],[-76.7589,-12.2502],[-76.7586,-12.2503],[-76.7584,-12.2504],[-76.7581,-12.2509],[-76.7578,-12.252],[-76.7575,-12.2525],[-76.7573,-12.2528],[-76.7569,-12.253],[-76.756,-12.253],[-76.7553,-12.253],[-76.755,-12.2528],[-76.7543,-12.2525],[-76.7537,-12.2523],[-76.753,-12.2519],[-76.7526,-12.2518],[-76.7521,-12.2518],[-76.7515,-12.2519],[-76.75,-12.2526],[-76.7488,-12.2531],[-76.7481,-12.2533],[-76.7475,-12.2534],[-76.745,-12.2534],[-76.7427,-12.2534],[-76.7415,-12.2536],[-76.7407,-12.2537],[-76.7401,-12.2536],[-76.7382,-12.2529],[-76.7375,-12.2527],[-76.7364,-12.2525],[-76.7357,-12.2522],[-76.735,-12.2518],[-76.7348,-12.2515],[-76.7345,-12.2509],[-76.7342,-12.2505],[-76.7339,-12.25],[-76.7335,-12.2499],[-76.7335,-12.2495],[-76.7332,-12.2491],[-76.7331,-12.2487],[-76.7327,-12.248],[-76.7321,-12.2474],[-76.7312,-12.2464],[-76.7309,-12.2461],[-76.7299,-12.2456],[-76.7288,-12.2452],[-76.7276,-12.2447],[-76.725,-12.2443],[-76.7232,-12.2439],[-76.722,-12.2426],[-76.7213,-12.2419],[-76.7207,-12.2409],[-76.7206,-12.2406],[-76.7207,-12.2396],[-76.7207,-12.2392],[-76.721,-12.2379],[-76.7214,-12.2359],[-76.7214,-12.2354],[-76.7212,-12.235],[-76.7205,-12.2333],[-76.7202,-12.2326],[-76.7188,-12.2303],[-76.7185,-12.2295],[-76.7183,-12.229],[-76.7173,-12.228],[-76.7167,-12.2276],[-76.7162,-12.2272],[-76.7157,-12.2268],[-76.7153,-12.2262],[-76.7151,-12.2255],[-76.7145,-12.2248],[-76.7134,-12.2239],[-76.7129,-12.2237],[-76.7122,-12.2235],[-76.7114,-12.2234],[-76.7097,-12.2234],[-76.7088,-12.2233],[-76.7077,-12.223],[-76.7071,-12.2227],[-76.7068,-12.2224],[-76.7062,-12.2216],[-76.7057,-12.2208],[-76.7053,-12.2205],[-76.7043,-12.2199],[-76.7039,-12.2198],[-76.7025,-12.2197],[-76.7016,-12.2193],[-76.7006,-12.2185],[-76.7004,-12.2184],[-76.6999,-12.2183],[-76.6995,-12.218],[-76.6993,-12.2179],[-76.699,-12.2174],[-76.6989,-12.2173],[-76.6987,-12.2173],[-76.6982,-12.2175],[-76.6981,-12.2174],[-76.6979,-12.2173],[-76.6977,-12.2171],[-76.6975,-12.2167],[-76.6971,-12.2161],[-76.6968,-12.2155],[-76.6966,-12.2147],[-76.6966,-12.2142],[-76.6965,-12.2137],[-76.6963,-12.2133],[-76.6954,-12.2119],[-76.6952,-12.2117],[-76.6943,-12.2107],[-76.6941,-12.2104],[-76.6941,-12.2101],[-76.6942,-12.2099],[-76.6944,-12.2097],[-76.695,-12.2093],[-76.6952,-12.209],[-76.6953,-12.2088],[-76.6952,-12.2086],[-76.695,-12.208],[-76.6946,-12.2076],[-76.6936,-12.2069],[-76.693,-12.2062],[-76.6928,-12.2058],[-76.6925,-12.205],[-76.6923,-12.2047],[-76.692,-12.2045],[-76.6914,-12.2044],[-76.6911,-12.2042],[-76.691,-12.2041],[-76.6907,-12.2038],[-76.6905,-12.2029],[-76.6903,-12.2025],[-76.6901,-12.2023],[-76.6892,-12.2017],[-76.6881,-12.2012],[-76.6878,-12.2011],[-76.6867,-12.2003],[-76.6862,-12.1999],[-76.6858,-12.1995],[-76.6852,-12.1993],[-76.6849,-12.1991],[-76.6846,-12.1989],[-76.6842,-12.1984],[-76.6838,-12.1981],[-76.6836,-12.1978],[-76.6836,-12.1977],[-76.6837,-12.1966],[-76.6836,-12.1961],[-76.6832,-12.1953],[-76.6829,-12.1948],[-76.6826,-12.1942],[-76.6824,-12.194],[-76.6821,-12.1938],[-76.6818,-12.1937],[-76.6814,-12.1938],[-76.6804,-12.194],[-76.6798,-12.194],[-76.6796,-12.1939],[-76.6794,-12.1938],[-76.679,-12.1933],[-76.6788,-12.1931],[-76.6776,-12.1922],[-76.677,-12.1914],[-76.6766,-12.1911],[-76.6762,-12.1909],[-76.6752,-12.1908],[-76.6744,-12.1904],[-76.6741,-12.1902],[-76.6739,-12.1897],[-76.6736,-12.1893],[-76.6729,-12.1888],[-76.6725,-12.1886],[-76.6715,-12.1884],[-76.6707,-12.1878],[-76.6698,-12.1874],[-76.669,-12.187],[-76.6681,-12.1868],[-76.6674,-12.1864],[-76.6659,-12.1858],[-76.6651,-12.1853],[-76.6647,-12.1849],[-76.6645,-12.1846],[-76.6644,-12.1843],[-76.6638,-12.1829],[-76.6627,-12.1796],[-76.662,-12.178],[-76.6632,-12.1781],[-76.6644,-12.179],[-76.6659,-12.1801],[-76.6673,-12.1799],[-76.6696,-12.1793],[-76.6718,-12.1778],[-76.6738,-12.1768],[-76.6752,-12.1759],[-76.6771,-12.1756],[-76.6781,-12.1757],[-76.6797,-12.176],[-76.6819,-12.1763],[-76.6844,-12.1773],[-76.6868,-12.1795],[-76.6887,-12.1812],[-76.6902,-12.1818],[-76.6915,-12.1811],[-76.694,-12.18],[-76.6961,-12.1797],[-76.6977,-12.1791],[-76.6988,-12.1788],[-76.7002,-12.1783],[-76.7007,-12.1783],[-76.7024,-12.1783],[-76.7029,-12.1782],[-76.7031,-12.1781],[-76.7043,-12.1778],[-76.7055,-12.1767],[-76.7065,-12.1753],[-76.7078,-12.1731],[-76.7094,-12.1708],[-76.7111,-12.1697],[-76.7136,-12.1689],[-76.7163,-12.1685],[-76.7187,-12.1682],[-76.7202,-12.1679],[-76.7223,-12.1672],[-76.7228,-12.167],[-76.723,-12.1669],[-76.7251,-12.1663],[-76.7269,-12.1656],[-76.7275,-12.1655],[-76.7284,-12.1653],[-76.7288,-12.1653],[-76.731,-12.1649],[-76.7325,-12.1645],[-76.734,-12.1644],[-76.7359,-12.1659],[-76.7378,-12.1673],[-76.7398,-12.1681],[-76.7411,-12.1691],[-76.7419,-12.1717],[-76.7431,-12.1744],[-76.7447,-12.1762],[-76.746,-12.1775],[-76.7482,-12.1774],[-76.7494,-12.1773],[-76.7507,-12.1778],[-76.7514,-12.1789],[-76.7542,-12.1822],[-76.7569,-12.1846],[-76.7584,-12.185],[-76.7586,-12.1849],[-76.7596,-12.1847],[-76.7617,-12.1842],[-76.7653,-12.1847],[-76.768,-12.1854],[-76.7693,-12.1861],[-76.7701,-12.1879],[-76.771,-12.1892],[-76.7725,-12.19],[-76.7735,-12.1904],[-76.774,-12.1907],[-76.7761,-12.1916],[-76.778,-12.1939],[-76.7799,-12.1957],[-76.7814,-12.1973],[-76.7837,-12.1987],[-76.7867,-12.2006],[-76.7876,-12.2017],[-76.7891,-12.2029],[-76.7892,-12.2029],[-76.791,-12.2031],[-76.7926,-12.2025],[-76.793,-12.202],[-76.7939,-12.2011],[-76.7951,-12.1997],[-76.7967,-12.1989],[-76.7996,-12.1987],[-76.8032,-12.1981],[-76.8049,-12.1982],[-76.8059,-12.1979],[-76.8075,-12.1977],[-76.8101,-12.198],[-76.8129,-12.198],[-76.8145,-12.1985],[-76.8161,-12.2001],[-76.8168,-12.2021],[-76.8175,-12.2041],[-76.8181,-12.2055],[-76.8201,-12.2073],[-76.8235,-12.2113],[-76.8275,-12.2142],[-76.8317,-12.2157],[-76.8328,-12.2161],[-76.8343,-12.2161],[-76.8355,-12.2162],[-76.8369,-12.2159],[-76.8378,-12.2159],[-76.8386,-12.2162],[-76.8394,-12.2167],[-76.8403,-12.217],[-76.8411,-12.2171],[-76.8419,-12.2175],[-76.8428,-12.2181],[-76.8436,-12.2186],[-76.8436,-12.2187],[-76.8439,-12.2191],[-76.8443,-12.2195],[-76.8447,-12.2196],[-76.845,-12.2198],[-76.8452,-12.2202],[-76.8455,-12.2206],[-76.8458,-12.2212],[-76.8457,-12.2217],[-76.8453,-12.2223],[-76.845,-12.2229],[-76.845,-12.2234],[-76.8449,-12.2241],[-76.8446,-12.2247],[-76.8439,-12.2258],[-76.8439,-12.2267],[-76.8438,-12.2272],[-76.8438,-12.2275],[-76.8436,-12.2276],[-76.8433,-12.2278],[-76.8432,-12.2279],[-76.8431,-12.2283],[-76.8431,-12.2285],[-76.8432,-12.2288],[-76.8433,-12.2294],[-76.8434,-12.2297],[-76.844,-12.2302],[-76.8445,-12.2305],[-76.8447,-12.2308],[-76.8445,-12.2313],[-76.8442,-12.2317],[-76.8438,-12.232],[-76.8437,-12.2325],[-76.8438,-12.2332],[-76.8439,-12.2337],[-76.8439,-12.2338],[-76.8439,-12.2339],[-76.8437,-12.2348],[-76.8433,-12.2354],[-76.8432,-12.236],[-76.8433,-12.2363],[-76.8462,-12.2378],[-76.8476,-12.2386],[-76.8492,-12.2395],[-76.8498,-12.2395],[-76.8501,-12.2392],[-76.8506,-12.2388],[-76.8511,-12.2383],[-76.8513,-12.2379],[-76.8514,-12.2374],[-76.8515,-12.2369],[-76.8518,-12.2362],[-76.8523,-12.2351],[-76.8525,-12.2348],[-76.8528,-12.2347],[-76.8532,-12.2347],[-76.8534,-12.2346],[-76.8536,-12.2346],[-76.8536,-12.2345],[-76.8539,-12.2342],[-76.8543,-12.2339],[-76.8546,-12.2335],[-76.8549,-12.2332],[-76.8552,-12.2331],[-76.8557,-12.2333],[-76.8562,-12.2337],[-76.8566,-12.2346],[-76.857,-12.235],[-76.8573,-12.2352],[-76.8578,-12.2357],[-76.8582,-12.2361],[-76.8585,-12.2364],[-76.8589,-12.2368],[-76.859,-12.2372],[-76.8593,-12.238],[-76.8597,-12.2389],[-76.8597,-12.2388],[-76.8598,-12.2388],[-76.86,-12.2388],[-76.8603,-12.2387],[-76.8607,-12.2383],[-76.8609,-12.2381],[-76.8615,-12.2376],[-76.8616,-12.2373],[-76.8617,-12.2371],[-76.8618,-12.2369],[-76.862,-12.2366],[-76.8623,-12.2365],[-76.8625,-12.2363],[-76.8627,-12.2362],[-76.8631,-12.2358],[-76.8637,-12.2365],[-76.8642,-12.2371],[-76.8645,-12.2374],[-76.8652,-12.2383],[-76.8656,-12.2392],[-76.8657,-12.2392],[-76.8669,-12.2387],[-76.8668,-12.2384],[-76.8658,-12.2359],[-76.8653,-12.2349],[-76.8665,-12.2341],[-76.8668,-12.2336],[-76.8669,-12.2331],[-76.8667,-12.2326],[-76.8667,-12.2324],[-76.8675,-12.2308],[-76.8681,-12.2298],[-76.8684,-12.2295],[-76.8705,-12.2279],[-76.8708,-12.2275],[-76.871,-12.2271],[-76.8717,-12.2264],[-76.8724,-12.2256],[-76.8727,-12.2251],[-76.8725,-12.2243],[-76.8722,-12.2237],[-76.8714,-12.2223],[-76.8712,-12.2218],[-76.8712,-12.2212],[-76.8712,-12.2207],[-76.8717,-12.2204],[-76.8726,-12.2199],[-76.8729,-12.2198],[-76.8737,-12.2197],[-76.874,-12.2196],[-76.8748,-12.219],[-76.8753,-12.2187],[-76.8758,-12.2185],[-76.8769,-12.2177],[-76.8774,-12.2174],[-76.8779,-12.2166],[-76.8789,-12.2158],[-76.8793,-12.2153],[-76.8797,-12.2149],[-76.8803,-12.2145],[-76.8816,-12.2136],[-76.882,-12.2129],[-76.8825,-12.2123],[-76.8832,-12.2116],[-76.8836,-12.2109],[-76.8841,-12.2105],[-76.8845,-12.2104],[-76.8853,-12.2103],[-76.8864,-12.2103],[-76.8874,-12.2101],[-76.8884,-12.2096],[-76.8891,-12.2094],[-76.8898,-12.209],[-76.8905,-12.2083],[-76.891,-12.2078],[-76.8905,-12.2099],[-76.89,-12.2115],[-76.8895,-12.2131],[-76.8893,-12.2142],[-76.8894,-12.2145],[-76.8955,-12.218],[-76.8966,-12.2188],[-76.8983,-12.2208],[-76.8998,-12.2227],[-76.9007,-12.2242],[-76.9015,-12.2259],[-76.9021,-12.2272],[-76.9052,-12.2315],[-76.9071,-12.234],[-76.9076,-12.2343],[-76.9079,-12.2345],[-76.908,-12.2345],[-76.9083,-12.2345],[-76.911,-12.2335],[-76.9111,-12.2338],[-76.9112,-12.2343],[-76.9115,-12.2349],[-76.9116,-12.2352],[-76.9118,-12.2358],[-76.9118,-12.2359],[-76.912,-12.2364],[-76.9121,-12.2367],[-76.9122,-12.237],[-76.9123,-12.2373],[-76.9123,-12.2374],[-76.9124,-12.2377],[-76.9124,-12.2378],[-76.9124,-12.2383],[-76.9124,-12.2387],[-76.9123,-12.239],[-76.9123,-12.2392],[-76.9122,-12.2392],[-76.912,-12.2399],[-76.9119,-12.2402],[-76.9116,-12.2407],[-76.9112,-12.2415],[-76.9113,-12.2416],[-76.9117,-12.2421],[-76.9128,-12.2429],[-76.9139,-12.2439],[-76.915,-12.2454],[-76.9151,-12.2465],[-76.9149,-12.2473],[-76.9147,-12.2483],[-76.9149,-12.249],[-76.9155,-12.2495],[-76.9161,-12.2497],[-76.9171,-12.2501],[-76.9179,-12.25],[-76.9187,-12.2497],[-76.9196,-12.2494],[-76.9216,-12.249],[-76.9234,-12.249],[-76.9242,-12.2492],[-76.925,-12.2493],[-76.9261,-12.2497],[-76.9266,-12.2501],[-76.9274,-12.2526],[-76.9285,-12.2518],[-76.9303,-12.2505],[-76.9347,-12.2472],[-76.9352,-12.2468],[-76.9381,-12.2453],[-76.9399,-12.2477]]]}},{"type":"Feature","properties":{"ubigeo":"150120","nombre":"Magdalena del Mar"},"geometry":{"type":"Polygon","coordinates":[[[-77.0631,-12.0865],[-77.0633,-12.0866],[-77.0635,-12.0867],[-77.0721,-12.0836],[-77.0722,-12.0838],[-77.0723,-12.0838],[-77.0735,-12.0858],[-77.0739,-12.0857],[-77.0749,-12.0875],[-77.0737,-12.088],[-77.0741,-12.0889],[-77.0751,-12.0886],[-77.0762,-12.0915],[-77.0775,-12.095],[-77.0777,-12.0956],[-77.0776,-12.0956],[-77.0775,-12.0957],[-77.0773,-12.0958],[-77.0772,-12.0959],[-77.0771,-12.0959],[-77.077,-12.0959],[-77.0769,-12.096],[-77.0768,-12.0961],[-77.0767,-12.0961],[-77.0767,-12.0962],[-77.0767,-12.0963],[-77.0766,-12.0963],[-77.0766,-12.0962],[-77.0765,-12.0962],[-77.0763,-12.0963],[-77.0762,-12.0963],[-77.0761,-12.0964],[-77.0759,-12.0965],[-77.0757,-12.0966],[-77.0756,-12.0967],[-77.0754,-12.0967],[-77.0753,-12.0968],[-77.0752,-12.0969],[-77.0752,-12.097],[-77.075,-12.0969],[-77.0748,-12.097],[-77.0747,-12.0971],[-77.0745,-12.0972],[-77.0743,-12.0973],[-77.0741,-12.0974],[-77.0739,-12.0975],[-77.0738,-12.0975],[-77.0737,-12.0976],[-77.0736,-12.0977],[-77.0735,-12.0977],[-77.0736,-12.0978],[-77.0735,-12.0979],[-77.0734,-12.0979],[-77.0734,-12.0978],[-77.0733,-12.0978],[-77.0733,-12.0979],[-77.0732,-12.0979],[-77.0731,-12.098],[-77.073,-12.098],[-77.0729,-12.0981],[-77.0728,-12.0981],[-77.0727,-12.0982],[-77.0726,-12.0983],[-77.0725,-12.0984],[-77.0724,-12.0984],[-77.0723,-12.0985],[-77.0723,-12.0986],[-77.0722,-12.0988],[-77.0721,-12.099],[-77.072,-12.0991],[-77.0719,-12.0993],[-77.072,-12.0994],[-77.072,-12.0995],[-77.0721,-12.0997],[-77.0722,-12.0999],[-77.0723,-12.1],[-77.0722,-12.1],[-77.0721,-12.0999],[-77.072,-12.0998],[-77.0719,-12.0996],[-77.0719,-12.0995],[-77.0718,-12.0995],[-77.0717,-12.0995],[-77.0716,-12.0996],[-77.0715,-12.0996],[-77.0714,-12.0996],[-77.0713,-12.0997],[-77.0712,-12.0998],[-77.0711,-12.0998],[-77.071,-12.0999],[-77.0709,-12.0999],[-77.0709,-12.1],[-77.0708,-12.1],[-77.0706,-12.1001],[-77.0697,-12.1006],[-77.0695,-12.1007],[-77.0694,-12.1007],[-77.0693,-12.1008],[-77.0692,-12.1008],[-77.0691,-12.1008],[-77.069,-12.1008],[-77.0689,-12.1009],[-77.0688,-12.101],[-77.0687,-12.101],[-77.0686,-12.101],[-77.0685,-12.1011],[-77.0684,-12.1011],[-77.0682,-12.1012],[-77.0681,-12.1013],[-77.068,-12.1013],[-77.0679,-12.1013],[-77.0678,-12.1014],[-77.0677,-12.1014],[-77.0676,-12.1015],[-77.0675,-12.1015],[-77.0674,-12.1016],[-77.0673,-12.1016],[-77.0672,-12.1016],[-77.0671,-12.1017],[-77.067,-12.1018],[-77.0669,-12.1018],[-77.0668,-12.1018],[-77.0667,-12.1019],[-77.0666,-12.102],[-77.0665,-12.102],[-77.0664,-12.1021],[-77.0662,-12.1021],[-77.0661,-12.1022],[-77.066,-12.1023],[-77.0659,-12.1024],[-77.0658,-12.1025],[-77.0657,-12.1025],[-77.0656,-12.1026],[-77.0655,-12.1026],[-77.0654,-12.1027],[-77.0653,-12.1027],[-77.0653,-12.1028],[-77.0652,-12.1028],[-77.0651,-12.1029],[-77.065,-12.103],[-77.0649,-12.103],[-77.0648,-12.1031],[-77.0648,-12.1032],[-77.0646,-12.1033],[-77.0645,-12.1034],[-77.0643,-12.1035],[-77.0643,-12.1036],[-77.0642,-12.1037],[-77.0641,-12.1038],[-77.064,-12.104],[-77.064,-12.1041],[-77.0641,-12.1042],[-77.0641,-12.1043],[-77.0641,-12.1044],[-77.0642,-12.1045],[-77.0643,-12.1045],[-77.0644,-12.1046],[-77.0645,-12.1047],[-77.0646,-12.1048],[-77.0646,-12.1049],[-77.0645,-12.1049],[-77.0644,-12.1048],[-77.0643,-12.1048],[-77.0643,-12.1047],[-77.0642,-12.1047],[-77.0642,-12.1046],[-77.0641,-12.1046],[-77.064,-12.1045],[-77.0639,-12.1045],[-77.0638,-12.1045],[-77.0637,-12.1046],[-77.0636,-12.1046],[-77.0635,-12.1047],[-77.0633,-12.1048],[-77.0631,-12.105],[-77.0629,-12.105],[-77.0627,-12.1051],[-77.0626,-12.1052],[-77.0626,-12.1053],[-77.0625,-12.1053],[-77.0624,-12.1054],[-77.0622,-12.1055],[-77.0621,-12.1056],[-77.062,-12.1056],[-77.0619,-12.1057],[-77.0618,-12.1057],[-77.0618,-12.1058],[-77.0616,-12.1059],[-77.0615,-12.106],[-77.0614,-12.106],[-77.0613,-12.1061],[-77.0612,-12.1062],[-77.0611,-12.1063],[-77.061,-12.1064],[-77.0609,-12.1066],[-77.0609,-12.1067],[-77.0609,-12.1068],[-77.061,-12.107],[-77.0611,-12.1071],[-77.0611,-12.1072],[-77.0612,-12.1073],[-77.0613,-12.1073],[-77.0614,-12.1074],[-77.0615,-12.1075],[-77.0615,-12.1076],[-77.0615,-12.1077],[-77.0614,-12.1077],[-77.0613,-12.1077],[-77.0613,-12.1076],[-77.0612,-12.1075],[-77.0611,-12.1075],[-77.061,-12.1075],[-77.0609,-12.1076],[-77.0608,-12.1076],[-77.0607,-12.1077],[-77.0605,-12.107],[-77.0603,-12.1052],[-77.0604,-12.1047],[-77.0605,-12.1042],[-77.0606,-12.1037],[-77.0606,-12.1033],[-77.0605,-12.103],[-77.0607,-12.1025],[-77.0608,-12.1021],[-77.0607,-12.1018],[-77.0607,-12.1015],[-77.0606,-12.1011],[-77.0608,-12.1009],[-77.0602,-12.0999],[-77.06,-12.1],[-77.0595,-12.099],[-77.0594,-12.0986],[-77.0584,-12.0967],[-77.0589,-12.0964],[-77.0574,-12.0926],[-77.0558,-12.0934],[-77.055,-12.0919],[-77.0624,-12.087],[-77.0631,-12.0865]]]}},{"type":"Feature","properties":{"ubigeo":"150121","nombre":"Pueblo Libre"},"geometry":{"type":"Polygon","coordinates":[[[-77.0497,-12.0703],[-77.0542,-12.0665],[-77.0603,-12.0674],[-77.0612,-12.0675],[-77.0651,-12.0676],[-77.0657,-12.0676],[-77.075,-12.0679],[-77.0777,-12.0685],[-77.0779,-12.0703],[-77.0783,-12.0717],[-77.0783,-12.072],[-77.0784,-12.0729],[-77.0784,-12.0731],[-77.0786,-12.0735],[-77.0787,-12.0738],[-77.0791,-12.0743],[-77.0796,-12.0748],[-77.0798,-12.075],[-77.0802,-12.0756],[-77.0806,-12.0764],[-77.0808,-12.0769],[-77.0809,-12.0771],[-77.081,-12.0775],[-77.081,-12.0783],[-77.0807,-12.0784],[-77.08,-12.0785],[-77.0756,-12.0801],[-77.0714,-12.0816],[-77.0721,-12.0836],[-77.0635,-12.0867],[-77.0633,-12.0866],[-77.0631,-12.0865],[-77.0592,-12.0818],[-77.0581,-12.0806],[-77.0573,-12.0794],[-77.0569,-12.079],[-77.0556,-12.0774],[-77.0529,-12.0741],[-77.0518,-12.0728],[-77.051,-12.0718],[-77.0497,-12.0703]]]}},{"type":"Feature","properties":{"ubigeo":"150122","nombre":"Miraflores"},"geometry":{"type":"Polygon","coordinates":[[[-77.0026,-12.1266],[-77.0047,-12.1237],[-77.0102,-12.1157],[-77.013,-12.1175],[-77.0132,-12.1177],[-77.0133,-12.1179],[-77.0132,-12.1188],[-77.0138,-12.1188],[-77.0138,-12.1194],[-77.0173,-12.1194],[-77.0173,-12.1205],[-77.0182,-12.1206],[-77.0182,-12.1201],[-77.0182,-12.1197],[-77.0182,-12.1194],[-77.0241,-12.1198],[-77.0249,-12.1193],[-77.0252,-12.1192],[-77.0258,-12.1192],[-77.0258,-12.1191],[-77.0261,-12.1175],[-77.0262,-12.1172],[-77.0262,-12.1169],[-77.0259,-12.1143],[-77.026,-12.1141],[-77.026,-12.1135],[-77.0261,-12.112],[-77.0263,-12.1103],[-77.0266,-12.1082],[-77.0273,-12.1063],[-77.0274,-12.106],[-77.0275,-12.1053],[-77.0275,-12.1036],[-77.0273,-12.1028],[-77.0315,-12.1036],[-77.0366,-12.11],[-77.0372,-12.1101],[-77.0382,-12.109],[-77.039,-12.1098],[-77.0399,-12.1089],[-77.0405,-12.1083],[-77.0431,-12.1108],[-77.0435,-12.1107],[-77.0442,-12.1105],[-77.045,-12.1104],[-77.0462,-12.1105],[-77.0467,-12.1109],[-77.0493,-12.1084],[-77.0514,-12.1103],[-77.0515,-12.1102],[-77.0516,-12.1101],[-77.0517,-12.11],[-77.0518,-12.11],[-77.0519,-12.1099],[-77.0519,-12.1098],[-77.052,-12.1097],[-77.0521,-12.1096],[-77.0522,-12.1095],[-77.0524,-12.1093],[-77.0525,-12.1092],[-77.0526,-12.1091],[-77.0528,-12.1089],[-77.0529,-12.1087],[-77.0531,-12.1085],[-77.0532,-12.1084],[-77.0532,-12.109],[-77.0533,-12.1093],[-77.0533,-12.1094],[-77.0533,-12.1095],[-77.0534,-12.1095],[-77.0535,-12.1096],[-77.0536,-12.1096],[-77.0537,-12.1097],[-77.0543,-12.1097],[-77.0544,-12.1097],[-77.0545,-12.1098],[-77.0546,-12.1098],[-77.0546,-12.1099],[-77.0547,-12.11],[-77.0548,-12.11],[-77.0549,-12.11],[-77.0549,-12.1101],[-77.055,-12.1102],[-77.055,-12.1103],[-77.055,-12.1104],[-77.0549,-12.1104],[-77.055,-12.1105],[-77.055,-12.1106],[-77.0551,-12.1106],[-77.0552,-12.1107],[-77.0553,-12.1108],[-77.0554,-12.1108],[-77.0556,-12.1109],[-77.0557,-12.1109],[-77.0557,-12.111],[-77.056,-12.111],[-77.0559,-12.1111],[-77.0557,-12.1111],[-77.0557,-12.1112],[-77.0556,-12.1112],[-77.0556,-12.1113],[-77.0555,-12.1113],[-77.0554,-12.1114],[-77.0553,-12.1114],[-77.0552,-12.1115],[-77.0551,-12.1115],[-77.055,-12.1115],[-77.0549,-12.1116],[-77.0549,-12.1117],[-77.0548,-12.1117],[-77.0547,-12.1118],[-77.0546,-12.1118],[-77.0545,-12.1119],[-77.0544,-12.1119],[-77.0543,-12.112],[-77.0542,-12.112],[-77.0541,-12.1121],[-77.0541,-12.1122],[-77.054,-12.1122],[-77.0539,-12.1122],[-77.0539,-12.1123],[-77.0537,-12.1123],[-77.0536,-12.1124],[-77.0535,-12.1124],[-77.0534,-12.1125],[-77.0533,-12.1126],[-77.0532,-12.1127],[-77.0531,-12.1127],[-77.053,-12.1128],[-77.0529,-12.1128],[-77.0529,-12.1129],[-77.0528,-12.1129],[-77.0527,-12.113],[-77.0526,-12.1131],[-77.0525,-12.1132],[-77.0524,-12.1133],[-77.0523,-12.1134],[-77.0521,-12.1135],[-77.0521,-12.1136],[-77.052,-12.1136],[-77.0519,-12.1137],[-77.0518,-12.1138],[-77.0518,-12.1139],[-77.0516,-12.1139],[-77.0516,-12.114],[-77.0515,-12.1141],[-77.0514,-12.1142],[-77.0513,-12.1143],[-77.0512,-12.1143],[-77.0512,-12.1144],[-77.0511,-12.1145],[-77.0511,-12.1146],[-77.051,-12.1146],[-77.0509,-12.1147],[-77.0508,-12.1148],[-77.0507,-12.1149],[-77.0507,-12.115],[-77.0506,-12.1151],[-77.0506,-12.1152],[-77.0505,-12.1152],[-77.0505,-12.1153],[-77.0505,-12.1154],[-77.0504,-12.1155],[-77.0504,-12.1156],[-77.0503,-12.1156],[-77.0503,-12.1158],[-77.0502,-12.1158],[-77.0502,-12.1159],[-77.0502,-12.116],[-77.0502,-12.1162],[-77.0503,-12.1162],[-77.0503,-12.1163],[-77.0503,-12.1164],[-77.0504,-12.1165],[-77.0513,-12.1174],[-77.0512,-12.1175],[-77.0503,-12.1167],[-77.0501,-12.1167],[-77.05,-12.1169],[-77.0498,-12.117],[-77.0497,-12.1171],[-77.0495,-12.1172],[-77.0494,-12.1173],[-77.0493,-12.1175],[-77.0491,-12.1176],[-77.0489,-12.1177],[-77.0488,-12.1178],[-77.0486,-12.1179],[-77.0485,-12.118],[-77.0483,-12.1181],[-77.0481,-12.1182],[-77.0479,-12.1183],[-77.0477,-12.1183],[-77.0476,-12.1184],[-77.0476,-12.1185],[-77.0475,-12.1185],[-77.0473,-12.1186],[-77.0471,-12.1187],[-77.047,-12.1188],[-77.0468,-12.1189],[-77.0468,-12.119],[-77.0467,-12.1191],[-77.0466,-12.1191],[-77.0465,-12.1192],[-77.0464,-12.1193],[-77.0463,-12.1194],[-77.0461,-12.1195],[-77.046,-12.1196],[-77.0459,-12.1197],[-77.0458,-12.1197],[-77.0458,-12.1198],[-77.0458,-12.1199],[-77.0457,-12.12],[-77.0456,-12.1201],[-77.0456,-12.1202],[-77.0455,-12.1203],[-77.0455,-12.1204],[-77.0455,-12.1205],[-77.0456,-12.1206],[-77.0457,-12.1206],[-77.0457,-12.1207],[-77.0457,-12.1208],[-77.0458,-12.1208],[-77.0459,-12.1209],[-77.0459,-12.121],[-77.0459,-12.1211],[-77.046,-12.1212],[-77.046,-12.1213],[-77.046,-12.1214],[-77.0465,-12.1219],[-77.0465,-12.122],[-77.0459,-12.1215],[-77.0458,-12.1215],[-77.0457,-12.1215],[-77.0456,-12.1215],[-77.0455,-12.1215],[-77.0454,-12.1216],[-77.0453,-12.1217],[-77.0452,-12.1217],[-77.0452,-12.1218],[-77.0451,-12.1218],[-77.045,-12.1219],[-77.0449,-12.122],[-77.0448,-12.122],[-77.0448,-12.1221],[-77.0447,-12.1221],[-77.0446,-12.1222],[-77.0445,-12.1223],[-77.0444,-12.1224],[-77.0443,-12.1225],[-77.0442,-12.1225],[-77.0442,-12.1226],[-77.0441,-12.1226],[-77.044,-12.1227],[-77.0439,-12.1228],[-77.0438,-12.1228],[-77.0437,-12.1229],[-77.0436,-12.1229],[-77.0435,-12.1229],[-77.0435,-12.123],[-77.0434,-12.123],[-77.0434,-12.1231],[-77.0433,-12.1231],[-77.043,-12.1232],[-77.0428,-12.1232],[-77.0427,-12.1233],[-77.0426,-12.1234],[-77.0425,-12.1234],[-77.0423,-12.1235],[-77.0422,-12.1236],[-77.042,-12.1237],[-77.0418,-12.1238],[-77.0416,-12.124],[-77.0415,-12.1241],[-77.0417,-12.1243],[-77.0416,-12.1244],[-77.0414,-12.1242],[-77.0413,-12.1242],[-77.0412,-12.1242],[-77.0411,-12.1243],[-77.041,-12.1244],[-77.0408,-12.1244],[-77.0406,-12.1245],[-77.0405,-12.1246],[-77.0403,-12.1247],[-77.0401,-12.1249],[-77.0399,-12.125],[-77.0398,-12.1251],[-77.0396,-12.1252],[-77.0396,-12.1253],[-77.0394,-12.1255],[-77.0393,-12.1256],[-77.0391,-12.1258],[-77.039,-12.126],[-77.0388,-12.1262],[-77.0386,-12.1263],[-77.0385,-12.1265],[-77.0385,-12.1266],[-77.0385,-12.1267],[-77.0386,-12.1268],[-77.0393,-12.1275],[-77.0392,-12.1276],[-77.0385,-12.1269],[-77.0384,-12.1269],[-77.0382,-12.1271],[-77.0381,-12.1272],[-77.038,-12.1273],[-77.0378,-12.1275],[-77.0377,-12.1276],[-77.0376,-12.1278],[-77.0375,-12.1279],[-77.0373,-12.1281],[-77.0372,-12.1283],[-77.0371,-12.1284],[-77.0371,-12.1285],[-77.0372,-12.1286],[-77.0373,-12.1287],[-77.0373,-12.1288],[-77.0371,-12.1288],[-77.037,-12.129],[-77.0369,-12.1291],[-77.0368,-12.1292],[-77.0367,-12.1293],[-77.0366,-12.1294],[-77.0364,-12.1295],[-77.0363,-12.1296],[-77.0361,-12.1297],[-77.0359,-12.1299],[-77.0358,-12.1301],[-77.0357,-12.1302],[-77.0356,-12.1303],[-77.0355,-12.1304],[-77.0371,-12.1327],[-77.037,-12.1328],[-77.0357,-12.1309],[-77.0356,-12.1309],[-77.0355,-12.1309],[-77.0353,-12.1309],[-77.0352,-12.131],[-77.035,-12.131],[-77.0349,-12.1311],[-77.0348,-12.1313],[-77.0347,-12.1314],[-77.0345,-12.1315],[-77.0344,-12.1316],[-77.0342,-12.1317],[-77.034,-12.1318],[-77.0338,-12.1319],[-77.0337,-12.132],[-77.0335,-12.132],[-77.0334,-12.1321],[-77.0333,-12.1322],[-77.0332,-12.1323],[-77.0328,-12.1325],[-77.0327,-12.1327],[-77.0325,-12.1328],[-77.0324,-12.133],[-77.0321,-12.1331],[-77.0319,-12.1332],[-77.0318,-12.1333],[-77.0317,-12.1334],[-77.0315,-12.1336],[-77.0313,-12.1337],[-77.0312,-12.1338],[-77.0311,-12.1339],[-77.031,-12.134],[-77.0309,-12.1342],[-77.0308,-12.1343],[-77.0307,-12.1345],[-77.0305,-12.1347],[-77.0304,-12.1349],[-77.0302,-12.1352],[-77.0302,-12.1353],[-77.03,-12.1355],[-77.0299,-12.1357],[-77.0298,-12.1358],[-77.0298,-12.1359],[-77.0298,-12.136],[-77.0297,-12.136],[-77.0297,-12.1361],[-77.0297,-12.1362],[-77.0296,-12.1363],[-77.0295,-12.1364],[-77.0295,-12.1365],[-77.0295,-12.1366],[-77.0294,-12.1367],[-77.0294,-12.1368],[-77.0293,-12.1369],[-77.0293,-12.137],[-77.0293,-12.1371],[-77.0292,-12.1371],[-77.0292,-12.1372],[-77.0292,-12.1373],[-77.0291,-12.1374],[-77.0291,-12.1375],[-77.0294,-12.1377],[-77.0291,-12.1377],[-77.0291,-12.1378],[-77.029,-12.1379],[-77.029,-12.138],[-77.029,-12.1381],[-77.0289,-12.1382],[-77.0288,-12.1383],[-77.0287,-12.1384],[-77.0287,-12.1385],[-77.0287,-12.1386],[-77.0287,-12.1387],[-77.0286,-12.1388],[-77.0286,-12.1389],[-77.0285,-12.139],[-77.0284,-12.1391],[-77.0284,-12.1392],[-77.0284,-12.1393],[-77.0284,-12.1394],[-77.0285,-12.1395],[-77.0285,-12.1396],[-77.0286,-12.1397],[-77.0295,-12.1401],[-77.0294,-12.1401],[-77.0285,-12.1397],[-77.0283,-12.1396],[-77.0282,-12.1395],[-77.0279,-12.1394],[-77.0279,-12.1393],[-77.0278,-12.1391],[-77.0276,-12.139],[-77.0275,-12.1388],[-77.0271,-12.1385],[-77.0268,-12.1381],[-77.0267,-12.138],[-77.0266,-12.1378],[-77.026,-12.1368],[-77.0259,-12.1367],[-77.0258,-12.1365],[-77.0257,-12.1364],[-77.0255,-12.1362],[-77.0254,-12.1362],[-77.0253,-12.1361],[-77.0252,-12.1361],[-77.0251,-12.1361],[-77.025,-12.136],[-77.0249,-12.136],[-77.0247,-12.136],[-77.0246,-12.136],[-77.0242,-12.1359],[-77.024,-12.1358],[-77.023,-12.1353],[-77.0231,-12.1349],[-77.0225,-12.1347],[-77.0221,-12.1345],[-77.0217,-12.1341],[-77.0213,-12.1334],[-77.0212,-12.1333],[-77.0196,-12.1307],[-77.0195,-12.1306],[-77.0191,-12.1313],[-77.018,-12.1312],[-77.018,-12.1304],[-77.0173,-12.1304],[-77.0173,-12.1301],[-77.0171,-12.1299],[-77.0164,-12.1305],[-77.0162,-12.1299],[-77.0159,-12.1302],[-77.0157,-12.13],[-77.0156,-12.1295],[-77.0152,-12.1296],[-77.0147,-12.1296],[-77.0144,-12.1296],[-77.014,-12.1295],[-77.0137,-12.1294],[-77.0135,-12.13],[-77.0131,-12.1298],[-77.0131,-12.1302],[-77.0132,-12.1309],[-77.013,-12.1313],[-77.0126,-12.1308],[-77.0125,-12.1304],[-77.0119,-12.1305],[-77.0118,-12.13],[-77.0113,-12.1301],[-77.0094,-12.1299],[-77.0096,-12.1281],[-77.0096,-12.1278],[-77.0096,-12.1277],[-77.0056,-12.1283],[-77.0016,-12.1289],[-77.0009,-12.1289],[-77.0026,-12.1266]]]}},{"type":"Feature","properties":{"ubigeo":"150123","nombre":"Pachacámac"},"geometry":{"type":"Polygon","coordinates":[[[-76.7073,-12.114],[-76.7091,-12.1154],[-76.7109,-12.1166],[-76.7113,-12.1167],[-76.7121,-12.117],[-76.713,-12.1173],[-76.7139,-12.1176],[-76.7146,-12.1179],[-76.7149,-12.1181],[-76.7156,-12.1185],[-76.7163,-12.1189],[-76.7165,-12.119],[-76.7168,-12.1192],[-76.7171,-12.1194],[-76.7175,-12.1197],[-76.7177,-12.1199],[-76.7183,-12.1204],[-76.7187,-12.1208],[-76.7189,-12.121],[-76.7192,-12.1211],[-76.7193,-12.1212],[-76.7196,-12.1212],[-76.7204,-12.1214],[-76.7208,-12.1215],[-76.7215,-12.1217],[-76.7222,-12.1218],[-76.7226,-12.1218],[-76.7232,-12.1219],[-76.7239,-12.1219],[-76.7244,-12.1219],[-76.7245,-12.1219],[-76.7246,-12.1219],[-76.7248,-12.122],[-76.725,-12.122],[-76.7252,-12.1221],[-76.7254,-12.1222],[-76.7255,-12.1223],[-76.7257,-12.1224],[-76.7261,-12.1228],[-76.7268,-12.123],[-76.7272,-12.1231],[-76.7274,-12.1232],[-76.7279,-12.1232],[-76.7283,-12.1233],[-76.7287,-12.1234],[-76.7298,-12.1237],[-76.7302,-12.1238],[-76.7308,-12.124],[-76.7313,-12.1242],[-76.7316,-12.1243],[-76.7318,-12.1245],[-76.732,-12.1246],[-76.7322,-12.1247],[-76.7324,-12.1249],[-76.7325,-12.125],[-76.7328,-12.1253],[-76.7329,-12.1254],[-76.7331,-12.1256],[-76.7334,-12.1259],[-76.7336,-12.1263],[-76.7339,-12.1266],[-76.7341,-12.127],[-76.7342,-12.1271],[-76.7344,-12.1276],[-76.7345,-12.1277],[-76.7345,-12.1278],[-76.7347,-12.128],[-76.7348,-12.1281],[-76.735,-12.1283],[-76.7351,-12.1284],[-76.7353,-12.1285],[-76.7354,-12.1285],[-76.7359,-12.1286],[-76.7364,-12.1286],[-76.7367,-12.1286],[-76.7369,-12.1287],[-76.7374,-12.1288],[-76.7379,-12.1291],[-76.7381,-12.1293],[-76.7383,-12.1294],[-76.7387,-12.1297],[-76.7394,-12.1302],[-76.7396,-12.1304],[-76.7398,-12.1305],[-76.7399,-12.1306],[-76.7401,-12.1306],[-76.7408,-12.1307],[-76.7417,-12.1309],[-76.7424,-12.131],[-76.7426,-12.131],[-76.7429,-12.131],[-76.7431,-12.1311],[-76.7433,-12.1312],[-76.7436,-12.1314],[-76.7441,-12.1317],[-76.7444,-12.1319],[-76.7445,-12.132],[-76.7446,-12.132],[-76.7447,-12.132],[-76.7451,-12.1321],[-76.7452,-12.1322],[-76.7453,-12.1322],[-76.7454,-12.1323],[-76.7455,-12.1324],[-76.7459,-12.1327],[-76.746,-12.1328],[-76.7461,-12.1329],[-76.7462,-12.133],[-76.7464,-12.133],[-76.7466,-12.1331],[-76.7468,-12.1331],[-76.7472,-12.1331],[-76.7475,-12.1332],[-76.748,-12.1333],[-76.7484,-12.1334],[-76.7486,-12.1335],[-76.7488,-12.1336],[-76.749,-12.1337],[-76.7495,-12.1341],[-76.7503,-12.1349],[-76.7506,-12.1352],[-76.7508,-12.1353],[-76.7509,-12.1354],[-76.7511,-12.1355],[-76.7514,-12.1356],[-76.7515,-12.1356],[-76.7517,-12.1356],[-76.7523,-12.1355],[-76.7527,-12.1355],[-76.7534,-12.1355],[-76.7539,-12.1354],[-76.7541,-12.1354],[-76.7544,-12.1354],[-76.7547,-12.1355],[-76.7553,-12.1356],[-76.7559,-12.1357],[-76.7561,-12.1357],[-76.7562,-12.1357],[-76.7563,-12.1357],[-76.7565,-12.1356],[-76.7569,-12.1355],[-76.7571,-12.1354],[-76.7575,-12.1353],[-76.7579,-12.1353],[-76.7582,-12.1353],[-76.7586,-12.1353],[-76.7591,-12.1353],[-76.7595,-12.1353],[-76.7597,-12.1354],[-76.7599,-12.1354],[-76.7601,-12.1353],[-76.7603,-12.1353],[-76.7606,-12.1352],[-76.7613,-12.135],[-76.7616,-12.1349],[-76.7623,-12.1347],[-76.7627,-12.1347],[-76.7629,-12.1347],[-76.7632,-12.1348],[-76.7638,-12.1349],[-76.764,-12.1349],[-76.7641,-12.1349],[-76.7643,-12.1349],[-76.7644,-12.1349],[-76.7648,-12.1347],[-76.765,-12.1347],[-76.7655,-12.1347],[-76.7656,-12.1346],[-76.7658,-12.1346],[-76.7659,-12.1347],[-76.7661,-12.1347],[-76.7666,-12.1348],[-76.7668,-12.1349],[-76.7669,-12.1349],[-76.7671,-12.1349],[-76.7672,-12.1349],[-76.7675,-12.1348],[-76.7677,-12.1347],[-76.7681,-12.1345],[-76.7682,-12.1345],[-76.7683,-12.1344],[-76.7688,-12.1344],[-76.7691,-12.1343],[-76.7694,-12.1343],[-76.7698,-12.1343],[-76.77,-12.1344],[-76.7703,-12.1344],[-76.7706,-12.1345],[-76.771,-12.1346],[-76.7711,-12.1347],[-76.7714,-12.1349],[-76.7717,-12.1351],[-76.7718,-12.1352],[-76.7719,-12.1352],[-76.7721,-12.1352],[-76.7723,-12.1353],[-76.773,-12.1354],[-76.7734,-12.1355],[-76.7739,-12.1356],[-76.7749,-12.1359],[-76.7757,-12.1361],[-76.7764,-12.1363],[-76.7767,-12.1364],[-76.7769,-12.1365],[-76.777,-12.1365],[-76.7776,-12.1369],[-76.7778,-12.137],[-76.778,-12.1371],[-76.7783,-12.1372],[-76.7785,-12.1372],[-76.7787,-12.1372],[-76.7793,-12.1373],[-76.7795,-12.1372],[-76.78,-12.1372],[-76.7803,-12.1372],[-76.7806,-12.1373],[-76.7815,-12.1374],[-76.7821,-12.1374],[-76.7823,-12.1374],[-76.7825,-12.1375],[-76.7827,-12.1376],[-76.783,-12.1377],[-76.7833,-12.1378],[-76.7836,-12.138],[-76.7845,-12.1385],[-76.7855,-12.139],[-76.7858,-12.1392],[-76.7863,-12.1395],[-76.7873,-12.14],[-76.7883,-12.1402],[-76.7885,-12.1403],[-76.7911,-12.142],[-76.7919,-12.1424],[-76.7929,-12.1424],[-76.7943,-12.1426],[-76.7963,-12.1425],[-76.7975,-12.1428],[-76.7979,-12.143],[-76.7992,-12.1433],[-76.7996,-12.1434],[-76.7999,-12.1433],[-76.8004,-12.1426],[-76.8007,-12.1423],[-76.8013,-12.142],[-76.8024,-12.1417],[-76.803,-12.1417],[-76.8044,-12.1418],[-76.8065,-12.1417],[-76.8081,-12.1417],[-76.8091,-12.1416],[-76.8099,-12.1417],[-76.8111,-12.142],[-76.812,-12.1419],[-76.8124,-12.1419],[-76.8129,-12.142],[-76.8154,-12.1428],[-76.8161,-12.1429],[-76.8173,-12.143],[-76.8182,-12.1431],[-76.8193,-12.1435],[-76.8196,-12.1436],[-76.8229,-12.1445],[-76.8243,-12.1447],[-76.8249,-12.1449],[-76.8252,-12.1451],[-76.8256,-12.1451],[-76.8265,-12.1454],[-76.8269,-12.1454],[-76.8281,-12.1458],[-76.829,-12.1464],[-76.8295,-12.1466],[-76.8313,-12.1467],[-76.8316,-12.1467],[-76.8319,-12.1469],[-76.8323,-12.1474],[-76.8324,-12.1461],[-76.8325,-12.1455],[-76.833,-12.1451],[-76.8614,-12.102],[-76.8813,-12.0722],[-76.888,-12.0618],[-76.8891,-12.0594],[-76.8896,-12.0615],[-76.8899,-12.0631],[-76.8901,-12.0635],[-76.891,-12.0657],[-76.8911,-12.0672],[-76.8906,-12.0696],[-76.8905,-12.0709],[-76.8904,-12.0715],[-76.8899,-12.0744],[-76.8896,-12.0754],[-76.8887,-12.0758],[-76.8873,-12.0762],[-76.8861,-12.0761],[-76.8856,-12.0764],[-76.8854,-12.0776],[-76.8854,-12.0801],[-76.8854,-12.0835],[-76.8855,-12.0843],[-76.8858,-12.0848],[-76.8861,-12.085],[-76.8862,-12.0852],[-76.8864,-12.0855],[-76.8864,-12.0856],[-76.8864,-12.0858],[-76.8863,-12.0862],[-76.8859,-12.0868],[-76.8852,-12.0873],[-76.8847,-12.0878],[-76.8843,-12.0887],[-76.884,-12.0894],[-76.884,-12.0898],[-76.8845,-12.0906],[-76.8849,-12.0911],[-76.8851,-12.0917],[-76.8858,-12.0924],[-76.8866,-12.0925],[-76.8876,-12.0926],[-76.8887,-12.0927],[-76.8891,-12.0927],[-76.8902,-12.0927],[-76.8909,-12.093],[-76.8911,-12.0931],[-76.8914,-12.0937],[-76.8915,-12.0947],[-76.8915,-12.0956],[-76.8906,-12.097],[-76.89,-12.0982],[-76.8899,-12.0992],[-76.8901,-12.1004],[-76.8906,-12.1016],[-76.8917,-12.103],[-76.8921,-12.1035],[-76.8942,-12.106],[-76.8947,-12.1077],[-76.8954,-12.1099],[-76.8963,-12.1126],[-76.8974,-12.1141],[-76.8978,-12.1142],[-76.8981,-12.1144],[-76.9011,-12.1135],[-76.9012,-12.1135],[-76.903,-12.1137],[-76.9039,-12.1141],[-76.9041,-12.1142],[-76.9057,-12.116],[-76.9061,-12.1168],[-76.9066,-12.1176],[-76.9082,-12.1196],[-76.9106,-12.1221],[-76.9108,-12.1223],[-76.9119,-12.1245],[-76.9126,-12.1267],[-76.9126,-12.1277],[-76.9113,-12.1288],[-76.909,-12.1308],[-76.9067,-12.1316],[-76.9048,-12.1318],[-76.9046,-12.1318],[-76.9036,-12.1322],[-76.9028,-12.1329],[-76.9016,-12.1338],[-76.9008,-12.1347],[-76.9008,-12.135],[-76.9007,-12.1358],[-76.9006,-12.1361],[-76.9002,-12.1368],[-76.8997,-12.1375],[-76.8994,-12.138],[-76.8991,-12.1388],[-76.8988,-12.1394],[-76.8985,-12.1397],[-76.8981,-12.1401],[-76.897,-12.141],[-76.8965,-12.1416],[-76.8963,-12.1421],[-76.8963,-12.1427],[-76.8961,-12.1442],[-76.896,-12.1442],[-76.8961,-12.1451],[-76.8957,-12.1465],[-76.8955,-12.1473],[-76.8948,-12.1487],[-76.8935,-12.1503],[-76.8917,-12.1516],[-76.8898,-12.1526],[-76.8885,-12.1529],[-76.8868,-12.1535],[-76.8853,-12.1539],[-76.8842,-12.1543],[-76.8838,-12.1545],[-76.8834,-12.1552],[-76.8833,-12.1561],[-76.8834,-12.1575],[-76.8831,-12.1596],[-76.8827,-12.1607],[-76.8825,-12.1614],[-76.882,-12.1632],[-76.8816,-12.1638],[-76.8815,-12.164],[-76.8812,-12.1646],[-76.8811,-12.1658],[-76.8812,-12.1668],[-76.8812,-12.1679],[-76.882,-12.1691],[-76.8831,-12.1713],[-76.8839,-12.1723],[-76.8842,-12.1726],[-76.8845,-12.1732],[-76.8847,-12.1737],[-76.8847,-12.1739],[-76.8847,-12.1741],[-76.8847,-12.1749],[-76.8841,-12.1757],[-76.8835,-12.1769],[-76.8832,-12.1778],[-76.8831,-12.1784],[-76.8831,-12.1795],[-76.8834,-12.1805],[-76.8837,-12.1809],[-76.8842,-12.1818],[-76.8845,-12.1828],[-76.8848,-12.1838],[-76.8849,-12.1846],[-76.885,-12.1852],[-76.8852,-12.1859],[-76.8853,-12.1868],[-76.8855,-12.1873],[-76.8859,-12.1875],[-76.8861,-12.1877],[-76.8862,-12.1877],[-76.887,-12.188],[-76.8873,-12.1884],[-76.8877,-12.1899],[-76.8885,-12.1929],[-76.8891,-12.1946],[-76.8899,-12.1956],[-76.8906,-12.1967],[-76.8912,-12.1978],[-76.8919,-12.1988],[-76.892,-12.1993],[-76.8919,-12.2],[-76.8911,-12.201],[-76.8909,-12.2014],[-76.8906,-12.202],[-76.8904,-12.203],[-76.8904,-12.2037],[-76.8905,-12.2045],[-76.8906,-12.2052],[-76.8908,-12.2058],[-76.891,-12.2063],[-76.8911,-12.2065],[-76.8911,-12.2073],[-76.891,-12.2078],[-76.8905,-12.2083],[-76.8898,-12.209],[-76.8891,-12.2094],[-76.8884,-12.2096],[-76.8874,-12.2101],[-76.8864,-12.2103],[-76.8853,-12.2103],[-76.8845,-12.2104],[-76.8841,-12.2105],[-76.8836,-12.2109],[-76.8832,-12.2116],[-76.8825,-12.2123],[-76.882,-12.2129],[-76.8816,-12.2136],[-76.8803,-12.2145],[-76.8797,-12.2149],[-76.8793,-12.2153],[-76.8789,-12.2158],[-76.8779,-12.2166],[-76.8774,-12.2174],[-76.8769,-12.2177],[-76.8758,-12.2185],[-76.8753,-12.2187],[-76.8748,-12.219],[-76.874,-12.2196],[-76.8737,-12.2197],[-76.8729,-12.2198],[-76.8726,-12.2199],[-76.8717,-12.2204],[-76.8712,-12.2207],[-76.8712,-12.2212],[-76.8712,-12.2218],[-76.8714,-12.2223],[-76.8722,-12.2237],[-76.8725,-12.2243],[-76.8727,-12.2251],[-76.8724,-12.2256],[-76.8717,-12.2264],[-76.871,-12.2271],[-76.8708,-12.2275],[-76.8705,-12.2279],[-76.8684,-12.2295],[-76.8681,-12.2298],[-76.8675,-12.2308],[-76.8667,-12.2324],[-76.8667,-12.2326],[-76.8669,-12.2331],[-76.8668,-12.2336],[-76.8665,-12.2341],[-76.8653,-12.2349],[-76.8658,-12.2359],[-76.8668,-12.2384],[-76.8669,-12.2387],[-76.8657,-12.2392],[-76.8656,-12.2392],[-76.8652,-12.2383],[-76.8645,-12.2374],[-76.8642,-12.2371],[-76.8637,-12.2365],[-76.8631,-12.2358],[-76.8627,-12.2362],[-76.8625,-12.2363],[-76.8623,-12.2365],[-76.862,-12.2366],[-76.8618,-12.2369],[-76.8617,-12.2371],[-76.8616,-12.2373],[-76.8615,-12.2376],[-76.8609,-12.2381],[-76.8607,-12.2383],[-76.8603,-12.2387],[-76.86,-12.2388],[-76.8598,-12.2388],[-76.8597,-12.2388],[-76.8597,-12.2389],[-76.8593,-12.238],[-76.859,-12.2372],[-76.8589,-12.2368],[-76.8585,-12.2364],[-76.8582,-12.2361],[-76.8578,-12.2357],[-76.8573,-12.2352],[-76.857,-12.235],[-76.8566,-12.2346],[-76.8562,-12.2337],[-76.8557,-12.2333],[-76.8552,-12.2331],[-76.8549,-12.2332],[-76.8546,-12.2335],[-76.8543,-12.2339],[-76.8539,-12.2342],[-76.8536,-12.2345],[-76.8536,-12.2346],[-76.8534,-12.2346],[-76.8532,-12.2347],[-76.8528,-12.2347],[-76.8525,-12.2348],[-76.8523,-12.2351],[-76.8518,-12.2362],[-76.8515,-12.2369],[-76.8514,-12.2374],[-76.8513,-12.2379],[-76.8511,-12.2383],[-76.8506,-12.2388],[-76.8501,-12.2392],[-76.8498,-12.2395],[-76.8492,-12.2395],[-76.8476,-12.2386],[-76.8462,-12.2378],[-76.8433,-12.2363],[-76.8432,-12.236],[-76.8433,-12.2354],[-76.8437,-12.2348],[-76.8439,-12.2339],[-76.8439,-12.2338],[-76.8439,-12.2337],[-76.8438,-12.2332],[-76.8437,-12.2325],[-76.8438,-12.232],[-76.8442,-12.2317],[-76.8445,-12.2313],[-76.8447,-12.2308],[-76.8445,-12.2305],[-76.844,-12.2302],[-76.8434,-12.2297],[-76.8433,-12.2294],[-76.8432,-12.2288],[-76.8431,-12.2285],[-76.8431,-12.2283],[-76.8432,-12.2279],[-76.8433,-12.2278],[-76.8436,-12.2276],[-76.8438,-12.2275],[-76.8438,-12.2272],[-76.8439,-12.2267],[-76.8439,-12.2258],[-76.8446,-12.2247],[-76.8449,-12.2241],[-76.845,-12.2234],[-76.845,-12.2229],[-76.8453,-12.2223],[-76.8457,-12.2217],[-76.8458,-12.2212],[-76.8455,-12.2206],[-76.8452,-12.2202],[-76.845,-12.2198],[-76.8447,-12.2196],[-76.8443,-12.2195],[-76.8439,-12.2191],[-76.8436,-12.2187],[-76.8436,-12.2186],[-76.8428,-12.2181],[-76.8419,-12.2175],[-76.8411,-12.2171],[-76.8403,-12.217],[-76.8394,-12.2167],[-76.8386,-12.2162],[-76.8378,-12.2159],[-76.8369,-12.2159],[-76.8355,-12.2162],[-76.8343,-12.2161],[-76.8328,-12.2161],[-76.8317,-12.2157],[-76.8275,-12.2142],[-76.8235,-12.2113],[-76.8201,-12.2073],[-76.8181,-12.2055],[-76.8175,-12.2041],[-76.8168,-12.2021],[-76.8161,-12.2001],[-76.8145,-12.1985],[-76.8129,-12.198],[-76.8101,-12.198],[-76.8075,-12.1977],[-76.8059,-12.1979],[-76.8049,-12.1982],[-76.8032,-12.1981],[-76.7996,-12.1987],[-76.7967,-12.1989],[-76.7951,-12.1997],[-76.7939,-12.2011],[-76.793,-12.202],[-76.7926,-12.2025],[-76.791,-12.2031],[-76.7892,-12.2029],[-76.7891,-12.2029],[-76.7876,-12.2017],[-76.7867,-12.2006],[-76.7837,-12.1987],[-76.7814,-12.1973],[-76.7799,-12.1957],[-76.778,-12.1939],[-76.7761,-12.1916],[-76.774,-12.1907],[-76.7735,-12.1904],[-76.7725,-12.19],[-76.771,-12.1892],[-76.7701,-12.1879],[-76.7693,-12.1861],[-76.768,-12.1854],[-76.7653,-12.1847],[-76.7617,-12.1842],[-76.7596,-12.1847],[-76.7586,-12.1849],[-76.7584,-12.185],[-76.7569,-12.1846],[-76.7542,-12.1822],[-76.7514,-12.1789],[-76.7507,-12.1778],[-76.7494,-12.1773],[-76.7482,-12.1774],[-76.746,-12.1775],[-76.7447,-12.1762],[-76.7431,-12.1744],[-76.7419,-12.1717],[-76.7411,-12.1691],[-76.7398,-12.1681],[-76.7378,-12.1673],[-76.7359,-12.1659],[-76.734,-12.1644],[-76.7325,-12.1645],[-76.731,-12.1649],[-76.7288,-12.1653],[-76.7284,-12.1653],[-76.7275,-12.1655],[-76.7269,-12.1656],[-76.7251,-12.1663],[-76.723,-12.1669],[-76.7228,-12.167],[-76.7223,-12.1672],[-76.7202,-12.1679],[-76.7187,-12.1682],[-76.7163,-12.1685],[-76.7136,-12.1689],[-76.7111,-12.1697],[-76.7094,-12.1708],[-76.7078,-12.1731],[-76.7065,-12.1753],[-76.7055,-12.1767],[-76.7043,-12.1778],[-76.7031,-12.1781],[-76.7029,-12.1782],[-76.7024,-12.1783],[-76.7007,-12.1783],[-76.7002,-12.1783],[-76.6988,-12.1788],[-76.6977,-12.1791],[-76.6961,-12.1797],[-76.694,-12.18],[-76.6915,-12.1811],[-76.6902,-12.1818],[-76.6887,-12.1812],[-76.6868,-12.1795],[-76.6844,-12.1773],[-76.6819,-12.1763],[-76.6797,-12.176],[-76.6781,-12.1757],[-76.6771,-12.1756],[-76.6752,-12.1759],[-76.6738,-12.1768],[-76.6718,-12.1778],[-76.6696,-12.1793],[-76.6673,-12.1799],[-76.6659,-12.1801],[-76.6644,-12.179],[-76.6632,-12.1781],[-76.662,-12.178],[-76.6611,-12.1765],[-76.6605,-12.175],[-76.6605,-12.1748],[-76.6603,-12.1735],[-76.661,-12.1732],[-76.6624,-12.1732],[-76.6639,-12.173],[-76.6652,-12.1729],[-76.6664,-12.173],[-76.6676,-12.1732],[-76.668,-12.1731],[-76.6688,-12.1729],[-76.6693,-12.1726],[-76.6695,-12.1725],[-76.6697,-12.1724],[-76.6705,-12.1725],[-76.6715,-12.1724],[-76.6717,-12.1724],[-76.6719,-12.1722],[-76.6722,-12.1716],[-76.6732,-12.17],[-76.6739,-12.169],[-76.674,-12.1684],[-76.6739,-12.1672],[-76.6742,-12.1672],[-76.6744,-12.1671],[-76.675,-12.1666],[-76.6758,-12.1655],[-76.6763,-12.1651],[-76.6778,-12.1642],[-76.678,-12.1641],[-76.6786,-12.1643],[-76.6789,-12.1643],[-76.6793,-12.164],[-76.6795,-12.1637],[-76.6797,-12.1633],[-76.6814,-12.1612],[-76.6823,-12.1603],[-76.6829,-12.1597],[-76.6833,-12.1587],[-76.6836,-12.158],[-76.6841,-12.1574],[-76.6845,-12.1566],[-76.6854,-12.1553],[-76.6861,-12.1539],[-76.6865,-12.1535],[-76.6871,-12.1529],[-76.6879,-12.1518],[-76.6883,-12.1505],[-76.6885,-12.1488],[-76.6892,-12.1462],[-76.6902,-12.1449],[-76.6908,-12.1441],[-76.6911,-12.1433],[-76.6916,-12.1424],[-76.6916,-12.1414],[-76.6903,-12.1398],[-76.6888,-12.1388],[-76.6874,-12.1377],[-76.6865,-12.137],[-76.6853,-12.1355],[-76.6837,-12.1343],[-76.6817,-12.1328],[-76.6801,-12.1319],[-76.6795,-12.1313],[-76.6793,-12.131],[-76.6811,-12.1297],[-76.6815,-12.1294],[-76.6839,-12.128],[-76.6852,-12.1273],[-76.686,-12.1269],[-76.6887,-12.1258],[-76.6905,-12.1247],[-76.6912,-12.1229],[-76.6927,-12.1208],[-76.6937,-12.1188],[-76.6948,-12.1178],[-76.6953,-12.1174],[-76.6962,-12.1166],[-76.6977,-12.1152],[-76.6981,-12.1149],[-76.6996,-12.1149],[-76.7013,-12.1146],[-76.7023,-12.1143],[-76.7033,-12.1139],[-76.7041,-12.1136],[-76.7047,-12.1135],[-76.7052,-12.1135],[-76.7055,-12.1136],[-76.7061,-12.1138],[-76.7067,-12.1139],[-76.7069,-12.1139],[-76.7073,-12.114]]]}},{"type":"Feature","properties":{"ubigeo":"150124","nombre":"Pucusana"},"geometry":{"type":"Polygon","coordinates":[[[-76.7533,-12.4289],[-76.7549,-12.428],[-76.7559,-12.4264],[-76.7567,-12.4246],[-76.758,-12.4239],[-76.7601,-12.4232],[-76.7611,-12.4223],[-76.7615,-12.4215],[-76.7616,-12.4209],[-76.7619,-12.4201],[-76.7627,-12.4192],[-76.7634,-12.4192],[-76.7644,-12.4194],[-76.7658,-12.4201],[-76.7667,-12.4206],[-76.7675,-12.4206],[-76.7695,-12.4208],[-76.7706,-12.4209],[-76.7712,-12.4216],[-76.7718,-12.4226],[-76.7722,-12.424],[-76.7723,-12.4253],[-76.7733,-12.4256],[-76.7737,-12.4255],[-76.7745,-12.4253],[-76.776,-12.4244],[-76.7768,-12.423],[-76.7777,-12.4211],[-76.7785,-12.4194],[-76.7788,-12.4185],[-76.7801,-12.4171],[-76.7802,-12.4171],[-76.7804,-12.4171],[-76.7805,-12.4172],[-76.7806,-12.4172],[-76.7806,-12.4174],[-76.7806,-12.4176],[-76.7807,-12.4176],[-76.7808,-12.4176],[-76.7809,-12.4177],[-76.7811,-12.4178],[-76.7812,-12.4178],[-76.7812,-12.418],[-76.7812,-12.4181],[-76.781,-12.4183],[-76.7808,-12.4185],[-76.7806,-12.4186],[-76.7805,-12.4188],[-76.7804,-12.4188],[-76.7804,-12.4189],[-76.7804,-12.419],[-76.7804,-12.4191],[-76.7803,-12.4192],[-76.7802,-12.4194],[-76.7802,-12.4196],[-76.7801,-12.4197],[-76.7799,-12.4198],[-76.7798,-12.4201],[-76.7797,-12.4203],[-76.7797,-12.4204],[-76.7798,-12.4205],[-76.7798,-12.4206],[-76.7797,-12.4208],[-76.7796,-12.4211],[-76.7795,-12.4213],[-76.7795,-12.4216],[-76.7796,-12.4219],[-76.7796,-12.422],[-76.7795,-12.4221],[-76.7794,-12.4222],[-76.7793,-12.4222],[-76.7792,-12.4223],[-76.7791,-12.4224],[-76.7791,-12.4226],[-76.7791,-12.4229],[-76.7791,-12.4231],[-76.779,-12.4234],[-76.7789,-12.4237],[-76.7789,-12.4239],[-76.779,-12.4241],[-76.7789,-12.4242],[-76.7789,-12.4245],[-76.7789,-12.4247],[-76.7791,-12.4256],[-76.7794,-12.4263],[-76.779,-12.4272],[-76.7789,-12.4278],[-76.7788,-12.4284],[-76.778,-12.4292],[-76.7777,-12.4298],[-76.777,-12.4309],[-76.7763,-12.4322],[-76.7758,-12.4333],[-76.7754,-12.4348],[-76.7753,-12.4357],[-76.775,-12.4379],[-76.7751,-12.438],[-76.7752,-12.4386],[-76.7754,-12.4393],[-76.7756,-12.4398],[-76.7758,-12.44],[-76.7759,-12.4401],[-76.7761,-12.44],[-76.7763,-12.44],[-76.7761,-12.4403],[-76.776,-12.4404],[-76.7761,-12.4406],[-76.7764,-12.4407],[-76.7767,-12.4408],[-76.7768,-12.441],[-76.7768,-12.4412],[-76.7767,-12.4413],[-76.7767,-12.4414],[-76.777,-12.4414],[-76.777,-12.4415],[-76.7769,-12.4416],[-76.7767,-12.4418],[-76.7767,-12.4419],[-76.7769,-12.4421],[-76.7772,-12.4423],[-76.7775,-12.4423],[-76.7779,-12.4422],[-76.778,-12.442],[-76.7778,-12.4419],[-76.7776,-12.4417],[-76.7776,-12.4415],[-76.7777,-12.4414],[-76.7779,-12.4414],[-76.7782,-12.4415],[-76.7787,-12.4416],[-76.779,-12.4418],[-76.7793,-12.4422],[-76.7796,-12.4426],[-76.7796,-12.4429],[-76.7795,-12.4432],[-76.7797,-12.4433],[-76.7799,-12.4433],[-76.78,-12.4434],[-76.7802,-12.4435],[-76.7803,-12.4435],[-76.7804,-12.4433],[-76.7805,-12.4432],[-76.7807,-12.4428],[-76.7807,-12.4426],[-76.7807,-12.4424],[-76.7808,-12.4424],[-76.781,-12.4424],[-76.7809,-12.4427],[-76.7808,-12.4431],[-76.7806,-12.4435],[-76.7808,-12.4437],[-76.7811,-12.4438],[-76.7813,-12.4439],[-76.7816,-12.4438],[-76.7816,-12.4439],[-76.7817,-12.4441],[-76.7816,-12.4443],[-76.7816,-12.4444],[-76.7817,-12.4444],[-76.7815,-12.4445],[-76.7814,-12.4448],[-76.7816,-12.445],[-76.7819,-12.4451],[-76.7823,-12.445],[-76.7823,-12.4446],[-76.7823,-12.4442],[-76.7824,-12.4439],[-76.7827,-12.4436],[-76.7831,-12.4433],[-76.7833,-12.4433],[-76.7834,-12.4434],[-76.7832,-12.4436],[-76.7833,-12.4437],[-76.7832,-12.444],[-76.7834,-12.444],[-76.7836,-12.4438],[-76.7838,-12.4436],[-76.784,-12.4433],[-76.7843,-12.4431],[-76.7845,-12.4431],[-76.7848,-12.4433],[-76.7851,-12.4434],[-76.7852,-12.4437],[-76.7852,-12.4441],[-76.7852,-12.4445],[-76.7851,-12.445],[-76.7851,-12.4454],[-76.7849,-12.4455],[-76.7848,-12.4457],[-76.7848,-12.4462],[-76.7847,-12.4464],[-76.7848,-12.4466],[-76.7846,-12.4471],[-76.7846,-12.4475],[-76.7845,-12.448],[-76.7845,-12.4484],[-76.7842,-12.4488],[-76.7841,-12.4492],[-76.7843,-12.4495],[-76.7842,-12.4497],[-76.7842,-12.45],[-76.7841,-12.4506],[-76.784,-12.451],[-76.7837,-12.4514],[-76.7835,-12.4518],[-76.7831,-12.4523],[-76.7831,-12.4527],[-76.783,-12.4531],[-76.7831,-12.4535],[-76.7832,-12.4538],[-76.7834,-12.4544],[-76.7836,-12.4551],[-76.7838,-12.4556],[-76.784,-12.4558],[-76.7844,-12.456],[-76.7848,-12.4561],[-76.7852,-12.4562],[-76.7854,-12.4561],[-76.7857,-12.456],[-76.7862,-12.4558],[-76.7866,-12.4556],[-76.7871,-12.4557],[-76.7872,-12.4557],[-76.7874,-12.4558],[-76.7875,-12.4557],[-76.7877,-12.4559],[-76.788,-12.4559],[-76.7881,-12.4559],[-76.7884,-12.4561],[-76.7884,-12.4563],[-76.7884,-12.4565],[-76.7882,-12.4568],[-76.7881,-12.4571],[-76.7882,-12.4574],[-76.7884,-12.4577],[-76.7887,-12.4581],[-76.7888,-12.4584],[-76.7889,-12.4587],[-76.7889,-12.459],[-76.7888,-12.4593],[-76.7886,-12.4594],[-76.7886,-12.4596],[-76.7885,-12.4599],[-76.7886,-12.4604],[-76.7885,-12.4607],[-76.7883,-12.4613],[-76.7881,-12.4616],[-76.7883,-12.4617],[-76.7885,-12.4617],[-76.7885,-12.4619],[-76.7882,-12.462],[-76.7881,-12.4622],[-76.7879,-12.4621],[-76.7876,-12.462],[-76.7875,-12.4621],[-76.7873,-12.4623],[-76.7874,-12.4624],[-76.7875,-12.4624],[-76.7878,-12.4623],[-76.7881,-12.4624],[-76.7883,-12.4624],[-76.7885,-12.4625],[-76.7886,-12.4627],[-76.7886,-12.4631],[-76.7885,-12.4631],[-76.7883,-12.4631],[-76.7882,-12.4631],[-76.7882,-12.4633],[-76.7884,-12.4634],[-76.7886,-12.4635],[-76.7889,-12.4636],[-76.7892,-12.4636],[-76.7895,-12.4637],[-76.7894,-12.4639],[-76.7893,-12.4641],[-76.7894,-12.4643],[-76.7896,-12.4643],[-76.7899,-12.4642],[-76.7902,-12.4643],[-76.7903,-12.4644],[-76.7904,-12.4645],[-76.7906,-12.4645],[-76.7908,-12.4645],[-76.7909,-12.4647],[-76.7909,-12.4649],[-76.7909,-12.465],[-76.7909,-12.4652],[-76.791,-12.4653],[-76.791,-12.4655],[-76.7909,-12.4655],[-76.7907,-12.4655],[-76.7905,-12.4654],[-76.7903,-12.4655],[-76.7902,-12.4657],[-76.7902,-12.4659],[-76.7903,-12.4659],[-76.7905,-12.4659],[-76.7907,-12.4659],[-76.7908,-12.4661],[-76.7907,-12.4664],[-76.7904,-12.4666],[-76.7905,-12.4666],[-76.7909,-12.4666],[-76.7909,-12.4668],[-76.7908,-12.467],[-76.7909,-12.4671],[-76.7911,-12.4672],[-76.7911,-12.4673],[-76.7913,-12.4674],[-76.7916,-12.4677],[-76.7918,-12.4679],[-76.7918,-12.4681],[-76.7916,-12.4682],[-76.7913,-12.4682],[-76.7911,-12.4683],[-76.7907,-12.4686],[-76.7905,-12.4688],[-76.7903,-12.4689],[-76.7902,-12.4691],[-76.7901,-12.4692],[-76.79,-12.4691],[-76.7899,-12.4691],[-76.7895,-12.4691],[-76.7892,-12.4691],[-76.7891,-12.4694],[-76.7891,-12.4695],[-76.7891,-12.4696],[-76.7893,-12.4698],[-76.7894,-12.4699],[-76.7894,-12.4701],[-76.7893,-12.4702],[-76.7893,-12.4704],[-76.7893,-12.4706],[-76.7895,-12.4708],[-76.7895,-12.4711],[-76.7896,-12.4712],[-76.7897,-12.4714],[-76.7899,-12.4715],[-76.79,-12.4715],[-76.7901,-12.4714],[-76.7902,-12.4713],[-76.7903,-12.4713],[-76.7905,-12.4713],[-76.7907,-12.4713],[-76.7908,-12.4713],[-76.7909,-12.4712],[-76.791,-12.4711],[-76.7911,-12.4711],[-76.7912,-12.4712],[-76.7913,-12.4714],[-76.7913,-12.4715],[-76.7913,-12.4716],[-76.7913,-12.4717],[-76.7911,-12.4717],[-76.791,-12.4718],[-76.791,-12.4719],[-76.7911,-12.472],[-76.7911,-12.4721],[-76.7912,-12.4722],[-76.7913,-12.4722],[-76.7914,-12.4721],[-76.7915,-12.4721],[-76.7916,-12.4721],[-76.7916,-12.4722],[-76.7916,-12.4723],[-76.7915,-12.4725],[-76.7916,-12.4726],[-76.7916,-12.4727],[-76.7916,-12.4729],[-76.7916,-12.4731],[-76.7916,-12.4732],[-76.7916,-12.4733],[-76.7916,-12.4734],[-76.7917,-12.4736],[-76.7918,-12.4736],[-76.792,-12.4737],[-76.7921,-12.4737],[-76.7921,-12.4735],[-76.7922,-12.4735],[-76.7922,-12.4734],[-76.7923,-12.4735],[-76.7923,-12.4736],[-76.7924,-12.4737],[-76.7924,-12.4738],[-76.7924,-12.4739],[-76.7923,-12.4739],[-76.7922,-12.474],[-76.7923,-12.4743],[-76.7923,-12.4744],[-76.7923,-12.4745],[-76.7922,-12.4748],[-76.7921,-12.4749],[-76.7921,-12.4748],[-76.7917,-12.475],[-76.792,-12.4752],[-76.7919,-12.4752],[-76.7917,-12.4751],[-76.7915,-12.4752],[-76.7914,-12.4754],[-76.7913,-12.4756],[-76.7912,-12.4757],[-76.7912,-12.4759],[-76.7912,-12.476],[-76.7912,-12.4761],[-76.7911,-12.4763],[-76.7909,-12.4762],[-76.7908,-12.4763],[-76.7908,-12.4764],[-76.7907,-12.4766],[-76.7907,-12.4767],[-76.7907,-12.477],[-76.7908,-12.4771],[-76.7908,-12.4772],[-76.7909,-12.4773],[-76.7909,-12.4774],[-76.7912,-12.4773],[-76.7909,-12.4774],[-76.7909,-12.4775],[-76.7909,-12.4776],[-76.791,-12.4778],[-76.7912,-12.4779],[-76.7914,-12.4781],[-76.7916,-12.4783],[-76.7918,-12.4784],[-76.792,-12.4785],[-76.7922,-12.4786],[-76.7924,-12.4788],[-76.7928,-12.4789],[-76.7931,-12.479],[-76.7935,-12.4791],[-76.7939,-12.4793],[-76.7945,-12.4794],[-76.7948,-12.4795],[-76.7951,-12.4795],[-76.7954,-12.4794],[-76.7954,-12.4793],[-76.7955,-12.4792],[-76.7956,-12.4792],[-76.7958,-12.4791],[-76.7959,-12.479],[-76.796,-12.479],[-76.7962,-12.479],[-76.7962,-12.4791],[-76.7962,-12.4793],[-76.7963,-12.4793],[-76.7964,-12.4793],[-76.7965,-12.4793],[-76.7966,-12.4793],[-76.7966,-12.4792],[-76.7966,-12.4791],[-76.7966,-12.479],[-76.7967,-12.4789],[-76.7968,-12.4789],[-76.7969,-12.4789],[-76.797,-12.4789],[-76.7971,-12.479],[-76.7972,-12.479],[-76.7972,-12.4791],[-76.7971,-12.4791],[-76.7971,-12.4792],[-76.7971,-12.4793],[-76.7971,-12.4794],[-76.7972,-12.4794],[-76.7974,-12.4794],[-76.7975,-12.4793],[-76.7976,-12.4794],[-76.7976,-12.4795],[-76.7976,-12.4796],[-76.7975,-12.4798],[-76.7974,-12.4798],[-76.7974,-12.48],[-76.7974,-12.4802],[-76.7975,-12.4802],[-76.7976,-12.4803],[-76.7977,-12.4803],[-76.7977,-12.4804],[-76.7978,-12.4805],[-76.7979,-12.4805],[-76.798,-12.4806],[-76.7981,-12.4806],[-76.7982,-12.4806],[-76.7983,-12.4806],[-76.7984,-12.4806],[-76.7986,-12.4806],[-76.7989,-12.4806],[-76.7991,-12.4806],[-76.7992,-12.4807],[-76.7994,-12.4807],[-76.7995,-12.4807],[-76.7996,-12.4807],[-76.7997,-12.4806],[-76.7997,-12.4805],[-76.7996,-12.4804],[-76.7996,-12.4803],[-76.7997,-12.4802],[-76.7997,-12.4801],[-76.7997,-12.4799],[-76.7998,-12.4798],[-76.7999,-12.4797],[-76.8,-12.4798],[-76.8001,-12.4798],[-76.8002,-12.4798],[-76.8003,-12.4799],[-76.8004,-12.4798],[-76.8004,-12.4797],[-76.8005,-12.4796],[-76.8005,-12.4797],[-76.8006,-12.4798],[-76.8006,-12.4799],[-76.8005,-12.48],[-76.8006,-12.48],[-76.8008,-12.48],[-76.8008,-12.4801],[-76.8008,-12.4802],[-76.8009,-12.4803],[-76.8009,-12.4804],[-76.8011,-12.4804],[-76.8012,-12.4804],[-76.8013,-12.4803],[-76.8013,-12.4802],[-76.8012,-12.4802],[-76.8011,-12.4802],[-76.8011,-12.4801],[-76.8011,-12.48],[-76.8012,-12.4799],[-76.8012,-12.4798],[-76.8011,-12.4798],[-76.801,-12.4797],[-76.801,-12.4796],[-76.8009,-12.4795],[-76.8009,-12.4793],[-76.801,-12.4791],[-76.801,-12.479],[-76.8009,-12.4789],[-76.8008,-12.4789],[-76.8008,-12.4788],[-76.8009,-12.4787],[-76.801,-12.4787],[-76.8012,-12.4788],[-76.8013,-12.4789],[-76.8015,-12.4789],[-76.8016,-12.4789],[-76.8017,-12.479],[-76.8021,-12.4791],[-76.8022,-12.4791],[-76.8025,-12.4793],[-76.8027,-12.4795],[-76.8028,-12.4796],[-76.8028,-12.4797],[-76.803,-12.4799],[-76.8031,-12.4801],[-76.8032,-12.4803],[-76.8032,-12.4805],[-76.8032,-12.4806],[-76.8032,-12.4807],[-76.8031,-12.4807],[-76.803,-12.4807],[-76.8029,-12.4806],[-76.8028,-12.4805],[-76.8027,-12.4804],[-76.8027,-12.4805],[-76.8027,-12.4806],[-76.8027,-12.4807],[-76.8028,-12.4808],[-76.8028,-12.4809],[-76.8026,-12.481],[-76.8025,-12.4811],[-76.8024,-12.4813],[-76.8024,-12.4815],[-76.8024,-12.4817],[-76.8023,-12.4819],[-76.8023,-12.482],[-76.8024,-12.4822],[-76.8024,-12.4823],[-76.8023,-12.4825],[-76.8022,-12.4826],[-76.802,-12.4827],[-76.8019,-12.4828],[-76.8017,-12.4828],[-76.8017,-12.4827],[-76.8017,-12.4826],[-76.8016,-12.4824],[-76.8016,-12.4825],[-76.8015,-12.4827],[-76.8015,-12.4828],[-76.8014,-12.483],[-76.8014,-12.4832],[-76.8012,-12.4834],[-76.8012,-12.4835],[-76.801,-12.4837],[-76.8009,-12.4839],[-76.8009,-12.484],[-76.8008,-12.484],[-76.8007,-12.4842],[-76.8008,-12.4843],[-76.8007,-12.4845],[-76.8007,-12.4846],[-76.8006,-12.4846],[-76.8004,-12.4847],[-76.8002,-12.4848],[-76.8001,-12.4848],[-76.8001,-12.485],[-76.8001,-12.4851],[-76.8,-12.4852],[-76.7999,-12.4852],[-76.7999,-12.4851],[-76.7998,-12.4852],[-76.7997,-12.4854],[-76.7996,-12.4854],[-76.7995,-12.4855],[-76.7994,-12.4855],[-76.7993,-12.4855],[-76.7992,-12.4856],[-76.7992,-12.4857],[-76.7992,-12.4858],[-76.7992,-12.4859],[-76.7992,-12.486],[-76.7991,-12.4861],[-76.7991,-12.4862],[-76.799,-12.4862],[-76.799,-12.4863],[-76.799,-12.4864],[-76.799,-12.4865],[-76.799,-12.4867],[-76.7991,-12.4867],[-76.7992,-12.4867],[-76.7993,-12.4868],[-76.7993,-12.4869],[-76.7993,-12.487],[-76.7992,-12.487],[-76.7993,-12.4872],[-76.7992,-12.4873],[-76.7992,-12.4875],[-76.7992,-12.4876],[-76.7993,-12.4876],[-76.7993,-12.4877],[-76.7992,-12.4878],[-76.799,-12.4879],[-76.799,-12.488],[-76.7992,-12.4881],[-76.7993,-12.4881],[-76.7995,-12.4882],[-76.7997,-12.4883],[-76.7997,-12.4884],[-76.7995,-12.4885],[-76.7994,-12.4885],[-76.7993,-12.4886],[-76.7991,-12.4887],[-76.7988,-12.4887],[-76.7987,-12.4888],[-76.7986,-12.4888],[-76.7984,-12.4888],[-76.7983,-12.4889],[-76.7982,-12.4891],[-76.7981,-12.4892],[-76.7981,-12.4893],[-76.798,-12.4894],[-76.7981,-12.4895],[-76.7982,-12.4895],[-76.7983,-12.4896],[-76.7984,-12.4896],[-76.7985,-12.4897],[-76.7985,-12.4898],[-76.7985,-12.4899],[-76.7986,-12.4899],[-76.7987,-12.49],[-76.7988,-12.4901],[-76.7989,-12.49],[-76.7989,-12.4901],[-76.799,-12.4901],[-76.799,-12.4902],[-76.7991,-12.4903],[-76.7991,-12.4904],[-76.7992,-12.4905],[-76.7992,-12.4906],[-76.7992,-12.4907],[-76.7991,-12.4908],[-76.799,-12.4909],[-76.799,-12.491],[-76.7991,-12.4911],[-76.7991,-12.4912],[-76.7992,-12.4913],[-76.7991,-12.4915],[-76.7993,-12.4915],[-76.7994,-12.4915],[-76.7997,-12.4915],[-76.7998,-12.4915],[-76.7998,-12.4916],[-76.7999,-12.4915],[-76.8,-12.4916],[-76.8001,-12.4917],[-76.8001,-12.4919],[-76.8,-12.492],[-76.8001,-12.4921],[-76.8001,-12.4922],[-76.8001,-12.4923],[-76.8,-12.4924],[-76.7999,-12.4924],[-76.7998,-12.4925],[-76.7999,-12.4927],[-76.7998,-12.4928],[-76.7998,-12.493],[-76.7997,-12.4931],[-76.7995,-12.4933],[-76.7994,-12.4934],[-76.7995,-12.4935],[-76.7996,-12.4936],[-76.7998,-12.4935],[-76.7999,-12.4935],[-76.8,-12.4935],[-76.8001,-12.4937],[-76.8001,-12.4938],[-76.8001,-12.494],[-76.8001,-12.4942],[-76.8001,-12.4943],[-76.8002,-12.4944],[-76.8003,-12.4944],[-76.8004,-12.4944],[-76.8004,-12.4945],[-76.8005,-12.4946],[-76.8006,-12.4947],[-76.8007,-12.4947],[-76.8007,-12.4948],[-76.8008,-12.4949],[-76.8009,-12.4949],[-76.8009,-12.495],[-76.8009,-12.4951],[-76.8008,-12.4953],[-76.8008,-12.4954],[-76.801,-12.4954],[-76.8011,-12.4955],[-76.8012,-12.4955],[-76.8013,-12.4954],[-76.8013,-12.4953],[-76.8013,-12.4952],[-76.8014,-12.4951],[-76.8015,-12.4951],[-76.8015,-12.495],[-76.8016,-12.4949],[-76.8017,-12.495],[-76.8018,-12.4951],[-76.8018,-12.4952],[-76.8019,-12.4952],[-76.8022,-12.4953],[-76.8024,-12.4954],[-76.8025,-12.4954],[-76.8027,-12.4954],[-76.8029,-12.4954],[-76.8031,-12.4954],[-76.8032,-12.4953],[-76.8032,-12.4952],[-76.8032,-12.4951],[-76.8032,-12.495],[-76.8032,-12.4949],[-76.8032,-12.4948],[-76.8032,-12.4947],[-76.8033,-12.4946],[-76.8034,-12.4945],[-76.8035,-12.4945],[-76.8038,-12.4943],[-76.8039,-12.4943],[-76.804,-12.4943],[-76.8042,-12.4942],[-76.8045,-12.4941],[-76.8046,-12.4941],[-76.8047,-12.494],[-76.8049,-12.494],[-76.805,-12.494],[-76.8051,-12.494],[-76.8052,-12.4939],[-76.8053,-12.4939],[-76.8054,-12.494],[-76.8055,-12.4941],[-76.8055,-12.4942],[-76.8055,-12.4944],[-76.8054,-12.4945],[-76.8055,-12.4946],[-76.8055,-12.4948],[-76.8055,-12.4949],[-76.8056,-12.4951],[-76.8056,-12.4952],[-76.8056,-12.4953],[-76.8056,-12.4954],[-76.8056,-12.4956],[-76.8056,-12.4957],[-76.8055,-12.4959],[-76.8054,-12.496],[-76.8053,-12.4961],[-76.8052,-12.4962],[-76.8052,-12.4963],[-76.8053,-12.4964],[-76.8052,-12.4965],[-76.8051,-12.4966],[-76.805,-12.4967],[-76.8049,-12.4967],[-76.8046,-12.4967],[-76.8044,-12.4968],[-76.8043,-12.4968],[-76.8041,-12.4968],[-76.8039,-12.4968],[-76.8038,-12.4968],[-76.8036,-12.4967],[-76.8033,-12.4967],[-76.803,-12.4968],[-76.8027,-12.497],[-76.8026,-12.4972],[-76.8026,-12.4973],[-76.8026,-12.4974],[-76.8026,-12.4975],[-76.8026,-12.4976],[-76.8026,-12.4977],[-76.8025,-12.4979],[-76.8024,-12.498],[-76.8023,-12.498],[-76.8022,-12.498],[-76.8021,-12.498],[-76.802,-12.498],[-76.8017,-12.4981],[-76.8015,-12.498],[-76.8014,-12.4977],[-76.8013,-12.4976],[-76.8012,-12.4978],[-76.8011,-12.4978],[-76.801,-12.4979],[-76.801,-12.498],[-76.8008,-12.4981],[-76.8007,-12.4982],[-76.8005,-12.4983],[-76.8004,-12.4984],[-76.8003,-12.4985],[-76.8002,-12.4986],[-76.8001,-12.4986],[-76.8001,-12.4987],[-76.8001,-12.4988],[-76.8,-12.4988],[-76.8,-12.4989],[-76.7999,-12.499],[-76.7998,-12.499],[-76.7997,-12.499],[-76.7996,-12.4991],[-76.7995,-12.4993],[-76.7994,-12.4994],[-76.7995,-12.4994],[-76.7994,-12.4995],[-76.7992,-12.4995],[-76.7992,-12.4994],[-76.799,-12.4994],[-76.7989,-12.4994],[-76.7988,-12.4995],[-76.7987,-12.4995],[-76.7987,-12.4996],[-76.7987,-12.4997],[-76.7987,-12.4998],[-76.7987,-12.4999],[-76.799,-12.5001],[-76.7991,-12.5001],[-76.7992,-12.5002],[-76.7991,-12.5003],[-76.7991,-12.5005],[-76.7991,-12.5007],[-76.7992,-12.5008],[-76.7993,-12.5009],[-76.7995,-12.501],[-76.7995,-12.5011],[-76.7993,-12.5012],[-76.7992,-12.5012],[-76.7991,-12.5014],[-76.799,-12.5016],[-76.7989,-12.5017],[-76.799,-12.5018],[-76.7991,-12.5019],[-76.7992,-12.502],[-76.7993,-12.502],[-76.7994,-12.5019],[-76.7995,-12.5018],[-76.7997,-12.5018],[-76.7998,-12.5019],[-76.7999,-12.5019],[-76.7999,-12.502],[-76.8,-12.5022],[-76.8001,-12.5023],[-76.8005,-12.5022],[-76.8006,-12.5022],[-76.8007,-12.5023],[-76.8007,-12.5024],[-76.8007,-12.5026],[-76.8007,-12.5027],[-76.8007,-12.5028],[-76.8009,-12.503],[-76.8012,-12.5034],[-76.8012,-12.5035],[-76.8014,-12.5037],[-76.8015,-12.5038],[-76.8015,-12.5039],[-76.8016,-12.504],[-76.8018,-12.5042],[-76.8019,-12.5042],[-76.802,-12.5044],[-76.8021,-12.5044],[-76.8023,-12.5044],[-76.8025,-12.5043],[-76.8027,-12.5045],[-76.8028,-12.5048],[-76.8028,-12.5051],[-76.8028,-12.5053],[-76.8028,-12.5054],[-76.8027,-12.5055],[-76.8027,-12.5056],[-76.8028,-12.5057],[-76.8029,-12.5058],[-76.8029,-12.5059],[-76.8029,-12.5061],[-76.803,-12.5063],[-76.8032,-12.5066],[-76.8032,-12.5067],[-76.8032,-12.5068],[-76.8031,-12.5068],[-76.8032,-12.5069],[-76.8032,-12.507],[-76.8033,-12.5071],[-76.8034,-12.5073],[-76.8034,-12.5076],[-76.8035,-12.5077],[-76.8036,-12.5078],[-76.8038,-12.5078],[-76.8038,-12.5079],[-76.8038,-12.508],[-76.8039,-12.5081],[-76.8039,-12.5084],[-76.8039,-12.5085],[-76.8038,-12.5087],[-76.8038,-12.5088],[-76.8037,-12.509],[-76.8036,-12.5091],[-76.8035,-12.5091],[-76.8034,-12.5091],[-76.8033,-12.5092],[-76.8032,-12.5092],[-76.8032,-12.5091],[-76.803,-12.5091],[-76.8029,-12.5091],[-76.8028,-12.5092],[-76.8026,-12.5091],[-76.8024,-12.5092],[-76.8022,-12.5093],[-76.802,-12.5093],[-76.8019,-12.5092],[-76.8019,-12.5091],[-76.8018,-12.509],[-76.8018,-12.5089],[-76.8017,-12.5089],[-76.8015,-12.5088],[-76.8014,-12.5088],[-76.8012,-12.5088],[-76.8011,-12.5087],[-76.8011,-12.5086],[-76.8011,-12.5084],[-76.801,-12.5082],[-76.801,-12.5081],[-76.8009,-12.5082],[-76.8008,-12.5083],[-76.8007,-12.5084],[-76.8006,-12.5085],[-76.8005,-12.5087],[-76.8005,-12.5089],[-76.8006,-12.509],[-76.8005,-12.5091],[-76.8004,-12.5092],[-76.8003,-12.5092],[-76.8004,-12.509],[-76.8004,-12.5089],[-76.8001,-12.5087],[-76.8,-12.5085],[-76.7999,-12.5084],[-76.7998,-12.5082],[-76.7997,-12.5081],[-76.7996,-12.508],[-76.7995,-12.508],[-76.7994,-12.5079],[-76.7993,-12.508],[-76.7991,-12.5081],[-76.799,-12.5082],[-76.7989,-12.5082],[-76.7989,-12.5083],[-76.7989,-12.5085],[-76.799,-12.5086],[-76.7991,-12.5087],[-76.7993,-12.5089],[-76.7993,-12.509],[-76.7993,-12.5091],[-76.7992,-12.5092],[-76.7991,-12.5092],[-76.799,-12.5092],[-76.799,-12.5093],[-76.7989,-12.5094],[-76.7988,-12.5095],[-76.7988,-12.5097],[-76.7987,-12.5099],[-76.7985,-12.5099],[-76.7984,-12.51],[-76.7983,-12.5101],[-76.7981,-12.5104],[-76.798,-12.5105],[-76.7979,-12.5105],[-76.7978,-12.5105],[-76.7976,-12.5105],[-76.7974,-12.5104],[-76.7973,-12.5103],[-76.7972,-12.5103],[-76.7971,-12.5104],[-76.7969,-12.5106],[-76.7968,-12.5106],[-76.7967,-12.5107],[-76.7966,-12.5107],[-76.7965,-12.5107],[-76.7964,-12.5107],[-76.7963,-12.5108],[-76.7962,-12.5108],[-76.7959,-12.511],[-76.7957,-12.5113],[-76.7956,-12.5113],[-76.7955,-12.5114],[-76.7954,-12.5115],[-76.7953,-12.5115],[-76.7952,-12.5116],[-76.7951,-12.5117],[-76.7951,-12.5118],[-76.795,-12.5119],[-76.7949,-12.5119],[-76.7948,-12.5119],[-76.7947,-12.512],[-76.7946,-12.512],[-76.7945,-12.512],[-76.7944,-12.512],[-76.7942,-12.512],[-76.7941,-12.512],[-76.794,-12.512],[-76.7938,-12.512],[-76.7937,-12.512],[-76.7935,-12.5121],[-76.7933,-12.5122],[-76.793,-12.5124],[-76.7927,-12.5126],[-76.7926,-12.5127],[-76.7925,-12.5128],[-76.7924,-12.5128],[-76.7923,-12.513],[-76.7922,-12.5131],[-76.7921,-12.5132],[-76.792,-12.5133],[-76.7918,-12.5134],[-76.7917,-12.5135],[-76.7916,-12.5135],[-76.7915,-12.5136],[-76.7914,-12.5137],[-76.7913,-12.5138],[-76.7911,-12.5139],[-76.791,-12.514],[-76.7909,-12.514],[-76.7908,-12.5141],[-76.7906,-12.5142],[-76.7906,-12.5143],[-76.7904,-12.5144],[-76.7903,-12.5145],[-76.7902,-12.5146],[-76.7901,-12.5147],[-76.79,-12.5147],[-76.7897,-12.5149],[-76.7897,-12.515],[-76.7895,-12.5151],[-76.7894,-12.5151],[-76.7893,-12.5152],[-76.7892,-12.5153],[-76.7891,-12.5153],[-76.7889,-12.5153],[-76.7887,-12.5154],[-76.7885,-12.5154],[-76.7882,-12.5154],[-76.788,-12.5154],[-76.7879,-12.5155],[-76.7879,-12.5156],[-76.788,-12.5157],[-76.788,-12.5159],[-76.7879,-12.516],[-76.7878,-12.5161],[-76.7877,-12.5162],[-76.7876,-12.5163],[-76.7875,-12.5163],[-76.7874,-12.5162],[-76.7873,-12.5162],[-76.7872,-12.5161],[-76.7871,-12.5162],[-76.787,-12.5162],[-76.7867,-12.5162],[-76.7866,-12.5163],[-76.7865,-12.5164],[-76.7864,-12.5165],[-76.7864,-12.5166],[-76.7864,-12.5167],[-76.7864,-12.5168],[-76.7864,-12.5169],[-76.7865,-12.5171],[-76.7865,-12.5172],[-76.7867,-12.5174],[-76.7867,-12.5175],[-76.7868,-12.5176],[-76.7868,-12.5177],[-76.7867,-12.5177],[-76.7866,-12.5178],[-76.7866,-12.5177],[-76.7865,-12.5176],[-76.7865,-12.5177],[-76.7864,-12.5178],[-76.7864,-12.5179],[-76.7863,-12.518],[-76.7859,-12.5181],[-76.7858,-12.518],[-76.7857,-12.518],[-76.7857,-12.5181],[-76.7859,-12.5183],[-76.786,-12.5183],[-76.786,-12.5184],[-76.7857,-12.5185],[-76.7856,-12.5185],[-76.7857,-12.5186],[-76.7858,-12.5186],[-76.7859,-12.5187],[-76.786,-12.5188],[-76.7859,-12.5189],[-76.7857,-12.5188],[-76.7857,-12.5189],[-76.7858,-12.519],[-76.7858,-12.5191],[-76.7857,-12.5191],[-76.7854,-12.5192],[-76.7852,-12.5191],[-76.7851,-12.5191],[-76.785,-12.5189],[-76.7849,-12.5188],[-76.7849,-12.5192],[-76.7848,-12.5192],[-76.7847,-12.5193],[-76.7846,-12.5194],[-76.7845,-12.5195],[-76.7845,-12.5196],[-76.7844,-12.5197],[-76.7842,-12.5199],[-76.7847,-12.5177],[-76.786,-12.514],[-76.7865,-12.5129],[-76.7875,-12.5112],[-76.7882,-12.5097],[-76.7889,-12.5087],[-76.7896,-12.508],[-76.7903,-12.5072],[-76.7909,-12.5062],[-76.7912,-12.5054],[-76.7913,-12.5045],[-76.7908,-12.5031],[-76.7897,-12.5025],[-76.7889,-12.5017],[-76.7877,-12.5016],[-76.7866,-12.5012],[-76.7845,-12.4998],[-76.7834,-12.4992],[-76.7827,-12.4993],[-76.7815,-12.4987],[-76.7802,-12.4978],[-76.7782,-12.4974],[-76.7773,-12.4972],[-76.7756,-12.4966],[-76.7749,-12.4953],[-76.7729,-12.495],[-76.772,-12.4941],[-76.7715,-12.4933],[-76.7714,-12.4927],[-76.7712,-12.4916],[-76.7707,-12.4896],[-76.77,-12.4871],[-76.7691,-12.4843],[-76.7686,-12.483],[-76.7684,-12.4824],[-76.7672,-12.4812],[-76.7649,-12.4795],[-76.7576,-12.4767],[-76.7563,-12.475],[-76.7545,-12.4694],[-76.7521,-12.4636],[-76.7517,-12.4627],[-76.7542,-12.4548],[-76.7555,-12.4495],[-76.7573,-12.4442],[-76.7549,-12.4347],[-76.7529,-12.4315],[-76.7531,-12.4301],[-76.7533,-12.4289]]]}},{"type":"Feature","properties":{"ubigeo":"150125","nombre":"Puente Piedra"},"geometry":{"type":"Polygon","coordinates":[[[-77.0541,-11.8898],[-77.0541,-11.8886],[-77.0554,-11.886],[-77.0556,-11.8854],[-77.0552,-11.8826],[-77.0554,-11.8792],[-77.0552,-11.8768],[-77.0552,-11.8751],[-77.0561,-11.8737],[-77.0567,-11.8729],[-77.057,-11.8717],[-77.0569,-11.8707],[-77.0571,-11.8704],[-77.0573,-11.8701],[-77.0577,-11.8705],[-77.0583,-11.8703],[-77.0587,-11.8699],[-77.059,-11.8693],[-77.0589,-11.8687],[-77.0587,-11.868],[-77.0583,-11.8665],[-77.0582,-11.8652],[-77.0582,-11.8629],[-77.0586,-11.8623],[-77.0586,-11.8599],[-77.0599,-11.8591],[-77.0588,-11.8576],[-77.06,-11.8571],[-77.0622,-11.8548],[-77.0627,-11.8518],[-77.065,-11.8515],[-77.0675,-11.8505],[-77.068,-11.8503],[-77.0699,-11.8495],[-77.0725,-11.8485],[-77.0746,-11.8474],[-77.0755,-11.8472],[-77.0775,-11.8448],[-77.0805,-11.8422],[-77.0831,-11.8407],[-77.0842,-11.841],[-77.0853,-11.8409],[-77.0858,-11.8395],[-77.0859,-11.8387],[-77.0858,-11.8382],[-77.0859,-11.8367],[-77.0863,-11.8359],[-77.0864,-11.8357],[-77.0869,-11.8352],[-77.0875,-11.8348],[-77.0884,-11.8328],[-77.0894,-11.8302],[-77.0886,-11.8285],[-77.0878,-11.8273],[-77.0876,-11.8267],[-77.088,-11.8251],[-77.0888,-11.8245],[-77.0908,-11.8231],[-77.0907,-11.8219],[-77.0908,-11.8197],[-77.0906,-11.8187],[-77.0902,-11.818],[-77.0898,-11.8165],[-77.0899,-11.8155],[-77.0919,-11.812],[-77.092,-11.8116],[-77.092,-11.8115],[-77.0931,-11.8087],[-77.0931,-11.8069],[-77.0922,-11.8036],[-77.0939,-11.8036],[-77.0958,-11.8045],[-77.097,-11.8052],[-77.099,-11.8074],[-77.101,-11.8098],[-77.1014,-11.8101],[-77.1033,-11.8116],[-77.1047,-11.8121],[-77.1056,-11.8124],[-77.1069,-11.8126],[-77.1073,-11.8126],[-77.1079,-11.8133],[-77.1089,-11.8157],[-77.1101,-11.8182],[-77.1115,-11.8195],[-77.1135,-11.8203],[-77.1159,-11.8206],[-77.1187,-11.8203],[-77.1209,-11.8197],[-77.1224,-11.8194],[-77.1238,-11.8194],[-77.1241,-11.8195],[-77.1249,-11.8198],[-77.125,-11.8198],[-77.1254,-11.82],[-77.126,-11.8207],[-77.1254,-11.822],[-77.1243,-11.8232],[-77.1212,-11.8269],[-77.1193,-11.8289],[-77.1164,-11.8312],[-77.1174,-11.8324],[-77.1163,-11.8338],[-77.116,-11.834],[-77.1148,-11.8348],[-77.1149,-11.8349],[-77.1157,-11.8379],[-77.1157,-11.8383],[-77.1159,-11.8388],[-77.1159,-11.8391],[-77.1159,-11.8395],[-77.1157,-11.8398],[-77.115,-11.8406],[-77.1145,-11.8411],[-77.1151,-11.8417],[-77.1145,-11.8423],[-77.1143,-11.8421],[-77.1135,-11.8429],[-77.1133,-11.843],[-77.1133,-11.8434],[-77.1133,-11.8435],[-77.1133,-11.8445],[-77.1135,-11.845],[-77.1135,-11.8453],[-77.1135,-11.8455],[-77.1134,-11.8455],[-77.1135,-11.846],[-77.1132,-11.8467],[-77.1131,-11.8471],[-77.113,-11.8473],[-77.113,-11.8476],[-77.1136,-11.848],[-77.1139,-11.8481],[-77.1141,-11.8482],[-77.1145,-11.8476],[-77.1149,-11.8478],[-77.1153,-11.8472],[-77.1157,-11.8474],[-77.1156,-11.8475],[-77.116,-11.8478],[-77.1156,-11.8483],[-77.1162,-11.8486],[-77.1161,-11.8488],[-77.1159,-11.849],[-77.1157,-11.8494],[-77.1153,-11.8498],[-77.1152,-11.8498],[-77.1149,-11.85],[-77.1148,-11.85],[-77.1145,-11.8506],[-77.1139,-11.8513],[-77.1138,-11.8511],[-77.1136,-11.8508],[-77.1134,-11.8506],[-77.1134,-11.8505],[-77.1133,-11.8505],[-77.1132,-11.8506],[-77.1131,-11.8506],[-77.113,-11.8506],[-77.1129,-11.8505],[-77.1127,-11.8503],[-77.1126,-11.8503],[-77.1125,-11.8503],[-77.1124,-11.8504],[-77.1123,-11.8504],[-77.1122,-11.8504],[-77.1121,-11.8504],[-77.112,-11.8505],[-77.1118,-11.8506],[-77.1116,-11.8507],[-77.1114,-11.8508],[-77.1113,-11.8509],[-77.1112,-11.851],[-77.1112,-11.8511],[-77.1111,-11.8513],[-77.111,-11.8516],[-77.111,-11.8517],[-77.111,-11.8518],[-77.111,-11.8519],[-77.111,-11.852],[-77.1111,-11.8522],[-77.1111,-11.8523],[-77.1112,-11.8524],[-77.1112,-11.8525],[-77.1112,-11.8526],[-77.1112,-11.8527],[-77.1111,-11.8528],[-77.1111,-11.8529],[-77.1111,-11.853],[-77.1111,-11.8531],[-77.1111,-11.8532],[-77.1111,-11.8533],[-77.111,-11.8534],[-77.111,-11.8536],[-77.1109,-11.8537],[-77.1108,-11.8537],[-77.1106,-11.8537],[-77.1105,-11.8536],[-77.1102,-11.8535],[-77.11,-11.8534],[-77.1098,-11.8535],[-77.1094,-11.8536],[-77.109,-11.8537],[-77.1089,-11.8539],[-77.1087,-11.8541],[-77.1086,-11.8543],[-77.1085,-11.8544],[-77.1084,-11.8546],[-77.1082,-11.8549],[-77.1079,-11.855],[-77.1076,-11.8552],[-77.1072,-11.8556],[-77.107,-11.8558],[-77.1065,-11.856],[-77.1063,-11.8563],[-77.1062,-11.8565],[-77.1062,-11.8567],[-77.1063,-11.857],[-77.1064,-11.8573],[-77.1065,-11.8575],[-77.1065,-11.8576],[-77.1067,-11.8579],[-77.1068,-11.8581],[-77.1068,-11.8582],[-77.1067,-11.8584],[-77.1065,-11.8587],[-77.1064,-11.8589],[-77.1063,-11.859],[-77.1062,-11.8591],[-77.1061,-11.8591],[-77.106,-11.8592],[-77.1059,-11.8593],[-77.1059,-11.8594],[-77.1059,-11.8595],[-77.1059,-11.8598],[-77.1059,-11.8601],[-77.1058,-11.8603],[-77.1056,-11.8605],[-77.1055,-11.8607],[-77.1054,-11.8608],[-77.1054,-11.861],[-77.1055,-11.8612],[-77.1056,-11.8617],[-77.1057,-11.862],[-77.1057,-11.8622],[-77.1056,-11.8624],[-77.1055,-11.8627],[-77.1055,-11.863],[-77.1057,-11.8631],[-77.1061,-11.8636],[-77.1064,-11.8639],[-77.1067,-11.8642],[-77.1069,-11.8645],[-77.1069,-11.8648],[-77.107,-11.8651],[-77.1071,-11.8655],[-77.1072,-11.8658],[-77.1073,-11.8661],[-77.1073,-11.8662],[-77.1073,-11.8663],[-77.1072,-11.8665],[-77.1069,-11.8669],[-77.1067,-11.8672],[-77.1065,-11.8674],[-77.1063,-11.8676],[-77.1062,-11.8679],[-77.106,-11.8681],[-77.1058,-11.8683],[-77.1055,-11.8684],[-77.1052,-11.8686],[-77.105,-11.8687],[-77.1048,-11.8689],[-77.1045,-11.8692],[-77.1043,-11.8694],[-77.1041,-11.8696],[-77.1039,-11.8697],[-77.1037,-11.8698],[-77.1036,-11.8698],[-77.1033,-11.8696],[-77.1031,-11.8696],[-77.1028,-11.8697],[-77.1024,-11.8698],[-77.1023,-11.8699],[-77.102,-11.8699],[-77.1017,-11.87],[-77.1013,-11.87],[-77.1009,-11.87],[-77.1006,-11.87],[-77.1004,-11.8699],[-77.1001,-11.8698],[-77.0999,-11.8697],[-77.0997,-11.8696],[-77.0996,-11.8696],[-77.099,-11.8697],[-77.0987,-11.8698],[-77.0985,-11.87],[-77.0983,-11.8701],[-77.0981,-11.8702],[-77.0976,-11.8704],[-77.0974,-11.8705],[-77.0971,-11.8707],[-77.0967,-11.8708],[-77.0964,-11.8711],[-77.0961,-11.8715],[-77.0958,-11.8721],[-77.0955,-11.8727],[-77.0953,-11.8732],[-77.0952,-11.8736],[-77.0951,-11.8739],[-77.0949,-11.8745],[-77.0946,-11.8749],[-77.0945,-11.8755],[-77.0944,-11.8759],[-77.0943,-11.8763],[-77.0942,-11.8766],[-77.0942,-11.877],[-77.0943,-11.8774],[-77.0943,-11.8777],[-77.0942,-11.8781],[-77.0942,-11.8784],[-77.0942,-11.8789],[-77.0942,-11.8791],[-77.094,-11.8793],[-77.0938,-11.8795],[-77.0936,-11.8797],[-77.0933,-11.8803],[-77.0931,-11.8809],[-77.093,-11.8812],[-77.093,-11.8818],[-77.093,-11.8821],[-77.0928,-11.8824],[-77.0927,-11.8828],[-77.0924,-11.8831],[-77.0924,-11.8836],[-77.0925,-11.884],[-77.0926,-11.8844],[-77.0925,-11.8848],[-77.0923,-11.8853],[-77.0922,-11.8859],[-77.0922,-11.8867],[-77.0922,-11.8873],[-77.0922,-11.8876],[-77.0922,-11.8879],[-77.0923,-11.8885],[-77.0924,-11.8892],[-77.0927,-11.8901],[-77.093,-11.8904],[-77.0933,-11.8906],[-77.0933,-11.8909],[-77.0932,-11.8913],[-77.093,-11.8918],[-77.0923,-11.8927],[-77.0919,-11.8932],[-77.0914,-11.8938],[-77.0911,-11.8942],[-77.0909,-11.8945],[-77.0908,-11.8948],[-77.0908,-11.895],[-77.091,-11.8953],[-77.0911,-11.8955],[-77.0913,-11.8957],[-77.0914,-11.8958],[-77.0914,-11.8959],[-77.0914,-11.8962],[-77.0912,-11.8964],[-77.0907,-11.8968],[-77.0901,-11.8975],[-77.0897,-11.898],[-77.0894,-11.8985],[-77.0893,-11.8992],[-77.0895,-11.9001],[-77.09,-11.9012],[-77.0904,-11.9018],[-77.0908,-11.9024],[-77.0913,-11.9031],[-77.0917,-11.9035],[-77.092,-11.9038],[-77.0921,-11.9041],[-77.0921,-11.9045],[-77.0924,-11.9061],[-77.0925,-11.9067],[-77.0928,-11.9074],[-77.093,-11.9078],[-77.093,-11.908],[-77.093,-11.9085],[-77.093,-11.9092],[-77.093,-11.9097],[-77.0931,-11.9099],[-77.0935,-11.9106],[-77.0939,-11.911],[-77.0945,-11.9114],[-77.0947,-11.9119],[-77.095,-11.9125],[-77.0951,-11.9132],[-77.0951,-11.9137],[-77.0951,-11.9143],[-77.0953,-11.9148],[-77.0956,-11.9152],[-77.0961,-11.9157],[-77.0966,-11.916],[-77.0969,-11.9161],[-77.0972,-11.9161],[-77.0976,-11.9163],[-77.0977,-11.9165],[-77.0976,-11.9169],[-77.0974,-11.9174],[-77.0974,-11.9175],[-77.097,-11.9182],[-77.0969,-11.9186],[-77.0967,-11.9194],[-77.0969,-11.9201],[-77.0971,-11.9205],[-77.0972,-11.9207],[-77.0973,-11.9212],[-77.0974,-11.922],[-77.0974,-11.9227],[-77.0973,-11.9238],[-77.0973,-11.9243],[-77.0976,-11.9248],[-77.0982,-11.9252],[-77.0988,-11.9253],[-77.0993,-11.9255],[-77.0995,-11.9257],[-77.0997,-11.9259],[-77.0998,-11.926],[-77.1002,-11.9262],[-77.1006,-11.9263],[-77.101,-11.9266],[-77.1013,-11.927],[-77.1014,-11.9272],[-77.1018,-11.9274],[-77.1022,-11.9276],[-77.1025,-11.9278],[-77.1026,-11.9282],[-77.1027,-11.9288],[-77.1027,-11.9294],[-77.1027,-11.9298],[-77.1026,-11.9302],[-77.1026,-11.9309],[-77.1026,-11.931],[-77.1025,-11.9313],[-77.1026,-11.9316],[-77.1028,-11.932],[-77.1032,-11.9323],[-77.1034,-11.9327],[-77.1034,-11.9333],[-77.1033,-11.9336],[-77.1031,-11.9338],[-77.1031,-11.9342],[-77.1031,-11.9347],[-77.1033,-11.9352],[-77.1037,-11.9355],[-77.1041,-11.9356],[-77.1041,-11.9358],[-77.1039,-11.936],[-77.1033,-11.9363],[-77.103,-11.9365],[-77.1026,-11.937],[-77.1024,-11.9374],[-77.1021,-11.938],[-77.1016,-11.9383],[-77.101,-11.9385],[-77.1006,-11.9386],[-77.1004,-11.9387],[-77.1,-11.9387],[-77.0997,-11.9387],[-77.0995,-11.9389],[-77.0994,-11.9392],[-77.0993,-11.9396],[-77.099,-11.94],[-77.0988,-11.9403],[-77.0985,-11.9405],[-77.0982,-11.9407],[-77.0981,-11.9411],[-77.098,-11.9415],[-77.0981,-11.9424],[-77.098,-11.943],[-77.098,-11.9435],[-77.0977,-11.944],[-77.0973,-11.9443],[-77.0972,-11.9444],[-77.0971,-11.9445],[-77.0966,-11.9447],[-77.0962,-11.9449],[-77.0953,-11.9452],[-77.0952,-11.9453],[-77.0952,-11.9455],[-77.0953,-11.9458],[-77.0955,-11.9461],[-77.0959,-11.9466],[-77.096,-11.9469],[-77.0961,-11.9474],[-77.0961,-11.9481],[-77.0962,-11.9484],[-77.0964,-11.9487],[-77.0963,-11.9488],[-77.0961,-11.949],[-77.0959,-11.9491],[-77.0956,-11.9493],[-77.0955,-11.9494],[-77.0954,-11.9495],[-77.0953,-11.9496],[-77.0952,-11.9497],[-77.095,-11.9494],[-77.0949,-11.9491],[-77.0948,-11.9489],[-77.0948,-11.9488],[-77.0947,-11.9487],[-77.0944,-11.948],[-77.0943,-11.9476],[-77.0942,-11.9469],[-77.0942,-11.9464],[-77.0939,-11.946],[-77.0937,-11.9457],[-77.0932,-11.9453],[-77.0924,-11.9448],[-77.0922,-11.9447],[-77.0914,-11.9443],[-77.0907,-11.9439],[-77.09,-11.9433],[-77.0894,-11.9429],[-77.0889,-11.9424],[-77.0881,-11.9417],[-77.0874,-11.9411],[-77.0869,-11.9405],[-77.0862,-11.9393],[-77.0855,-11.9381],[-77.0852,-11.9378],[-77.0844,-11.937],[-77.084,-11.9367],[-77.0836,-11.9364],[-77.083,-11.9358],[-77.0826,-11.9351],[-77.082,-11.9337],[-77.0817,-11.9331],[-77.0815,-11.9328],[-77.0815,-11.9323],[-77.0813,-11.9319],[-77.0811,-11.9317],[-77.0807,-11.9313],[-77.08,-11.931],[-77.0794,-11.9304],[-77.0789,-11.9301],[-77.0785,-11.9297],[-77.078,-11.9292],[-77.0776,-11.9287],[-77.0774,-11.9281],[-77.0773,-11.9277],[-77.0772,-11.9271],[-77.0772,-11.9265],[-77.0772,-11.9262],[-77.0771,-11.9257],[-77.077,-11.9253],[-77.077,-11.9249],[-77.077,-11.9245],[-77.0771,-11.9241],[-77.0771,-11.9237],[-77.077,-11.9236],[-77.0767,-11.9231],[-77.0765,-11.9227],[-77.0763,-11.9224],[-77.0762,-11.9222],[-77.0761,-11.9218],[-77.0758,-11.9214],[-77.0755,-11.921],[-77.0753,-11.9205],[-77.0751,-11.92],[-77.0748,-11.9195],[-77.0747,-11.9192],[-77.0744,-11.9187],[-77.074,-11.918],[-77.0738,-11.9178],[-77.0735,-11.9176],[-77.0732,-11.9174],[-77.0728,-11.917],[-77.0727,-11.9169],[-77.0726,-11.9168],[-77.0724,-11.9165],[-77.0723,-11.916],[-77.0721,-11.9153],[-77.0718,-11.9147],[-77.0715,-11.9135],[-77.0712,-11.9125],[-77.071,-11.9118],[-77.0707,-11.9112],[-77.0705,-11.9105],[-77.0704,-11.9102],[-77.07,-11.9098],[-77.0697,-11.9092],[-77.0694,-11.9088],[-77.0689,-11.9085],[-77.0684,-11.9084],[-77.0683,-11.9083],[-77.068,-11.9083],[-77.0677,-11.9082],[-77.0675,-11.908],[-77.0673,-11.9078],[-77.067,-11.9075],[-77.0668,-11.9069],[-77.0668,-11.9068],[-77.0665,-11.9062],[-77.0663,-11.9059],[-77.0662,-11.9055],[-77.0659,-11.9049],[-77.0657,-11.9043],[-77.0655,-11.9039],[-77.0651,-11.9032],[-77.0647,-11.9026],[-77.0644,-11.9021],[-77.0641,-11.9015],[-77.0636,-11.9008],[-77.0628,-11.8997],[-77.062,-11.8989],[-77.0614,-11.8983],[-77.0609,-11.8978],[-77.0604,-11.8973],[-77.0598,-11.8966],[-77.0597,-11.8965],[-77.0593,-11.8961],[-77.0588,-11.8955],[-77.0582,-11.8948],[-77.0569,-11.8937],[-77.0561,-11.8928],[-77.0555,-11.8919],[-77.0552,-11.8915],[-77.0547,-11.8908],[-77.0542,-11.8901],[-77.0541,-11.8898]]]}},{"type":"Feature","properties":{"ubigeo":"150126","nombre":"Punta Hermosa"},"geometry":{"type":"Polygon","coordinates":[[[-76.6456,-12.2117],[-76.6467,-12.2106],[-76.6477,-12.2097],[-76.6486,-12.2082],[-76.6492,-12.206],[-76.65,-12.2038],[-76.6508,-12.2009],[-76.6508,-12.1988],[-76.6507,-12.1977],[-76.6515,-12.1962],[-76.6521,-12.1945],[-76.6527,-12.1926],[-76.6534,-12.1917],[-76.6547,-12.1907],[-76.6556,-12.1896],[-76.6564,-12.188],[-76.6575,-12.185],[-76.6582,-12.1837],[-76.6592,-12.1826],[-76.6609,-12.1796],[-76.662,-12.178],[-76.6627,-12.1796],[-76.6638,-12.1829],[-76.6644,-12.1843],[-76.6645,-12.1846],[-76.6647,-12.1849],[-76.6651,-12.1853],[-76.6659,-12.1858],[-76.6674,-12.1864],[-76.6681,-12.1868],[-76.669,-12.187],[-76.6698,-12.1874],[-76.6707,-12.1878],[-76.6715,-12.1884],[-76.6725,-12.1886],[-76.6729,-12.1888],[-76.6736,-12.1893],[-76.6739,-12.1897],[-76.6741,-12.1902],[-76.6744,-12.1904],[-76.6752,-12.1908],[-76.6762,-12.1909],[-76.6766,-12.1911],[-76.677,-12.1914],[-76.6776,-12.1922],[-76.6788,-12.1931],[-76.679,-12.1933],[-76.6794,-12.1938],[-76.6796,-12.1939],[-76.6798,-12.194],[-76.6804,-12.194],[-76.6814,-12.1938],[-76.6818,-12.1937],[-76.6821,-12.1938],[-76.6824,-12.194],[-76.6826,-12.1942],[-76.6829,-12.1948],[-76.6832,-12.1953],[-76.6836,-12.1961],[-76.6837,-12.1966],[-76.6836,-12.1977],[-76.6836,-12.1978],[-76.6838,-12.1981],[-76.6842,-12.1984],[-76.6846,-12.1989],[-76.6849,-12.1991],[-76.6852,-12.1993],[-76.6858,-12.1995],[-76.6862,-12.1999],[-76.6867,-12.2003],[-76.6878,-12.2011],[-76.6881,-12.2012],[-76.6892,-12.2017],[-76.6901,-12.2023],[-76.6903,-12.2025],[-76.6905,-12.2029],[-76.6907,-12.2038],[-76.691,-12.2041],[-76.6911,-12.2042],[-76.6914,-12.2044],[-76.692,-12.2045],[-76.6923,-12.2047],[-76.6925,-12.205],[-76.6928,-12.2058],[-76.693,-12.2062],[-76.6936,-12.2069],[-76.6946,-12.2076],[-76.695,-12.208],[-76.6952,-12.2086],[-76.6953,-12.2088],[-76.6952,-12.209],[-76.695,-12.2093],[-76.6944,-12.2097],[-76.6942,-12.2099],[-76.6941,-12.2101],[-76.6941,-12.2104],[-76.6943,-12.2107],[-76.6952,-12.2117],[-76.6954,-12.2119],[-76.6963,-12.2133],[-76.6965,-12.2137],[-76.6966,-12.2142],[-76.6966,-12.2147],[-76.6968,-12.2155],[-76.6971,-12.2161],[-76.6975,-12.2167],[-76.6977,-12.2171],[-76.6979,-12.2173],[-76.6981,-12.2174],[-76.6982,-12.2175],[-76.6987,-12.2173],[-76.6989,-12.2173],[-76.699,-12.2174],[-76.6993,-12.2179],[-76.6995,-12.218],[-76.6999,-12.2183],[-76.7004,-12.2184],[-76.7006,-12.2185],[-76.7016,-12.2193],[-76.7025,-12.2197],[-76.7039,-12.2198],[-76.7043,-12.2199],[-76.7053,-12.2205],[-76.7057,-12.2208],[-76.7062,-12.2216],[-76.7068,-12.2224],[-76.7071,-12.2227],[-76.7077,-12.223],[-76.7088,-12.2233],[-76.7097,-12.2234],[-76.7114,-12.2234],[-76.7122,-12.2235],[-76.7129,-12.2237],[-76.7134,-12.2239],[-76.7145,-12.2248],[-76.7151,-12.2255],[-76.7153,-12.2262],[-76.7157,-12.2268],[-76.7162,-12.2272],[-76.7167,-12.2276],[-76.7173,-12.228],[-76.7183,-12.229],[-76.7185,-12.2295],[-76.7188,-12.2303],[-76.7202,-12.2326],[-76.7205,-12.2333],[-76.7212,-12.235],[-76.7214,-12.2354],[-76.7214,-12.2359],[-76.721,-12.2379],[-76.7207,-12.2392],[-76.7207,-12.2396],[-76.7206,-12.2406],[-76.7207,-12.2409],[-76.7213,-12.2419],[-76.722,-12.2426],[-76.7232,-12.2439],[-76.725,-12.2443],[-76.7276,-12.2447],[-76.7288,-12.2452],[-76.7299,-12.2456],[-76.7309,-12.2461],[-76.7312,-12.2464],[-76.7321,-12.2474],[-76.7327,-12.248],[-76.7331,-12.2487],[-76.7332,-12.2491],[-76.7335,-12.2495],[-76.7335,-12.2499],[-76.7339,-12.25],[-76.7342,-12.2505],[-76.7345,-12.2509],[-76.7348,-12.2515],[-76.735,-12.2518],[-76.7357,-12.2522],[-76.7364,-12.2525],[-76.7375,-12.2527],[-76.7382,-12.2529],[-76.7401,-12.2536],[-76.7407,-12.2537],[-76.7415,-12.2536],[-76.7427,-12.2534],[-76.745,-12.2534],[-76.7475,-12.2534],[-76.7481,-12.2533],[-76.7488,-12.2531],[-76.75,-12.2526],[-76.7515,-12.2519],[-76.7521,-12.2518],[-76.7526,-12.2518],[-76.753,-12.2519],[-76.7537,-12.2523],[-76.7543,-12.2525],[-76.755,-12.2528],[-76.7553,-12.253],[-76.756,-12.253],[-76.7569,-12.253],[-76.7573,-12.2528],[-76.7575,-12.2525],[-76.7578,-12.252],[-76.7581,-12.2509],[-76.7584,-12.2504],[-76.7586,-12.2503],[-76.7589,-12.2502],[-76.7591,-12.2501],[-76.7593,-12.2502],[-76.7597,-12.2504],[-76.7604,-12.251],[-76.7608,-12.2512],[-76.7622,-12.2518],[-76.7634,-12.2521],[-76.7637,-12.2524],[-76.764,-12.2528],[-76.7644,-12.2538],[-76.7651,-12.2548],[-76.7656,-12.2557],[-76.7658,-12.2562],[-76.7662,-12.257],[-76.7664,-12.2574],[-76.7664,-12.2579],[-76.7664,-12.2583],[-76.7665,-12.2589],[-76.7667,-12.2591],[-76.7671,-12.2597],[-76.7677,-12.2605],[-76.7681,-12.2606],[-76.7692,-12.2609],[-76.7705,-12.2608],[-76.7711,-12.2609],[-76.7714,-12.2611],[-76.7719,-12.2613],[-76.7731,-12.2622],[-76.7738,-12.2624],[-76.7743,-12.2625],[-76.7755,-12.2625],[-76.7768,-12.2624],[-76.7773,-12.2624],[-76.7791,-12.2634],[-76.7799,-12.2639],[-76.7803,-12.2641],[-76.7812,-12.2642],[-76.7817,-12.2641],[-76.7833,-12.264],[-76.7846,-12.2637],[-76.7858,-12.2636],[-76.7866,-12.2633],[-76.7874,-12.2633],[-76.7878,-12.2634],[-76.7884,-12.264],[-76.7891,-12.2644],[-76.7894,-12.2644],[-76.79,-12.2644],[-76.7904,-12.2644],[-76.7907,-12.2645],[-76.792,-12.2652],[-76.7924,-12.2655],[-76.7937,-12.2667],[-76.7946,-12.2673],[-76.7956,-12.268],[-76.796,-12.2684],[-76.7962,-12.2689],[-76.7972,-12.2697],[-76.7974,-12.27],[-76.7976,-12.2704],[-76.798,-12.2711],[-76.7989,-12.2722],[-76.7993,-12.2728],[-76.8008,-12.2743],[-76.8052,-12.2774],[-76.8083,-12.2791],[-76.8145,-12.2815],[-76.8159,-12.2818],[-76.8186,-12.2825],[-76.8192,-12.2828],[-76.8193,-12.283],[-76.8197,-12.2838],[-76.8203,-12.2849],[-76.8218,-12.2864],[-76.8237,-12.2879],[-76.8279,-12.292],[-76.8294,-12.2939],[-76.8389,-12.307],[-76.8392,-12.3077],[-76.8421,-12.3106],[-76.8431,-12.3117],[-76.843,-12.3119],[-76.843,-12.312],[-76.8431,-12.3122],[-76.8432,-12.3123],[-76.8433,-12.3126],[-76.8435,-12.313],[-76.8435,-12.3132],[-76.8434,-12.3133],[-76.8433,-12.3134],[-76.8431,-12.3134],[-76.8429,-12.3133],[-76.8428,-12.3132],[-76.8426,-12.313],[-76.8424,-12.3129],[-76.8421,-12.3128],[-76.8419,-12.3127],[-76.8417,-12.3127],[-76.8415,-12.3127],[-76.8412,-12.3128],[-76.8411,-12.3128],[-76.8409,-12.3129],[-76.8408,-12.313],[-76.8407,-12.313],[-76.8406,-12.3129],[-76.8403,-12.3128],[-76.8401,-12.3128],[-76.8399,-12.3129],[-76.8397,-12.313],[-76.8395,-12.3132],[-76.8394,-12.3133],[-76.8392,-12.3135],[-76.8389,-12.3136],[-76.8387,-12.3139],[-76.8386,-12.314],[-76.8381,-12.3143],[-76.8379,-12.3147],[-76.8377,-12.3148],[-76.8377,-12.315],[-76.8374,-12.3151],[-76.8371,-12.3155],[-76.8366,-12.3162],[-76.8363,-12.3168],[-76.836,-12.3174],[-76.8359,-12.3181],[-76.8358,-12.3186],[-76.8357,-12.3188],[-76.8357,-12.3189],[-76.8357,-12.3192],[-76.8357,-12.3193],[-76.8357,-12.3196],[-76.8357,-12.3197],[-76.8357,-12.3198],[-76.8357,-12.3199],[-76.8357,-12.32],[-76.8357,-12.3202],[-76.8357,-12.3203],[-76.8358,-12.3204],[-76.8358,-12.3207],[-76.8359,-12.3208],[-76.836,-12.3209],[-76.836,-12.321],[-76.8361,-12.321],[-76.8362,-12.3211],[-76.8363,-12.3211],[-76.8365,-12.3211],[-76.8366,-12.3213],[-76.8371,-12.3217],[-76.8373,-12.322],[-76.8376,-12.3223],[-76.8376,-12.3224],[-76.8377,-12.3227],[-76.8377,-12.3229],[-76.8377,-12.3231],[-76.8377,-12.3233],[-76.8378,-12.3235],[-76.8378,-12.3237],[-76.8378,-12.3238],[-76.8378,-12.3241],[-76.8377,-12.3243],[-76.8377,-12.3245],[-76.8376,-12.3246],[-76.8373,-12.3248],[-76.8371,-12.3249],[-76.837,-12.3249],[-76.8368,-12.3248],[-76.8363,-12.3249],[-76.8359,-12.3251],[-76.8355,-12.3254],[-76.8353,-12.3256],[-76.8351,-12.3258],[-76.8348,-12.3263],[-76.8346,-12.3265],[-76.8345,-12.3266],[-76.8345,-12.3267],[-76.8344,-12.3271],[-76.8345,-12.3273],[-76.8345,-12.3276],[-76.8346,-12.3278],[-76.8346,-12.3281],[-76.8347,-12.3282],[-76.8347,-12.3284],[-76.8348,-12.3285],[-76.8349,-12.3286],[-76.8349,-12.3287],[-76.835,-12.3288],[-76.835,-12.3289],[-76.835,-12.329],[-76.835,-12.3291],[-76.835,-12.3292],[-76.8349,-12.3293],[-76.8349,-12.3294],[-76.8348,-12.3295],[-76.8348,-12.3296],[-76.8347,-12.3297],[-76.8346,-12.3297],[-76.8345,-12.3296],[-76.8344,-12.3296],[-76.8341,-12.3296],[-76.834,-12.3296],[-76.8339,-12.3296],[-76.8337,-12.3296],[-76.8335,-12.3297],[-76.8334,-12.3297],[-76.8332,-12.3298],[-76.8331,-12.3298],[-76.833,-12.3298],[-76.8329,-12.3298],[-76.8328,-12.3298],[-76.8325,-12.33],[-76.8323,-12.3301],[-76.8322,-12.3301],[-76.832,-12.3303],[-76.8319,-12.3303],[-76.8316,-12.3305],[-76.8315,-12.3306],[-76.8313,-12.3307],[-76.8311,-12.3309],[-76.831,-12.331],[-76.8308,-12.3312],[-76.8307,-12.3313],[-76.8307,-12.3314],[-76.8307,-12.3315],[-76.8307,-12.3316],[-76.8307,-12.3317],[-76.8307,-12.3318],[-76.8307,-12.3319],[-76.8308,-12.332],[-76.8308,-12.3321],[-76.8309,-12.3322],[-76.8309,-12.3323],[-76.8309,-12.3325],[-76.8309,-12.3327],[-76.8309,-12.3328],[-76.8309,-12.3329],[-76.831,-12.3332],[-76.831,-12.3334],[-76.831,-12.3336],[-76.831,-12.3337],[-76.8309,-12.3339],[-76.831,-12.334],[-76.831,-12.3341],[-76.831,-12.3342],[-76.831,-12.3343],[-76.8309,-12.3344],[-76.8309,-12.3345],[-76.8308,-12.3345],[-76.8307,-12.3346],[-76.8304,-12.3348],[-76.8303,-12.3348],[-76.8301,-12.3348],[-76.83,-12.3348],[-76.8298,-12.335],[-76.8294,-12.3352],[-76.8294,-12.3353],[-76.8293,-12.3353],[-76.8291,-12.3355],[-76.8287,-12.3358],[-76.8286,-12.3359],[-76.8285,-12.336],[-76.8284,-12.3362],[-76.8283,-12.3363],[-76.8282,-12.3364],[-76.8281,-12.3366],[-76.8281,-12.3369],[-76.8281,-12.337],[-76.8282,-12.3372],[-76.8282,-12.3373],[-76.8282,-12.3375],[-76.8283,-12.3377],[-76.8284,-12.3379],[-76.8284,-12.338],[-76.8284,-12.3382],[-76.8284,-12.3383],[-76.8283,-12.3385],[-76.8282,-12.3385],[-76.8281,-12.3386],[-76.828,-12.3387],[-76.8277,-12.3389],[-76.8276,-12.3389],[-76.8274,-12.339],[-76.8273,-12.339],[-76.8272,-12.3391],[-76.8271,-12.3391],[-76.827,-12.3392],[-76.8269,-12.3392],[-76.8268,-12.3393],[-76.8266,-12.3393],[-76.8265,-12.3393],[-76.8262,-12.3394],[-76.826,-12.3396],[-76.8257,-12.3397],[-76.8255,-12.3398],[-76.8252,-12.3399],[-76.825,-12.34],[-76.825,-12.3401],[-76.8251,-12.3403],[-76.8251,-12.3404],[-76.8252,-12.3404],[-76.8254,-12.3407],[-76.8254,-12.3408],[-76.8255,-12.3408],[-76.8256,-12.3409],[-76.8257,-12.341],[-76.8258,-12.3412],[-76.8259,-12.3412],[-76.8259,-12.3413],[-76.8261,-12.3415],[-76.8262,-12.3417],[-76.8264,-12.3418],[-76.8265,-12.342],[-76.8266,-12.3421],[-76.8269,-12.3424],[-76.827,-12.3426],[-76.827,-12.3427],[-76.827,-12.3428],[-76.827,-12.3429],[-76.8269,-12.343],[-76.8268,-12.343],[-76.8267,-12.343],[-76.8264,-12.343],[-76.8263,-12.343],[-76.8262,-12.3429],[-76.826,-12.3426],[-76.8259,-12.3424],[-76.8258,-12.3424],[-76.8257,-12.3423],[-76.8256,-12.3423],[-76.8255,-12.3423],[-76.8254,-12.3423],[-76.8252,-12.3421],[-76.8251,-12.342],[-76.825,-12.3418],[-76.8249,-12.3417],[-76.825,-12.3416],[-76.825,-12.3415],[-76.825,-12.3414],[-76.825,-12.3413],[-76.8249,-12.3413],[-76.8248,-12.3412],[-76.8247,-12.3412],[-76.8247,-12.3411],[-76.8246,-12.341],[-76.8246,-12.3409],[-76.8246,-12.3408],[-76.8245,-12.3408],[-76.8244,-12.3408],[-76.8243,-12.3408],[-76.8242,-12.3407],[-76.8243,-12.3406],[-76.8245,-12.3406],[-76.8245,-12.3405],[-76.8245,-12.3404],[-76.8245,-12.3403],[-76.8245,-12.3402],[-76.8245,-12.3401],[-76.8245,-12.34],[-76.8244,-12.3397],[-76.8242,-12.3396],[-76.824,-12.3394],[-76.8238,-12.3393],[-76.8234,-12.3392],[-76.8233,-12.3389],[-76.8232,-12.3385],[-76.823,-12.3384],[-76.8222,-12.3385],[-76.8217,-12.3387],[-76.8212,-12.3388],[-76.8207,-12.3389],[-76.8203,-12.339],[-76.8199,-12.3392],[-76.8193,-12.3394],[-76.819,-12.3397],[-76.8186,-12.3401],[-76.8181,-12.3405],[-76.8175,-12.3411],[-76.8172,-12.3416],[-76.8168,-12.3421],[-76.8166,-12.3425],[-76.8165,-12.3429],[-76.8162,-12.3434],[-76.8161,-12.3447],[-76.8161,-12.3449],[-76.8161,-12.345],[-76.8161,-12.3451],[-76.8162,-12.3453],[-76.8162,-12.3454],[-76.8159,-12.345],[-76.8155,-12.3446],[-76.8149,-12.3442],[-76.8145,-12.3439],[-76.8103,-12.342],[-76.8072,-12.3401],[-76.8037,-12.337],[-76.8004,-12.3333],[-76.7989,-12.332],[-76.7964,-12.3301],[-76.7952,-12.3293],[-76.7941,-12.3284],[-76.792,-12.3266],[-76.7892,-12.3255],[-76.7858,-12.325],[-76.7843,-12.3245],[-76.7803,-12.3231],[-76.7763,-12.3221],[-76.7745,-12.3213],[-76.7738,-12.3201],[-76.7733,-12.3192],[-76.7724,-12.3175],[-76.7705,-12.3153],[-76.7674,-12.3127],[-76.767,-12.3125],[-76.7662,-12.3124],[-76.7652,-12.3121],[-76.7646,-12.3118],[-76.764,-12.3114],[-76.7639,-12.3111],[-76.7637,-12.3105],[-76.7633,-12.3097],[-76.7632,-12.3083],[-76.7629,-12.307],[-76.7625,-12.3066],[-76.7614,-12.3067],[-76.7601,-12.3073],[-76.7588,-12.3081],[-76.7574,-12.3091],[-76.7559,-12.3094],[-76.7546,-12.3094],[-76.7538,-12.309],[-76.7526,-12.3081],[-76.7518,-12.3074],[-76.7502,-12.3057],[-76.7499,-12.3053],[-76.7494,-12.3044],[-76.7493,-12.3034],[-76.7493,-12.3025],[-76.7487,-12.3016],[-76.7472,-12.3003],[-76.7462,-12.2995],[-76.7456,-12.2986],[-76.745,-12.2976],[-76.7441,-12.2966],[-76.7432,-12.2961],[-76.7422,-12.2958],[-76.742,-12.2959],[-76.74,-12.2961],[-76.7392,-12.2962],[-76.7379,-12.2963],[-76.7352,-12.2964],[-76.7343,-12.2963],[-76.7328,-12.2963],[-76.7324,-12.2961],[-76.7318,-12.2958],[-76.7311,-12.2957],[-76.7304,-12.2955],[-76.7295,-12.2954],[-76.7286,-12.2954],[-76.7277,-12.2953],[-76.7273,-12.2953],[-76.7266,-12.295],[-76.7264,-12.2948],[-76.7259,-12.294],[-76.7257,-12.2937],[-76.7245,-12.2927],[-76.7238,-12.2923],[-76.7232,-12.2917],[-76.7226,-12.2908],[-76.7218,-12.29],[-76.7214,-12.2893],[-76.7212,-12.2889],[-76.72,-12.2873],[-76.7198,-12.2871],[-76.7198,-12.2868],[-76.7195,-12.2866],[-76.7184,-12.2853],[-76.7176,-12.2846],[-76.717,-12.2842],[-76.7019,-12.2724],[-76.701,-12.2718],[-76.7005,-12.2715],[-76.7,-12.2714],[-76.6983,-12.271],[-76.697,-12.2708],[-76.6952,-12.27],[-76.6935,-12.2698],[-76.6929,-12.2689],[-76.6925,-12.2684],[-76.692,-12.2678],[-76.6918,-12.2678],[-76.6911,-12.2677],[-76.691,-12.2677],[-76.6904,-12.2671],[-76.6897,-12.2667],[-76.6893,-12.2661],[-76.689,-12.2659],[-76.6879,-12.2648],[-76.6874,-12.2642],[-76.687,-12.2634],[-76.6864,-12.2627],[-76.6846,-12.2611],[-76.6841,-12.2609],[-76.683,-12.2604],[-76.6823,-12.2603],[-76.6821,-12.2602],[-76.6816,-12.2598],[-76.681,-12.2589],[-76.6802,-12.2583],[-76.6797,-12.2581],[-76.6794,-12.2578],[-76.6792,-12.2576],[-76.679,-12.2571],[-76.6785,-12.2566],[-76.6784,-12.2566],[-76.6776,-12.2564],[-76.6771,-12.2562],[-76.6765,-12.2555],[-76.6759,-12.255],[-76.6752,-12.2545],[-76.6748,-12.2541],[-76.6746,-12.2537],[-76.6745,-12.2533],[-76.6744,-12.2533],[-76.6735,-12.2527],[-76.673,-12.2523],[-76.6723,-12.2517],[-76.6719,-12.2511],[-76.6716,-12.2508],[-76.6711,-12.2502],[-76.6708,-12.2497],[-76.6706,-12.2494],[-76.6706,-12.2493],[-76.6705,-12.2491],[-76.6702,-12.2483],[-76.6697,-12.2476],[-76.6689,-12.247],[-76.6672,-12.2458],[-76.6668,-12.2451],[-76.6664,-12.2447],[-76.6656,-12.2438],[-76.6653,-12.243],[-76.665,-12.2425],[-76.6646,-12.2405],[-76.6643,-12.2402],[-76.6637,-12.2398],[-76.6635,-12.2397],[-76.6631,-12.2391],[-76.6625,-12.2364],[-76.6623,-12.236],[-76.6617,-12.2355],[-76.6614,-12.235],[-76.6613,-12.2341],[-76.6612,-12.2335],[-76.6612,-12.2325],[-76.6613,-12.232],[-76.6615,-12.2314],[-76.6617,-12.231],[-76.6617,-12.2307],[-76.6617,-12.2305],[-76.6614,-12.2301],[-76.6604,-12.2293],[-76.6599,-12.2287],[-76.6596,-12.2283],[-76.6594,-12.2281],[-76.6592,-12.2274],[-76.6589,-12.2268],[-76.6578,-12.2261],[-76.6573,-12.2255],[-76.6567,-12.2253],[-76.6563,-12.225],[-76.6562,-12.2247],[-76.656,-12.2244],[-76.6558,-12.2238],[-76.6554,-12.2231],[-76.6552,-12.2225],[-76.6545,-12.2217],[-76.6542,-12.2212],[-76.6539,-12.2206],[-76.6537,-12.219],[-76.6539,-12.2167],[-76.6539,-12.2162],[-76.6537,-12.2159],[-76.653,-12.2153],[-76.6524,-12.2148],[-76.652,-12.2145],[-76.6515,-12.2139],[-76.6511,-12.2138],[-76.6508,-12.2137],[-76.6502,-12.2138],[-76.6495,-12.2137],[-76.6487,-12.2139],[-76.6475,-12.2139],[-76.6472,-12.2138],[-76.647,-12.2137],[-76.6467,-12.2134],[-76.6464,-12.2131],[-76.6462,-12.2128],[-76.6458,-12.2123],[-76.6456,-12.2118],[-76.6456,-12.2117]]]}},{"type":"Feature","properties":{"ubigeo":"150127","nombre":"Punta Negra"},"geometry":{"type":"Polygon","coordinates":[[[-76.6784,-12.3335],[-76.6782,-12.333],[-76.6779,-12.3324],[-76.6772,-12.3302],[-76.6771,-12.3284],[-76.677,-12.3276],[-76.6767,-12.3269],[-76.676,-12.3258],[-76.6756,-12.3244],[-76.6754,-12.324],[-76.6745,-12.3226],[-76.6744,-12.3221],[-76.6742,-12.3211],[-76.6741,-12.32],[-76.674,-12.3195],[-76.6733,-12.3194],[-76.6728,-12.3194],[-76.6721,-12.3195],[-76.6712,-12.3198],[-76.6704,-12.3199],[-76.6702,-12.3199],[-76.6699,-12.3197],[-76.6695,-12.3193],[-76.6687,-12.3184],[-76.6683,-12.3179],[-76.668,-12.3176],[-76.6672,-12.3169],[-76.667,-12.3162],[-76.6668,-12.3154],[-76.6662,-12.3146],[-76.666,-12.314],[-76.6659,-12.3134],[-76.6658,-12.3133],[-76.6651,-12.313],[-76.6648,-12.3126],[-76.6641,-12.3116],[-76.664,-12.3113],[-76.6641,-12.3104],[-76.664,-12.31],[-76.6637,-12.3094],[-76.6632,-12.309],[-76.663,-12.3087],[-76.6625,-12.3084],[-76.6621,-12.3082],[-76.6618,-12.3082],[-76.6612,-12.3085],[-76.6607,-12.3089],[-76.6605,-12.3089],[-76.6599,-12.3089],[-76.6597,-12.3089],[-76.6592,-12.3087],[-76.6586,-12.308],[-76.6572,-12.3071],[-76.6566,-12.3065],[-76.6562,-12.3062],[-76.6548,-12.3056],[-76.6542,-12.3051],[-76.6539,-12.3044],[-76.6537,-12.3034],[-76.6535,-12.3012],[-76.6534,-12.3008],[-76.6532,-12.3004],[-76.653,-12.3],[-76.6529,-12.2995],[-76.653,-12.2986],[-76.653,-12.2979],[-76.6527,-12.2964],[-76.6526,-12.2947],[-76.6524,-12.2936],[-76.6524,-12.2931],[-76.6526,-12.2924],[-76.6527,-12.2919],[-76.6527,-12.2917],[-76.6526,-12.2915],[-76.6522,-12.2912],[-76.652,-12.2886],[-76.6514,-12.2862],[-76.6504,-12.2848],[-76.6485,-12.2843],[-76.6455,-12.2842],[-76.6432,-12.2832],[-76.6398,-12.2811],[-76.6368,-12.2794],[-76.6355,-12.2771],[-76.6341,-12.2735],[-76.6329,-12.2712],[-76.6321,-12.2696],[-76.6318,-12.2663],[-76.6312,-12.2639],[-76.6298,-12.2616],[-76.6285,-12.2594],[-76.6281,-12.2585],[-76.6278,-12.257],[-76.6268,-12.2552],[-76.6259,-12.2531],[-76.6251,-12.2517],[-76.625,-12.2499],[-76.6253,-12.2482],[-76.6256,-12.2467],[-76.6254,-12.2453],[-76.6242,-12.2434],[-76.6229,-12.2417],[-76.6218,-12.2398],[-76.621,-12.2382],[-76.6208,-12.2359],[-76.6214,-12.2321],[-76.6213,-12.229],[-76.6211,-12.2269],[-76.6221,-12.2253],[-76.6241,-12.2239],[-76.6263,-12.2229],[-76.6294,-12.2216],[-76.6321,-12.2203],[-76.6336,-12.22],[-76.6357,-12.2199],[-76.6364,-12.2196],[-76.6375,-12.2192],[-76.6384,-12.2178],[-76.6391,-12.216],[-76.64,-12.2146],[-76.6408,-12.2138],[-76.6431,-12.2121],[-76.6456,-12.2117],[-76.6456,-12.2118],[-76.6458,-12.2123],[-76.6462,-12.2128],[-76.6464,-12.2131],[-76.6467,-12.2134],[-76.647,-12.2137],[-76.6472,-12.2138],[-76.6475,-12.2139],[-76.6487,-12.2139],[-76.6495,-12.2137],[-76.6502,-12.2138],[-76.6508,-12.2137],[-76.6511,-12.2138],[-76.6515,-12.2139],[-76.652,-12.2145],[-76.6524,-12.2148],[-76.653,-12.2153],[-76.6537,-12.2159],[-76.6539,-12.2162],[-76.6539,-12.2167],[-76.6537,-12.219],[-76.6539,-12.2206],[-76.6542,-12.2212],[-76.6545,-12.2217],[-76.6552,-12.2225],[-76.6554,-12.2231],[-76.6558,-12.2238],[-76.656,-12.2244],[-76.6562,-12.2247],[-76.6563,-12.225],[-76.6567,-12.2253],[-76.6573,-12.2255],[-76.6578,-12.2261],[-76.6589,-12.2268],[-76.6592,-12.2274],[-76.6594,-12.2281],[-76.6596,-12.2283],[-76.6599,-12.2287],[-76.6604,-12.2293],[-76.6614,-12.2301],[-76.6617,-12.2305],[-76.6617,-12.2307],[-76.6617,-12.231],[-76.6615,-12.2314],[-76.6613,-12.232],[-76.6612,-12.2325],[-76.6612,-12.2335],[-76.6613,-12.2341],[-76.6614,-12.235],[-76.6617,-12.2355],[-76.6623,-12.236],[-76.6625,-12.2364],[-76.6631,-12.2391],[-76.6635,-12.2397],[-76.6637,-12.2398],[-76.6643,-12.2402],[-76.6646,-12.2405],[-76.665,-12.2425],[-76.6653,-12.243],[-76.6656,-12.2438],[-76.6664,-12.2447],[-76.6668,-12.2451],[-76.6672,-12.2458],[-76.6689,-12.247],[-76.6697,-12.2476],[-76.6702,-12.2483],[-76.6705,-12.2491],[-76.6706,-12.2493],[-76.6706,-12.2494],[-76.6708,-12.2497],[-76.6711,-12.2502],[-76.6716,-12.2508],[-76.6719,-12.2511],[-76.6723,-12.2517],[-76.673,-12.2523],[-76.6735,-12.2527],[-76.6744,-12.2533],[-76.6745,-12.2533],[-76.6746,-12.2537],[-76.6748,-12.2541],[-76.6752,-12.2545],[-76.6759,-12.255],[-76.6765,-12.2555],[-76.6771,-12.2562],[-76.6776,-12.2564],[-76.6784,-12.2566],[-76.6785,-12.2566],[-76.679,-12.2571],[-76.6792,-12.2576],[-76.6794,-12.2578],[-76.6797,-12.2581],[-76.6802,-12.2583],[-76.681,-12.2589],[-76.6816,-12.2598],[-76.6821,-12.2602],[-76.6823,-12.2603],[-76.683,-12.2604],[-76.6841,-12.2609],[-76.6846,-12.2611],[-76.6864,-12.2627],[-76.687,-12.2634],[-76.6874,-12.2642],[-76.6879,-12.2648],[-76.689,-12.2659],[-76.6893,-12.2661],[-76.6897,-12.2667],[-76.6904,-12.2671],[-76.691,-12.2677],[-76.6911,-12.2677],[-76.6918,-12.2678],[-76.692,-12.2678],[-76.6925,-12.2684],[-76.6929,-12.2689],[-76.6935,-12.2698],[-76.6952,-12.27],[-76.697,-12.2708],[-76.6983,-12.271],[-76.7,-12.2714],[-76.7005,-12.2715],[-76.701,-12.2718],[-76.7019,-12.2724],[-76.717,-12.2842],[-76.7176,-12.2846],[-76.7184,-12.2853],[-76.7195,-12.2866],[-76.7198,-12.2868],[-76.7198,-12.2871],[-76.72,-12.2873],[-76.7212,-12.2889],[-76.7214,-12.2893],[-76.7218,-12.29],[-76.7226,-12.2908],[-76.7232,-12.2917],[-76.7238,-12.2923],[-76.7245,-12.2927],[-76.7257,-12.2937],[-76.7259,-12.294],[-76.7264,-12.2948],[-76.7266,-12.295],[-76.7273,-12.2953],[-76.7277,-12.2953],[-76.7286,-12.2954],[-76.7295,-12.2954],[-76.7304,-12.2955],[-76.7311,-12.2957],[-76.7318,-12.2958],[-76.7324,-12.2961],[-76.7328,-12.2963],[-76.7343,-12.2963],[-76.7352,-12.2964],[-76.7379,-12.2963],[-76.7392,-12.2962],[-76.74,-12.2961],[-76.742,-12.2959],[-76.7422,-12.2958],[-76.7432,-12.2961],[-76.7441,-12.2966],[-76.745,-12.2976],[-76.7456,-12.2986],[-76.7462,-12.2995],[-76.7472,-12.3003],[-76.7487,-12.3016],[-76.7493,-12.3025],[-76.7493,-12.3034],[-76.7494,-12.3044],[-76.7499,-12.3053],[-76.7502,-12.3057],[-76.7518,-12.3074],[-76.7526,-12.3081],[-76.7538,-12.309],[-76.7546,-12.3094],[-76.7559,-12.3094],[-76.7574,-12.3091],[-76.7588,-12.3081],[-76.7601,-12.3073],[-76.7614,-12.3067],[-76.7625,-12.3066],[-76.7629,-12.307],[-76.7632,-12.3083],[-76.7633,-12.3097],[-76.7637,-12.3105],[-76.7639,-12.3111],[-76.764,-12.3114],[-76.7646,-12.3118],[-76.7652,-12.3121],[-76.7662,-12.3124],[-76.767,-12.3125],[-76.7674,-12.3127],[-76.7705,-12.3153],[-76.7724,-12.3175],[-76.7733,-12.3192],[-76.7738,-12.3201],[-76.7745,-12.3213],[-76.7763,-12.3221],[-76.7803,-12.3231],[-76.7843,-12.3245],[-76.7858,-12.325],[-76.7892,-12.3255],[-76.792,-12.3266],[-76.7941,-12.3284],[-76.7952,-12.3293],[-76.7964,-12.3301],[-76.7989,-12.332],[-76.8004,-12.3333],[-76.8037,-12.337],[-76.8072,-12.3401],[-76.8103,-12.342],[-76.8145,-12.3439],[-76.8149,-12.3442],[-76.8155,-12.3446],[-76.8159,-12.345],[-76.8162,-12.3454],[-76.8162,-12.3455],[-76.8163,-12.3457],[-76.8164,-12.3457],[-76.8165,-12.3458],[-76.8166,-12.3458],[-76.8165,-12.3459],[-76.8165,-12.346],[-76.8165,-12.3461],[-76.8166,-12.3462],[-76.8166,-12.3463],[-76.8167,-12.3464],[-76.8168,-12.3465],[-76.8169,-12.3465],[-76.817,-12.3466],[-76.8171,-12.3467],[-76.8171,-12.3468],[-76.8172,-12.3469],[-76.8173,-12.347],[-76.8174,-12.347],[-76.8174,-12.3471],[-76.8175,-12.3472],[-76.8176,-12.3473],[-76.8176,-12.3474],[-76.8176,-12.3475],[-76.8175,-12.3476],[-76.8175,-12.3477],[-76.8174,-12.3478],[-76.8174,-12.3481],[-76.8173,-12.3485],[-76.8173,-12.3486],[-76.8174,-12.3489],[-76.8174,-12.3493],[-76.8173,-12.3496],[-76.8172,-12.3498],[-76.8172,-12.3501],[-76.8173,-12.3505],[-76.8174,-12.3507],[-76.8175,-12.351],[-76.8175,-12.3512],[-76.8175,-12.3516],[-76.8174,-12.3519],[-76.8174,-12.352],[-76.8172,-12.3523],[-76.8166,-12.3527],[-76.8163,-12.3527],[-76.8161,-12.3527],[-76.8159,-12.3527],[-76.8156,-12.3527],[-76.8153,-12.3528],[-76.8151,-12.3529],[-76.8147,-12.3531],[-76.8145,-12.3531],[-76.8143,-12.3531],[-76.8142,-12.3533],[-76.814,-12.3533],[-76.8139,-12.3533],[-76.8136,-12.3535],[-76.8132,-12.3536],[-76.8129,-12.3538],[-76.8126,-12.3539],[-76.8124,-12.3542],[-76.812,-12.3544],[-76.8113,-12.3547],[-76.811,-12.3548],[-76.8108,-12.3549],[-76.8104,-12.355],[-76.8103,-12.3551],[-76.8102,-12.3552],[-76.8099,-12.3554],[-76.8097,-12.3555],[-76.8096,-12.3555],[-76.8091,-12.3558],[-76.8086,-12.3561],[-76.8081,-12.3563],[-76.8077,-12.3565],[-76.8072,-12.3567],[-76.8069,-12.3568],[-76.8065,-12.357],[-76.8058,-12.3573],[-76.8055,-12.3576],[-76.8053,-12.3577],[-76.805,-12.3579],[-76.8048,-12.3579],[-76.8045,-12.3582],[-76.8041,-12.3584],[-76.8038,-12.3585],[-76.8035,-12.3587],[-76.803,-12.359],[-76.8027,-12.3594],[-76.8019,-12.3599],[-76.8015,-12.3601],[-76.8009,-12.3604],[-76.8005,-12.3609],[-76.8004,-12.3611],[-76.8002,-12.3613],[-76.8,-12.3616],[-76.7998,-12.3619],[-76.7996,-12.3621],[-76.7994,-12.3623],[-76.7992,-12.3626],[-76.799,-12.363],[-76.7989,-12.3632],[-76.7989,-12.3633],[-76.7991,-12.3636],[-76.7992,-12.3637],[-76.7995,-12.3638],[-76.7996,-12.3638],[-76.7998,-12.3637],[-76.7999,-12.3637],[-76.7999,-12.3635],[-76.7998,-12.3633],[-76.7997,-12.3632],[-76.7997,-12.3631],[-76.7998,-12.3631],[-76.7999,-12.3632],[-76.8,-12.3633],[-76.8,-12.3634],[-76.8001,-12.3636],[-76.8001,-12.3637],[-76.8002,-12.3639],[-76.8003,-12.3642],[-76.8003,-12.3644],[-76.8003,-12.3646],[-76.8001,-12.3646],[-76.8,-12.3646],[-76.7998,-12.3646],[-76.7997,-12.3647],[-76.7995,-12.3647],[-76.7993,-12.3647],[-76.7992,-12.3647],[-76.7992,-12.3646],[-76.7993,-12.3645],[-76.7995,-12.3645],[-76.7996,-12.3644],[-76.7995,-12.3643],[-76.7995,-12.3642],[-76.7994,-12.3643],[-76.7994,-12.3644],[-76.7993,-12.3644],[-76.799,-12.3643],[-76.7989,-12.3644],[-76.7986,-12.3646],[-76.7986,-12.3647],[-76.7985,-12.365],[-76.7983,-12.3652],[-76.7982,-12.3654],[-76.7982,-12.3656],[-76.7983,-12.3658],[-76.7985,-12.366],[-76.7985,-12.3668],[-76.7985,-12.3669],[-76.7986,-12.3671],[-76.7988,-12.3672],[-76.7992,-12.3674],[-76.7993,-12.3674],[-76.7994,-12.3674],[-76.7996,-12.3676],[-76.7996,-12.3678],[-76.7997,-12.3679],[-76.7998,-12.3681],[-76.7998,-12.3682],[-76.7997,-12.3683],[-76.7996,-12.3683],[-76.7995,-12.3686],[-76.7994,-12.3686],[-76.7992,-12.3685],[-76.7991,-12.3684],[-76.799,-12.3683],[-76.7989,-12.3682],[-76.7988,-12.3684],[-76.7987,-12.3685],[-76.7986,-12.3686],[-76.7985,-12.3687],[-76.7984,-12.3687],[-76.7983,-12.3688],[-76.7982,-12.369],[-76.798,-12.3691],[-76.7979,-12.3693],[-76.7978,-12.3693],[-76.7977,-12.3693],[-76.7976,-12.3696],[-76.7975,-12.3697],[-76.7974,-12.3699],[-76.7972,-12.37],[-76.7971,-12.3701],[-76.7969,-12.3702],[-76.7968,-12.3703],[-76.7967,-12.3704],[-76.7966,-12.3706],[-76.7966,-12.3707],[-76.7964,-12.3707],[-76.7964,-12.3709],[-76.7962,-12.371],[-76.7961,-12.3712],[-76.796,-12.3712],[-76.7959,-12.3714],[-76.7957,-12.3714],[-76.7955,-12.3717],[-76.7956,-12.3717],[-76.7954,-12.3718],[-76.7952,-12.3719],[-76.7952,-12.372],[-76.7951,-12.3721],[-76.795,-12.3723],[-76.7949,-12.3723],[-76.7948,-12.3724],[-76.7947,-12.3727],[-76.7945,-12.3728],[-76.7944,-12.373],[-76.7942,-12.3731],[-76.794,-12.3733],[-76.7939,-12.3735],[-76.7936,-12.3738],[-76.7935,-12.3739],[-76.7933,-12.3741],[-76.7932,-12.3743],[-76.7931,-12.3744],[-76.793,-12.3747],[-76.7928,-12.3749],[-76.7927,-12.3752],[-76.7926,-12.3752],[-76.7925,-12.3755],[-76.7923,-12.3757],[-76.7921,-12.3758],[-76.7919,-12.3761],[-76.7917,-12.3762],[-76.7914,-12.3766],[-76.7914,-12.3767],[-76.7913,-12.3768],[-76.7911,-12.377],[-76.791,-12.3773],[-76.791,-12.3775],[-76.7909,-12.3778],[-76.7907,-12.3781],[-76.7904,-12.3783],[-76.7903,-12.3786],[-76.7904,-12.3788],[-76.7903,-12.3789],[-76.7901,-12.3791],[-76.7899,-12.3792],[-76.7896,-12.3792],[-76.7894,-12.3797],[-76.7892,-12.3801],[-76.7891,-12.3802],[-76.7891,-12.3803],[-76.7889,-12.3805],[-76.7889,-12.3808],[-76.7888,-12.3811],[-76.7886,-12.3816],[-76.7886,-12.3819],[-76.7886,-12.3824],[-76.7887,-12.3828],[-76.789,-12.3832],[-76.7892,-12.3835],[-76.7893,-12.3837],[-76.7892,-12.3838],[-76.7892,-12.3839],[-76.7882,-12.384],[-76.7854,-12.3824],[-76.7819,-12.3794],[-76.7794,-12.3774],[-76.7787,-12.377],[-76.7783,-12.3765],[-76.7772,-12.3755],[-76.7759,-12.3745],[-76.7753,-12.3744],[-76.7748,-12.374],[-76.7741,-12.3737],[-76.7732,-12.3729],[-76.7725,-12.3723],[-76.7716,-12.3715],[-76.7698,-12.3705],[-76.7695,-12.3698],[-76.7686,-12.3693],[-76.7667,-12.3684],[-76.7662,-12.368],[-76.7655,-12.3673],[-76.7647,-12.3662],[-76.7643,-12.3655],[-76.7635,-12.3645],[-76.7625,-12.364],[-76.762,-12.3637],[-76.7614,-12.3631],[-76.7606,-12.3621],[-76.7601,-12.3614],[-76.7596,-12.361],[-76.7589,-12.3604],[-76.7581,-12.3598],[-76.7568,-12.3586],[-76.7558,-12.3575],[-76.7552,-12.357],[-76.7546,-12.3567],[-76.7532,-12.356],[-76.7518,-12.3558],[-76.7512,-12.3552],[-76.7499,-12.3543],[-76.7495,-12.3541],[-76.7482,-12.3536],[-76.7469,-12.3535],[-76.7446,-12.3525],[-76.7431,-12.3514],[-76.7423,-12.3502],[-76.7406,-12.349],[-76.7401,-12.3478],[-76.7397,-12.3473],[-76.7387,-12.3471],[-76.7374,-12.3467],[-76.7364,-12.3463],[-76.7355,-12.3457],[-76.7345,-12.3452],[-76.7333,-12.3444],[-76.7321,-12.3435],[-76.7315,-12.3435],[-76.7308,-12.3432],[-76.7293,-12.3428],[-76.7281,-12.3423],[-76.727,-12.3419],[-76.7263,-12.3417],[-76.7254,-12.3413],[-76.7243,-12.3414],[-76.7235,-12.3417],[-76.7223,-12.3418],[-76.7218,-12.3422],[-76.7214,-12.3424],[-76.7206,-12.3424],[-76.7197,-12.3425],[-76.719,-12.3424],[-76.7182,-12.3419],[-76.7177,-12.3417],[-76.7171,-12.3417],[-76.7162,-12.3414],[-76.7158,-12.3413],[-76.7154,-12.3413],[-76.7143,-12.3411],[-76.7138,-12.341],[-76.7126,-12.3403],[-76.7124,-12.3403],[-76.7122,-12.3403],[-76.712,-12.3404],[-76.7116,-12.3404],[-76.7107,-12.3402],[-76.7095,-12.3403],[-76.7088,-12.3404],[-76.708,-12.3402],[-76.7074,-12.3403],[-76.7068,-12.3402],[-76.7062,-12.3401],[-76.7051,-12.3401],[-76.7049,-12.34],[-76.7042,-12.3397],[-76.7031,-12.3393],[-76.7025,-12.3389],[-76.7024,-12.3389],[-76.7018,-12.3389],[-76.7011,-12.3392],[-76.7003,-12.3398],[-76.7001,-12.34],[-76.6996,-12.3404],[-76.6988,-12.3407],[-76.6978,-12.3409],[-76.6965,-12.3407],[-76.6946,-12.34],[-76.6934,-12.3399],[-76.6926,-12.3393],[-76.6921,-12.3391],[-76.6913,-12.3387],[-76.6907,-12.3385],[-76.6899,-12.3386],[-76.6893,-12.3382],[-76.6883,-12.3379],[-76.6875,-12.3372],[-76.6871,-12.337],[-76.687,-12.3369],[-76.6864,-12.3368],[-76.6861,-12.3367],[-76.6859,-12.3364],[-76.6848,-12.3361],[-76.6842,-12.3359],[-76.6836,-12.3355],[-76.6822,-12.3352],[-76.6817,-12.3349],[-76.6809,-12.3344],[-76.6795,-12.3339],[-76.6788,-12.3336],[-76.6784,-12.3335]]]}},{"type":"Feature","properties":{"ubigeo":"150128","nombre":"Rímac"},"geometry":{"type":"Polygon","coordinates":[[[-77.0129,-12.0373],[-77.0138,-12.0371],[-77.0147,-12.0369],[-77.0157,-12.0365],[-77.0164,-12.0362],[-77.0171,-12.0355],[-77.0179,-12.0346],[-77.0188,-12.0332],[-77.0195,-12.032],[-77.02,-12.0314],[-77.0209,-12.0303],[-77.0216,-12.0292],[-77.0222,-12.0285],[-77.0224,-12.028],[-77.0223,-12.0274],[-77.0221,-12.0268],[-77.0222,-12.0262],[-77.0222,-12.0256],[-77.0221,-12.0254],[-77.0219,-12.0253],[-77.0217,-12.0252],[-77.021,-12.0247],[-77.0206,-12.0239],[-77.0202,-12.0227],[-77.02,-12.022],[-77.0198,-12.0213],[-77.0199,-12.0203],[-77.0203,-12.0192],[-77.0203,-12.0178],[-77.0203,-12.0171],[-77.0206,-12.0158],[-77.0213,-12.0147],[-77.0219,-12.0131],[-77.0219,-12.013],[-77.0222,-12.0121],[-77.0225,-12.0114],[-77.0231,-12.0108],[-77.0244,-12.0101],[-77.0246,-12.0099],[-77.0253,-12.0091],[-77.0255,-12.0072],[-77.0255,-12.0065],[-77.0255,-12.0063],[-77.0256,-12.0063],[-77.0259,-12.0058],[-77.0259,-12.0057],[-77.027,-12.0045],[-77.0277,-12.0031],[-77.0285,-12.0005],[-77.0286,-11.999],[-77.029,-11.9983],[-77.0291,-11.9981],[-77.0296,-11.9972],[-77.0307,-11.9964],[-77.0312,-11.9971],[-77.032,-11.9987],[-77.0327,-12],[-77.0335,-12.0009],[-77.0337,-12.0012],[-77.038,-12.0044],[-77.0401,-12.0066],[-77.0405,-12.007],[-77.0439,-12.0101],[-77.0449,-12.0117],[-77.0451,-12.0122],[-77.0453,-12.013],[-77.0453,-12.0136],[-77.0453,-12.0139],[-77.0454,-12.014],[-77.0456,-12.0143],[-77.0457,-12.0147],[-77.0457,-12.0152],[-77.0458,-12.0159],[-77.0459,-12.0165],[-77.0458,-12.0167],[-77.0457,-12.0169],[-77.0457,-12.0171],[-77.0459,-12.0172],[-77.0461,-12.0174],[-77.0463,-12.0176],[-77.0464,-12.0177],[-77.0466,-12.0178],[-77.047,-12.0178],[-77.0473,-12.0178],[-77.0474,-12.0178],[-77.0478,-12.0178],[-77.048,-12.0174],[-77.0481,-12.0172],[-77.0481,-12.017],[-77.0482,-12.0167],[-77.0482,-12.0165],[-77.0482,-12.0163],[-77.0482,-12.0161],[-77.0483,-12.0159],[-77.0484,-12.0157],[-77.0485,-12.0155],[-77.0486,-12.0154],[-77.0486,-12.0153],[-77.0487,-12.0151],[-77.0488,-12.015],[-77.0488,-12.0149],[-77.0488,-12.0147],[-77.0487,-12.0146],[-77.0486,-12.0145],[-77.0487,-12.0143],[-77.0488,-12.0141],[-77.0489,-12.0139],[-77.0488,-12.0137],[-77.0488,-12.0135],[-77.0488,-12.0133],[-77.0488,-12.0131],[-77.0488,-12.0129],[-77.0489,-12.0128],[-77.049,-12.0127],[-77.0491,-12.0126],[-77.0492,-12.0126],[-77.0492,-12.0125],[-77.0493,-12.0125],[-77.0493,-12.0124],[-77.0493,-12.0122],[-77.0493,-12.0121],[-77.0494,-12.0115],[-77.0497,-12.0108],[-77.0503,-12.0105],[-77.053,-12.011],[-77.0524,-12.0137],[-77.0515,-12.0172],[-77.0513,-12.018],[-77.0513,-12.0184],[-77.051,-12.0203],[-77.0508,-12.0211],[-77.0507,-12.0218],[-77.0505,-12.0225],[-77.0502,-12.0229],[-77.0501,-12.0231],[-77.0471,-12.0259],[-77.0444,-12.0283],[-77.0444,-12.0284],[-77.0443,-12.0286],[-77.0443,-12.0287],[-77.0442,-12.0294],[-77.044,-12.0311],[-77.0439,-12.0331],[-77.0439,-12.0339],[-77.0438,-12.0346],[-77.0439,-12.0358],[-77.0441,-12.0362],[-77.044,-12.0369],[-77.0438,-12.037],[-77.0437,-12.0371],[-77.0436,-12.0373],[-77.0436,-12.0374],[-77.0436,-12.0375],[-77.0435,-12.0377],[-77.0435,-12.038],[-77.0435,-12.0383],[-77.0435,-12.0388],[-77.0435,-12.0389],[-77.043,-12.0388],[-77.0423,-12.0389],[-77.0421,-12.0389],[-77.0417,-12.0389],[-77.0414,-12.0389],[-77.0409,-12.0388],[-77.0405,-12.0389],[-77.0402,-12.0389],[-77.0399,-12.039],[-77.0396,-12.0391],[-77.0392,-12.0392],[-77.0389,-12.0394],[-77.0385,-12.0395],[-77.0383,-12.0396],[-77.0381,-12.0397],[-77.0378,-12.0398],[-77.0376,-12.0399],[-77.0373,-12.04],[-77.037,-12.0402],[-77.0366,-12.0403],[-77.0364,-12.0405],[-77.0361,-12.0406],[-77.0359,-12.0407],[-77.0355,-12.0409],[-77.0352,-12.041],[-77.0347,-12.0412],[-77.0341,-12.0413],[-77.0333,-12.0416],[-77.0325,-12.0419],[-77.0318,-12.0422],[-77.0312,-12.0426],[-77.0309,-12.0428],[-77.0302,-12.0431],[-77.0298,-12.0433],[-77.0292,-12.0434],[-77.0283,-12.0434],[-77.0276,-12.0434],[-77.0267,-12.0435],[-77.026,-12.0435],[-77.0254,-12.0435],[-77.0249,-12.0436],[-77.0242,-12.0436],[-77.0236,-12.0436],[-77.0229,-12.0437],[-77.0222,-12.0437],[-77.0218,-12.0437],[-77.0214,-12.0438],[-77.0208,-12.0438],[-77.0202,-12.044],[-77.0196,-12.0441],[-77.0193,-12.0441],[-77.019,-12.0442],[-77.0186,-12.0443],[-77.0179,-12.0441],[-77.0174,-12.044],[-77.017,-12.0437],[-77.0167,-12.0435],[-77.0163,-12.0433],[-77.016,-12.0431],[-77.0156,-12.043],[-77.0154,-12.0426],[-77.0152,-12.0424],[-77.0148,-12.0421],[-77.0145,-12.0418],[-77.0143,-12.0415],[-77.0142,-12.0412],[-77.014,-12.0409],[-77.0139,-12.0407],[-77.0136,-12.0401],[-77.0134,-12.0396],[-77.0132,-12.0392],[-77.0132,-12.0386],[-77.0131,-12.0382],[-77.013,-12.0377],[-77.0129,-12.0373]]]}},{"type":"Feature","properties":{"ubigeo":"150129","nombre":"San Bartolo"},"geometry":{"type":"Polygon","coordinates":[[[-76.7569,-12.4015],[-76.7562,-12.4007],[-76.756,-12.3994],[-76.7555,-12.3982],[-76.7542,-12.3975],[-76.7536,-12.3972],[-76.7501,-12.3967],[-76.7481,-12.3966],[-76.7461,-12.3971],[-76.7445,-12.3974],[-76.7425,-12.398],[-76.7413,-12.3983],[-76.7411,-12.3984],[-76.7404,-12.3983],[-76.7391,-12.3981],[-76.7382,-12.398],[-76.7371,-12.398],[-76.7359,-12.3974],[-76.7347,-12.3967],[-76.7336,-12.3961],[-76.7328,-12.396],[-76.732,-12.3961],[-76.7309,-12.3965],[-76.7301,-12.3966],[-76.7297,-12.3966],[-76.7282,-12.3964],[-76.7267,-12.3961],[-76.726,-12.3958],[-76.7253,-12.3953],[-76.7245,-12.3954],[-76.7233,-12.3959],[-76.7219,-12.3962],[-76.7212,-12.396],[-76.7206,-12.3953],[-76.7199,-12.394],[-76.7196,-12.3935],[-76.7194,-12.3931],[-76.719,-12.3931],[-76.7181,-12.393],[-76.7173,-12.3929],[-76.7166,-12.3927],[-76.7159,-12.392],[-76.7158,-12.3919],[-76.7152,-12.3912],[-76.7141,-12.3907],[-76.7131,-12.3902],[-76.7115,-12.3895],[-76.7102,-12.3892],[-76.7093,-12.3887],[-76.7082,-12.3877],[-76.7054,-12.3865],[-76.7031,-12.3856],[-76.7029,-12.3854],[-76.7023,-12.3851],[-76.7015,-12.3842],[-76.6998,-12.383],[-76.6986,-12.383],[-76.6971,-12.3833],[-76.6953,-12.3837],[-76.694,-12.384],[-76.6931,-12.384],[-76.6906,-12.3837],[-76.6888,-12.3833],[-76.6868,-12.3829],[-76.6834,-12.3821],[-76.6819,-12.3813],[-76.6797,-12.3801],[-76.6783,-12.3787],[-76.678,-12.3784],[-76.6773,-12.378],[-76.6765,-12.3776],[-76.6753,-12.3762],[-76.6747,-12.3751],[-76.6744,-12.3744],[-76.674,-12.373],[-76.6737,-12.3722],[-76.6735,-12.3704],[-76.6734,-12.3698],[-76.6724,-12.3686],[-76.6715,-12.3674],[-76.6703,-12.3658],[-76.6692,-12.3644],[-76.669,-12.3642],[-76.6684,-12.363],[-76.668,-12.3616],[-76.668,-12.3602],[-76.6699,-12.3602],[-76.6719,-12.3601],[-76.6735,-12.3599],[-76.6753,-12.359],[-76.6762,-12.3583],[-76.6768,-12.3576],[-76.6772,-12.3567],[-76.6776,-12.3554],[-76.6783,-12.3548],[-76.6792,-12.3545],[-76.6801,-12.3545],[-76.681,-12.3546],[-76.6817,-12.3543],[-76.6819,-12.3533],[-76.6817,-12.3512],[-76.6815,-12.3492],[-76.6816,-12.3469],[-76.6813,-12.3452],[-76.6804,-12.3436],[-76.6798,-12.3419],[-76.6791,-12.341],[-76.6781,-12.3395],[-76.6779,-12.3386],[-76.6777,-12.338],[-76.6777,-12.3379],[-76.6777,-12.3377],[-76.6779,-12.3366],[-76.6779,-12.3352],[-76.6784,-12.3335],[-76.6788,-12.3336],[-76.6795,-12.3339],[-76.6809,-12.3344],[-76.6817,-12.3349],[-76.6822,-12.3352],[-76.6836,-12.3355],[-76.6842,-12.3359],[-76.6848,-12.3361],[-76.6859,-12.3364],[-76.6861,-12.3367],[-76.6864,-12.3368],[-76.687,-12.3369],[-76.6871,-12.337],[-76.6875,-12.3372],[-76.6883,-12.3379],[-76.6893,-12.3382],[-76.6899,-12.3386],[-76.6907,-12.3385],[-76.6913,-12.3387],[-76.6921,-12.3391],[-76.6926,-12.3393],[-76.6934,-12.3399],[-76.6946,-12.34],[-76.6965,-12.3407],[-76.6978,-12.3409],[-76.6988,-12.3407],[-76.6996,-12.3404],[-76.7001,-12.34],[-76.7003,-12.3398],[-76.7011,-12.3392],[-76.7018,-12.3389],[-76.7024,-12.3389],[-76.7025,-12.3389],[-76.7031,-12.3393],[-76.7042,-12.3397],[-76.7049,-12.34],[-76.7051,-12.3401],[-76.7062,-12.3401],[-76.7068,-12.3402],[-76.7074,-12.3403],[-76.708,-12.3402],[-76.7088,-12.3404],[-76.7095,-12.3403],[-76.7107,-12.3402],[-76.7116,-12.3404],[-76.712,-12.3404],[-76.7122,-12.3403],[-76.7124,-12.3403],[-76.7126,-12.3403],[-76.7138,-12.341],[-76.7143,-12.3411],[-76.7154,-12.3413],[-76.7158,-12.3413],[-76.7162,-12.3414],[-76.7171,-12.3417],[-76.7177,-12.3417],[-76.7182,-12.3419],[-76.719,-12.3424],[-76.7197,-12.3425],[-76.7206,-12.3424],[-76.7214,-12.3424],[-76.7218,-12.3422],[-76.7223,-12.3418],[-76.7235,-12.3417],[-76.7243,-12.3414],[-76.7254,-12.3413],[-76.7263,-12.3417],[-76.727,-12.3419],[-76.7281,-12.3423],[-76.7293,-12.3428],[-76.7308,-12.3432],[-76.7315,-12.3435],[-76.7321,-12.3435],[-76.7333,-12.3444],[-76.7345,-12.3452],[-76.7355,-12.3457],[-76.7364,-12.3463],[-76.7374,-12.3467],[-76.7387,-12.3471],[-76.7397,-12.3473],[-76.7401,-12.3478],[-76.7406,-12.349],[-76.7423,-12.3502],[-76.7431,-12.3514],[-76.7446,-12.3525],[-76.7469,-12.3535],[-76.7482,-12.3536],[-76.7495,-12.3541],[-76.7499,-12.3543],[-76.7512,-12.3552],[-76.7518,-12.3558],[-76.7532,-12.356],[-76.7546,-12.3567],[-76.7552,-12.357],[-76.7558,-12.3575],[-76.7568,-12.3586],[-76.7581,-12.3598],[-76.7589,-12.3604],[-76.7596,-12.361],[-76.7601,-12.3614],[-76.7606,-12.3621],[-76.7614,-12.3631],[-76.762,-12.3637],[-76.7625,-12.364],[-76.7635,-12.3645],[-76.7643,-12.3655],[-76.7647,-12.3662],[-76.7655,-12.3673],[-76.7662,-12.368],[-76.7667,-12.3684],[-76.7686,-12.3693],[-76.7695,-12.3698],[-76.7698,-12.3705],[-76.7716,-12.3715],[-76.7725,-12.3723],[-76.7732,-12.3729],[-76.7741,-12.3737],[-76.7748,-12.374],[-76.7753,-12.3744],[-76.7759,-12.3745],[-76.7772,-12.3755],[-76.7783,-12.3765],[-76.7787,-12.377],[-76.7794,-12.3774],[-76.7819,-12.3794],[-76.7854,-12.3824],[-76.7882,-12.384],[-76.7892,-12.3839],[-76.7893,-12.384],[-76.7894,-12.3841],[-76.7896,-12.3846],[-76.7897,-12.3849],[-76.7897,-12.3853],[-76.7896,-12.3857],[-76.7892,-12.386],[-76.7885,-12.386],[-76.7881,-12.3858],[-76.7878,-12.3858],[-76.7872,-12.3856],[-76.7868,-12.3855],[-76.7858,-12.385],[-76.7853,-12.385],[-76.785,-12.3851],[-76.7848,-12.3851],[-76.7845,-12.3853],[-76.7846,-12.3854],[-76.7845,-12.3855],[-76.7843,-12.3853],[-76.7842,-12.3853],[-76.784,-12.3854],[-76.7838,-12.3855],[-76.7837,-12.3856],[-76.7836,-12.3856],[-76.7835,-12.3859],[-76.7832,-12.3863],[-76.7831,-12.3865],[-76.7831,-12.3866],[-76.7832,-12.3867],[-76.7835,-12.3871],[-76.7835,-12.3872],[-76.7834,-12.3872],[-76.7833,-12.3871],[-76.7832,-12.3871],[-76.7831,-12.3869],[-76.783,-12.3868],[-76.7829,-12.3867],[-76.7828,-12.3867],[-76.7827,-12.3867],[-76.7825,-12.3868],[-76.7824,-12.3869],[-76.7823,-12.3871],[-76.7823,-12.3874],[-76.7822,-12.3876],[-76.7823,-12.3877],[-76.7825,-12.3878],[-76.7826,-12.3879],[-76.7825,-12.388],[-76.7823,-12.3879],[-76.7821,-12.3878],[-76.782,-12.3879],[-76.782,-12.3882],[-76.7819,-12.3884],[-76.7819,-12.3887],[-76.7819,-12.3889],[-76.7819,-12.3891],[-76.782,-12.3893],[-76.7822,-12.3895],[-76.7824,-12.3895],[-76.7826,-12.3895],[-76.7827,-12.3896],[-76.7827,-12.3899],[-76.7828,-12.39],[-76.7828,-12.3899],[-76.783,-12.3899],[-76.783,-12.39],[-76.7831,-12.39],[-76.7832,-12.3899],[-76.7833,-12.3899],[-76.7834,-12.3899],[-76.7835,-12.3899],[-76.7836,-12.39],[-76.7837,-12.39],[-76.7838,-12.3901],[-76.7838,-12.3902],[-76.7839,-12.3902],[-76.7841,-12.39],[-76.7842,-12.39],[-76.7843,-12.39],[-76.7844,-12.39],[-76.7845,-12.3901],[-76.7846,-12.3902],[-76.7846,-12.3903],[-76.7844,-12.3904],[-76.7844,-12.3905],[-76.7844,-12.3906],[-76.7844,-12.3907],[-76.7844,-12.3909],[-76.7843,-12.3909],[-76.7842,-12.3909],[-76.7841,-12.3908],[-76.7841,-12.3909],[-76.784,-12.391],[-76.7839,-12.3909],[-76.7838,-12.3909],[-76.7838,-12.391],[-76.7839,-12.3912],[-76.7838,-12.3913],[-76.7837,-12.3914],[-76.7835,-12.3915],[-76.7834,-12.3915],[-76.7833,-12.3914],[-76.7832,-12.3915],[-76.7832,-12.3916],[-76.7834,-12.3918],[-76.7834,-12.3919],[-76.7832,-12.392],[-76.7831,-12.392],[-76.783,-12.3918],[-76.7828,-12.3916],[-76.7826,-12.3917],[-76.7825,-12.3917],[-76.7823,-12.3916],[-76.7822,-12.3917],[-76.7821,-12.3917],[-76.7819,-12.3917],[-76.7818,-12.3916],[-76.7818,-12.3914],[-76.7818,-12.3912],[-76.7817,-12.3911],[-76.7816,-12.3911],[-76.7815,-12.3912],[-76.7813,-12.3912],[-76.7809,-12.3915],[-76.7807,-12.3916],[-76.7806,-12.3916],[-76.7804,-12.3917],[-76.7803,-12.3918],[-76.7803,-12.3919],[-76.7803,-12.392],[-76.7803,-12.3921],[-76.7802,-12.3922],[-76.7801,-12.3921],[-76.7801,-12.3918],[-76.78,-12.3917],[-76.7798,-12.3917],[-76.7796,-12.3917],[-76.7794,-12.3917],[-76.7792,-12.3917],[-76.7791,-12.3917],[-76.779,-12.3917],[-76.779,-12.3916],[-76.7789,-12.3915],[-76.7788,-12.3916],[-76.7787,-12.3917],[-76.7786,-12.3918],[-76.7785,-12.3919],[-76.7783,-12.3922],[-76.7785,-12.3923],[-76.7784,-12.3924],[-76.7783,-12.3924],[-76.7781,-12.3924],[-76.778,-12.3925],[-76.7779,-12.3926],[-76.7778,-12.3928],[-76.7778,-12.393],[-76.7778,-12.3932],[-76.7779,-12.3933],[-76.7779,-12.3934],[-76.778,-12.3935],[-76.7779,-12.3935],[-76.7776,-12.3935],[-76.7775,-12.3935],[-76.7774,-12.3936],[-76.7774,-12.3937],[-76.7774,-12.3939],[-76.7774,-12.3941],[-76.7774,-12.3942],[-76.7775,-12.3944],[-76.7776,-12.3946],[-76.7778,-12.3949],[-76.7779,-12.395],[-76.778,-12.3951],[-76.7782,-12.3951],[-76.7783,-12.3951],[-76.7785,-12.3951],[-76.7785,-12.395],[-76.7785,-12.3949],[-76.7785,-12.3948],[-76.7786,-12.3948],[-76.7787,-12.3948],[-76.7788,-12.3947],[-76.7789,-12.3945],[-76.779,-12.3945],[-76.7793,-12.3944],[-76.7795,-12.3944],[-76.7797,-12.3944],[-76.7798,-12.3946],[-76.7798,-12.3945],[-76.7797,-12.3944],[-76.7797,-12.3943],[-76.7798,-12.3942],[-76.7799,-12.3942],[-76.7801,-12.3942],[-76.7802,-12.3942],[-76.7804,-12.3942],[-76.7805,-12.3943],[-76.7805,-12.3944],[-76.7804,-12.3946],[-76.7805,-12.3948],[-76.7806,-12.3949],[-76.7806,-12.395],[-76.7805,-12.3951],[-76.7804,-12.3951],[-76.7803,-12.3951],[-76.7802,-12.3952],[-76.7802,-12.3955],[-76.7802,-12.3956],[-76.7801,-12.3957],[-76.78,-12.3957],[-76.7799,-12.3957],[-76.7799,-12.3959],[-76.7799,-12.3961],[-76.7799,-12.3963],[-76.7798,-12.3964],[-76.7798,-12.3965],[-76.7798,-12.3966],[-76.7798,-12.3968],[-76.7798,-12.397],[-76.7799,-12.3971],[-76.78,-12.3972],[-76.7801,-12.3973],[-76.7802,-12.3974],[-76.7803,-12.3974],[-76.7804,-12.3974],[-76.7805,-12.3973],[-76.7804,-12.3972],[-76.7805,-12.3971],[-76.7806,-12.3972],[-76.7807,-12.3972],[-76.7808,-12.3973],[-76.7809,-12.3973],[-76.781,-12.3974],[-76.781,-12.3975],[-76.7808,-12.3976],[-76.7808,-12.3977],[-76.7809,-12.398],[-76.7811,-12.398],[-76.7812,-12.3979],[-76.7812,-12.3978],[-76.7812,-12.3973],[-76.7812,-12.3972],[-76.7813,-12.3972],[-76.7813,-12.3973],[-76.7814,-12.3974],[-76.7815,-12.3975],[-76.7816,-12.3976],[-76.7817,-12.3976],[-76.7818,-12.3975],[-76.7819,-12.3974],[-76.782,-12.3975],[-76.7819,-12.3974],[-76.7819,-12.3973],[-76.7818,-12.3972],[-76.7818,-12.397],[-76.7819,-12.397],[-76.782,-12.397],[-76.7822,-12.3969],[-76.7822,-12.3968],[-76.7822,-12.3967],[-76.7823,-12.3967],[-76.7824,-12.3968],[-76.7827,-12.3972],[-76.7828,-12.397],[-76.7829,-12.397],[-76.783,-12.3971],[-76.7831,-12.3972],[-76.7831,-12.3973],[-76.7832,-12.3974],[-76.7833,-12.3974],[-76.7833,-12.3975],[-76.7833,-12.3976],[-76.7834,-12.3977],[-76.7834,-12.3978],[-76.7834,-12.3979],[-76.7834,-12.398],[-76.7834,-12.3981],[-76.7833,-12.3982],[-76.7832,-12.3982],[-76.7831,-12.3982],[-76.783,-12.3982],[-76.7829,-12.3983],[-76.7828,-12.3982],[-76.7827,-12.3982],[-76.7826,-12.3982],[-76.7825,-12.3981],[-76.7826,-12.3982],[-76.7826,-12.3983],[-76.7826,-12.3984],[-76.7826,-12.3985],[-76.7825,-12.3986],[-76.7824,-12.3986],[-76.7823,-12.3986],[-76.7822,-12.3985],[-76.7821,-12.3984],[-76.782,-12.3983],[-76.7819,-12.3983],[-76.7818,-12.3984],[-76.7817,-12.3983],[-76.7816,-12.3983],[-76.7815,-12.3982],[-76.7814,-12.3981],[-76.7813,-12.3983],[-76.7812,-12.3984],[-76.7812,-12.3986],[-76.7811,-12.3987],[-76.781,-12.3988],[-76.7809,-12.3987],[-76.7807,-12.3988],[-76.7806,-12.399],[-76.7804,-12.399],[-76.7803,-12.399],[-76.7802,-12.3992],[-76.7802,-12.3994],[-76.7802,-12.3996],[-76.7801,-12.3997],[-76.78,-12.3996],[-76.78,-12.3995],[-76.7799,-12.3994],[-76.7798,-12.3995],[-76.7798,-12.3996],[-76.7799,-12.3997],[-76.7799,-12.3998],[-76.7799,-12.3999],[-76.7799,-12.4],[-76.7799,-12.4001],[-76.7798,-12.4003],[-76.7797,-12.4002],[-76.7796,-12.4003],[-76.7795,-12.4003],[-76.7796,-12.4004],[-76.7797,-12.4005],[-76.7797,-12.4006],[-76.7796,-12.4008],[-76.7795,-12.4008],[-76.7793,-12.4006],[-76.7791,-12.4006],[-76.779,-12.4007],[-76.779,-12.4006],[-76.7791,-12.4004],[-76.7791,-12.3997],[-76.7791,-12.3992],[-76.779,-12.3987],[-76.7789,-12.3986],[-76.7787,-12.3985],[-76.7785,-12.3985],[-76.7783,-12.3986],[-76.7781,-12.3986],[-76.7779,-12.3987],[-76.7776,-12.3988],[-76.7768,-12.398],[-76.7767,-12.398],[-76.7766,-12.398],[-76.7767,-12.3982],[-76.7762,-12.3984],[-76.7762,-12.3983],[-76.7761,-12.3982],[-76.776,-12.398],[-76.7759,-12.3977],[-76.775,-12.3954],[-76.7747,-12.3945],[-76.7748,-12.3939],[-76.775,-12.3931],[-76.7747,-12.3926],[-76.7708,-12.3872],[-76.7667,-12.3909],[-76.7652,-12.3924],[-76.7604,-12.3968],[-76.7586,-12.3985],[-76.7576,-12.3997],[-76.7572,-12.4002],[-76.7569,-12.4015]]]}},{"type":"Feature","properties":{"ubigeo":"150130","nombre":"San Borja"},"geometry":{"type":"Polygon","coordinates":[[[-76.9817,-12.0846],[-76.9827,-12.0848],[-76.9839,-12.085],[-76.984,-12.0847],[-76.9842,-12.0839],[-76.9873,-12.0799],[-76.9896,-12.0817],[-76.9898,-12.0818],[-76.9928,-12.0817],[-76.993,-12.0814],[-76.9934,-12.0817],[-76.9935,-12.081],[-76.9954,-12.0814],[-76.9958,-12.0816],[-76.9963,-12.0819],[-76.9973,-12.0825],[-76.9979,-12.0829],[-76.9982,-12.083],[-76.9986,-12.0832],[-76.9991,-12.0834],[-77.0041,-12.0841],[-77.0099,-12.085],[-77.0099,-12.0855],[-77.01,-12.086],[-77.0101,-12.0863],[-77.0101,-12.0865],[-77.0101,-12.0867],[-77.01,-12.0874],[-77.0098,-12.0892],[-77.0076,-12.0888],[-77.0075,-12.089],[-77.0076,-12.0893],[-77.0076,-12.0895],[-77.0077,-12.0899],[-77.011,-12.096],[-77.0121,-12.0991],[-77.0106,-12.1067],[-77.0104,-12.1073],[-77.0104,-12.1076],[-77.0099,-12.1102],[-77.0098,-12.1103],[-77.0096,-12.1124],[-76.9936,-12.1113],[-76.9927,-12.1113],[-76.9828,-12.1106],[-76.9783,-12.1103],[-76.9782,-12.1103],[-76.979,-12.1043],[-76.9793,-12.1021],[-76.9801,-12.0969],[-76.9806,-12.0934],[-76.9811,-12.0901],[-76.9813,-12.0888],[-76.9816,-12.0871],[-76.9817,-12.0867],[-76.9818,-12.0851],[-76.9817,-12.0846]]]}},{"type":"Feature","properties":{"ubigeo":"150131","nombre":"San Isidro"},"geometry":{"type":"Polygon","coordinates":[[[-77.0228,-12.0908],[-77.0302,-12.0919],[-77.0299,-12.0912],[-77.0335,-12.0907],[-77.0337,-12.0892],[-77.0432,-12.0905],[-77.0431,-12.0912],[-77.0465,-12.0917],[-77.0465,-12.0914],[-77.0476,-12.0916],[-77.0486,-12.085],[-77.0491,-12.0856],[-77.0496,-12.0862],[-77.0499,-12.0867],[-77.0532,-12.0931],[-77.055,-12.0919],[-77.0558,-12.0934],[-77.0574,-12.0926],[-77.0589,-12.0964],[-77.0584,-12.0967],[-77.0594,-12.0986],[-77.0595,-12.099],[-77.06,-12.1],[-77.0602,-12.0999],[-77.0608,-12.1009],[-77.0606,-12.1011],[-77.0607,-12.1015],[-77.0607,-12.1018],[-77.0608,-12.1021],[-77.0607,-12.1025],[-77.0605,-12.103],[-77.0606,-12.1033],[-77.0606,-12.1037],[-77.0605,-12.1042],[-77.0604,-12.1047],[-77.0603,-12.1052],[-77.0605,-12.107],[-77.0607,-12.1077],[-77.0606,-12.1077],[-77.0605,-12.1078],[-77.0604,-12.1079],[-77.0602,-12.108],[-77.0602,-12.1081],[-77.0601,-12.1081],[-77.06,-12.1082],[-77.0599,-12.1082],[-77.0599,-12.1083],[-77.0598,-12.1083],[-77.0597,-12.1083],[-77.0596,-12.1084],[-77.0595,-12.1084],[-77.0595,-12.1085],[-77.0594,-12.1085],[-77.0593,-12.1086],[-77.0592,-12.1086],[-77.0591,-12.1087],[-77.059,-12.1087],[-77.0589,-12.1088],[-77.0588,-12.1089],[-77.0587,-12.1089],[-77.0585,-12.109],[-77.0584,-12.1092],[-77.0583,-12.1092],[-77.0583,-12.1093],[-77.0582,-12.1093],[-77.0582,-12.1094],[-77.0581,-12.1094],[-77.058,-12.1095],[-77.0579,-12.1095],[-77.0579,-12.1096],[-77.0578,-12.1097],[-77.0577,-12.1097],[-77.0576,-12.1097],[-77.0576,-12.1098],[-77.0575,-12.1099],[-77.0574,-12.1099],[-77.0573,-12.11],[-77.0572,-12.11],[-77.0571,-12.1101],[-77.057,-12.1102],[-77.0569,-12.1103],[-77.0568,-12.1103],[-77.0568,-12.1104],[-77.0567,-12.1104],[-77.0566,-12.1105],[-77.0566,-12.1106],[-77.0565,-12.1106],[-77.0564,-12.1107],[-77.0563,-12.1108],[-77.0562,-12.1108],[-77.0562,-12.1109],[-77.0561,-12.1109],[-77.056,-12.111],[-77.0557,-12.111],[-77.0557,-12.1109],[-77.0556,-12.1109],[-77.0554,-12.1108],[-77.0553,-12.1108],[-77.0552,-12.1107],[-77.0551,-12.1106],[-77.055,-12.1106],[-77.055,-12.1105],[-77.0549,-12.1104],[-77.055,-12.1104],[-77.055,-12.1103],[-77.055,-12.1102],[-77.0549,-12.1101],[-77.0549,-12.11],[-77.0548,-12.11],[-77.0547,-12.11],[-77.0546,-12.1099],[-77.0546,-12.1098],[-77.0545,-12.1098],[-77.0544,-12.1097],[-77.0543,-12.1097],[-77.0537,-12.1097],[-77.0536,-12.1096],[-77.0535,-12.1096],[-77.0534,-12.1095],[-77.0533,-12.1095],[-77.0533,-12.1094],[-77.0533,-12.1093],[-77.0532,-12.109],[-77.0532,-12.1084],[-77.0531,-12.1085],[-77.0529,-12.1087],[-77.0528,-12.1089],[-77.0526,-12.1091],[-77.0525,-12.1092],[-77.0524,-12.1093],[-77.0522,-12.1095],[-77.0521,-12.1096],[-77.052,-12.1097],[-77.0519,-12.1098],[-77.0519,-12.1099],[-77.0518,-12.11],[-77.0517,-12.11],[-77.0516,-12.1101],[-77.0515,-12.1102],[-77.0514,-12.1103],[-77.0493,-12.1084],[-77.0467,-12.1109],[-77.0462,-12.1105],[-77.045,-12.1104],[-77.0442,-12.1105],[-77.0435,-12.1107],[-77.0431,-12.1108],[-77.0405,-12.1083],[-77.0399,-12.1089],[-77.039,-12.1098],[-77.0382,-12.109],[-77.0372,-12.1101],[-77.0366,-12.11],[-77.0315,-12.1036],[-77.0273,-12.1028],[-77.0188,-12.1019],[-77.0164,-12.1023],[-77.0165,-12.1031],[-77.0165,-12.1032],[-77.0164,-12.1033],[-77.0163,-12.1034],[-77.0161,-12.1036],[-77.0164,-12.1041],[-77.0165,-12.1043],[-77.0166,-12.1056],[-77.015,-12.1078],[-77.0147,-12.108],[-77.0104,-12.1073],[-77.0106,-12.1067],[-77.0121,-12.0991],[-77.011,-12.096],[-77.0077,-12.0899],[-77.0076,-12.0895],[-77.0076,-12.0893],[-77.0075,-12.089],[-77.0076,-12.0888],[-77.0098,-12.0892],[-77.0228,-12.0908]]]}},{"type":"Feature","properties":{"ubigeo":"150132","nombre":"San Juan de Lurigancho"},"geometry":{"type":"Polygon","coordinates":[[[-76.9314,-11.9422],[-76.9304,-11.9416],[-76.9297,-11.9407],[-76.9293,-11.9393],[-76.9294,-11.9382],[-76.9294,-11.9378],[-76.9292,-11.9366],[-76.9289,-11.9361],[-76.9285,-11.9353],[-76.9275,-11.9341],[-76.9267,-11.9335],[-76.9243,-11.9323],[-76.9213,-11.9313],[-76.9187,-11.9302],[-76.917,-11.929],[-76.916,-11.9281],[-76.915,-11.9271],[-76.9149,-11.9267],[-76.9147,-11.9261],[-76.9148,-11.925],[-76.9151,-11.9236],[-76.9157,-11.9226],[-76.9176,-11.9208],[-76.9183,-11.9197],[-76.9185,-11.9183],[-76.9183,-11.9173],[-76.9178,-11.9166],[-76.9174,-11.9159],[-76.9174,-11.9157],[-76.9169,-11.9143],[-76.9166,-11.9129],[-76.9171,-11.9112],[-76.9178,-11.9098],[-76.9178,-11.9096],[-76.918,-11.9081],[-76.918,-11.908],[-76.918,-11.9065],[-76.9174,-11.9051],[-76.9169,-11.9042],[-76.9161,-11.9028],[-76.9148,-11.8999],[-76.9139,-11.8973],[-76.9134,-11.895],[-76.9134,-11.8934],[-76.9128,-11.8909],[-76.9121,-11.8893],[-76.9105,-11.8885],[-76.9096,-11.888],[-76.9085,-11.8873],[-76.9068,-11.8868],[-76.9051,-11.8862],[-76.9031,-11.8852],[-76.9,-11.8833],[-76.8989,-11.8825],[-76.8987,-11.8823],[-76.8974,-11.8807],[-76.8971,-11.8788],[-76.8973,-11.8773],[-76.8976,-11.8753],[-76.8978,-11.873],[-76.8975,-11.8704],[-76.8967,-11.8687],[-76.8956,-11.8672],[-76.8949,-11.8657],[-76.8953,-11.8647],[-76.8961,-11.8641],[-76.8978,-11.8641],[-76.8985,-11.8643],[-76.9005,-11.8646],[-76.9026,-11.8647],[-76.9035,-11.8648],[-76.9041,-11.8649],[-76.9043,-11.8649],[-76.9064,-11.8649],[-76.9084,-11.8649],[-76.9099,-11.865],[-76.9111,-11.8649],[-76.9118,-11.8649],[-76.9146,-11.8656],[-76.9152,-11.8658],[-76.9164,-11.8661],[-76.9165,-11.8661],[-76.9189,-11.8665],[-76.9203,-11.8666],[-76.9219,-11.8672],[-76.9235,-11.8685],[-76.9257,-11.8698],[-76.9274,-11.8704],[-76.9289,-11.8706],[-76.9292,-11.8706],[-76.9307,-11.8706],[-76.9328,-11.8703],[-76.9329,-11.8703],[-76.9351,-11.8698],[-76.9361,-11.8695],[-76.9368,-11.8692],[-76.9377,-11.8683],[-76.9384,-11.8673],[-76.9384,-11.867],[-76.9388,-11.8658],[-76.9394,-11.8644],[-76.9401,-11.8633],[-76.9412,-11.8622],[-76.9423,-11.8609],[-76.9435,-11.8615],[-76.946,-11.8619],[-76.9474,-11.8621],[-76.9483,-11.8628],[-76.9501,-11.864],[-76.9527,-11.8655],[-76.9539,-11.8667],[-76.9553,-11.8682],[-76.9564,-11.8701],[-76.9572,-11.8704],[-76.9573,-11.8705],[-76.959,-11.8711],[-76.9606,-11.8718],[-76.9621,-11.8729],[-76.9632,-11.874],[-76.9644,-11.8755],[-76.9655,-11.8768],[-76.9662,-11.8776],[-76.9674,-11.879],[-76.9685,-11.8809],[-76.9698,-11.8832],[-76.9705,-11.8842],[-76.9717,-11.8856],[-76.9732,-11.8876],[-76.9746,-11.8896],[-76.9766,-11.8913],[-76.9793,-11.8923],[-76.982,-11.8931],[-76.984,-11.8944],[-76.9859,-11.8954],[-76.9864,-11.8959],[-76.988,-11.8971],[-76.9886,-11.8994],[-76.9886,-11.9013],[-76.9891,-11.9039],[-76.9892,-11.9041],[-76.9899,-11.9058],[-76.9905,-11.9073],[-76.9906,-11.9085],[-76.9901,-11.9115],[-76.9902,-11.9131],[-76.9902,-11.9135],[-76.9894,-11.9144],[-76.9888,-11.915],[-76.9888,-11.9152],[-76.9884,-11.9163],[-76.989,-11.9168],[-76.9904,-11.917],[-76.9928,-11.9169],[-76.9957,-11.9173],[-76.9969,-11.9185],[-76.9983,-11.9197],[-76.9993,-11.921],[-76.9996,-11.9229],[-77.0003,-11.924],[-77.0022,-11.9253],[-77.0034,-11.9268],[-77.0046,-11.9282],[-77.0051,-11.9289],[-77.0054,-11.9299],[-77.0065,-11.9315],[-77.0082,-11.9324],[-77.0102,-11.9334],[-77.0128,-11.9351],[-77.0147,-11.936],[-77.0162,-11.9368],[-77.0168,-11.9378],[-77.0165,-11.9399],[-77.0164,-11.9418],[-77.017,-11.9439],[-77.0176,-11.9496],[-77.019,-11.9515],[-77.0201,-11.9525],[-77.0205,-11.9529],[-77.0221,-11.9541],[-77.024,-11.9555],[-77.0253,-11.9569],[-77.0261,-11.9579],[-77.0271,-11.9589],[-77.0283,-11.9607],[-77.0287,-11.9625],[-77.0288,-11.964],[-77.0286,-11.9646],[-77.0279,-11.9657],[-77.0276,-11.9664],[-77.0277,-11.9666],[-77.0277,-11.9671],[-77.0279,-11.9676],[-77.0285,-11.9686],[-77.0296,-11.9711],[-77.0295,-11.9757],[-77.0294,-11.978],[-77.0291,-11.9805],[-77.029,-11.9822],[-77.0291,-11.9829],[-77.0296,-11.9838],[-77.0302,-11.9849],[-77.0303,-11.9858],[-77.0303,-11.986],[-77.0302,-11.9865],[-77.0301,-11.9872],[-77.0302,-11.9884],[-77.0303,-11.989],[-77.0304,-11.9897],[-77.0305,-11.9907],[-77.0303,-11.9927],[-77.0306,-11.9947],[-77.0307,-11.9964],[-77.0296,-11.9972],[-77.0291,-11.9981],[-77.029,-11.9983],[-77.0286,-11.999],[-77.0285,-12.0005],[-77.0277,-12.0031],[-77.027,-12.0045],[-77.0259,-12.0057],[-77.0259,-12.0058],[-77.0256,-12.0063],[-77.0255,-12.0063],[-77.0255,-12.0065],[-77.0255,-12.0072],[-77.0253,-12.0091],[-77.0246,-12.0099],[-77.0244,-12.0101],[-77.0231,-12.0108],[-77.0225,-12.0114],[-77.0222,-12.0121],[-77.0219,-12.013],[-77.0219,-12.0131],[-77.0213,-12.0147],[-77.0206,-12.0158],[-77.0203,-12.0171],[-77.0203,-12.0178],[-77.0203,-12.0192],[-77.0199,-12.0203],[-77.0198,-12.0213],[-77.02,-12.022],[-77.0202,-12.0227],[-77.0206,-12.0239],[-77.021,-12.0247],[-77.0217,-12.0252],[-77.0219,-12.0253],[-77.0221,-12.0254],[-77.0222,-12.0256],[-77.0222,-12.0262],[-77.0221,-12.0268],[-77.0223,-12.0274],[-77.0224,-12.028],[-77.0222,-12.0285],[-77.0216,-12.0292],[-77.0209,-12.0303],[-77.02,-12.0314],[-77.0195,-12.032],[-77.0188,-12.0332],[-77.0179,-12.0346],[-77.0171,-12.0355],[-77.0164,-12.0362],[-77.0157,-12.0365],[-77.0147,-12.0369],[-77.0138,-12.0371],[-77.0129,-12.0373],[-77.0125,-12.0362],[-77.0123,-12.0348],[-77.0123,-12.0347],[-77.0123,-12.0342],[-77.012,-12.0335],[-77.0116,-12.0329],[-77.0114,-12.0323],[-77.0111,-12.0318],[-77.0106,-12.0313],[-77.0102,-12.031],[-77.0097,-12.0307],[-77.0093,-12.0304],[-77.0088,-12.0302],[-77.008,-12.03],[-77.0071,-12.03],[-77.0062,-12.03],[-77.0058,-12.0298],[-77.0051,-12.0296],[-77.0042,-12.0295],[-77.0037,-12.0293],[-77.003,-12.029],[-77.0023,-12.0286],[-77.0017,-12.0285],[-77.0009,-12.0282],[-77.0005,-12.0281],[-76.9997,-12.0279],[-76.9989,-12.0278],[-76.9983,-12.0277],[-76.9979,-12.0276],[-76.9973,-12.0273],[-76.9967,-12.0271],[-76.9962,-12.0271],[-76.9958,-12.027],[-76.9952,-12.0269],[-76.9948,-12.0269],[-76.9944,-12.0269],[-76.9941,-12.027],[-76.9936,-12.027],[-76.9929,-12.0269],[-76.9924,-12.0268],[-76.9916,-12.0268],[-76.9912,-12.0268],[-76.9905,-12.0269],[-76.9899,-12.027],[-76.9894,-12.0269],[-76.9892,-12.0269],[-76.989,-12.0268],[-76.9887,-12.0267],[-76.9885,-12.0267],[-76.9882,-12.0266],[-76.9877,-12.0265],[-76.987,-12.0265],[-76.9866,-12.0265],[-76.986,-12.0264],[-76.9854,-12.0263],[-76.9849,-12.0262],[-76.9842,-12.0262],[-76.9835,-12.026],[-76.9829,-12.0259],[-76.9824,-12.0257],[-76.982,-12.0257],[-76.9817,-12.0256],[-76.9815,-12.0256],[-76.981,-12.0256],[-76.9807,-12.0255],[-76.9804,-12.0255],[-76.9801,-12.0256],[-76.9797,-12.0256],[-76.9794,-12.0257],[-76.979,-12.0258],[-76.9788,-12.0258],[-76.9785,-12.0259],[-76.9781,-12.0259],[-76.9778,-12.0259],[-76.9776,-12.026],[-76.9774,-12.026],[-76.9772,-12.026],[-76.977,-12.0261],[-76.9767,-12.0261],[-76.9764,-12.0262],[-76.9759,-12.0262],[-76.9756,-12.0263],[-76.9751,-12.0262],[-76.9746,-12.0262],[-76.9742,-12.0262],[-76.9738,-12.0261],[-76.9734,-12.026],[-76.973,-12.026],[-76.9726,-12.0261],[-76.9722,-12.0261],[-76.972,-12.0261],[-76.9717,-12.0262],[-76.971,-12.0263],[-76.9703,-12.0263],[-76.9698,-12.0264],[-76.9694,-12.0265],[-76.9689,-12.0266],[-76.9683,-12.0266],[-76.9678,-12.0266],[-76.9671,-12.0265],[-76.9665,-12.0263],[-76.9661,-12.0262],[-76.9655,-12.026],[-76.9651,-12.0257],[-76.9646,-12.0255],[-76.964,-12.0254],[-76.9632,-12.0253],[-76.9624,-12.025],[-76.9618,-12.0249],[-76.9608,-12.0245],[-76.9602,-12.0241],[-76.9594,-12.0239],[-76.959,-12.0237],[-76.9577,-12.0231],[-76.9571,-12.0229],[-76.9566,-12.0227],[-76.9562,-12.0226],[-76.9556,-12.0226],[-76.955,-12.0226],[-76.9547,-12.0224],[-76.9541,-12.0223],[-76.9536,-12.0219],[-76.9526,-12.0213],[-76.9525,-12.021],[-76.9524,-12.0203],[-76.9522,-12.0197],[-76.9521,-12.0193],[-76.9521,-12.0191],[-76.9523,-12.0191],[-76.9522,-12.0189],[-76.9522,-12.0187],[-76.9522,-12.0183],[-76.9522,-12.0178],[-76.9528,-12.0173],[-76.9528,-12.0172],[-76.9529,-12.017],[-76.9529,-12.0168],[-76.9539,-12.0144],[-76.9547,-12.0129],[-76.9552,-12.0123],[-76.9564,-12.0104],[-76.9581,-12.0092],[-76.9594,-12.008],[-76.9604,-12.0073],[-76.9615,-12.0064],[-76.9616,-12.0063],[-76.9617,-12.0063],[-76.9633,-12.006],[-76.965,-12.0052],[-76.9662,-12.0048],[-76.9674,-12.0043],[-76.9692,-12.0005],[-76.9696,-11.9986],[-76.9698,-11.9966],[-76.9694,-11.9949],[-76.9682,-11.9936],[-76.9667,-11.9925],[-76.9655,-11.9905],[-76.9647,-11.9892],[-76.9637,-11.9872],[-76.9629,-11.9852],[-76.9624,-11.9838],[-76.961,-11.9818],[-76.9592,-11.979],[-76.9579,-11.9764],[-76.9577,-11.976],[-76.9569,-11.9746],[-76.9547,-11.9717],[-76.9535,-11.9694],[-76.9508,-11.9626],[-76.9506,-11.9607],[-76.9503,-11.9579],[-76.95,-11.9555],[-76.9502,-11.9538],[-76.9492,-11.9526],[-76.9481,-11.9521],[-76.9462,-11.9525],[-76.9446,-11.9531],[-76.9427,-11.9528],[-76.9409,-11.9523],[-76.9397,-11.9513],[-76.9389,-11.95],[-76.9385,-11.9492],[-76.9381,-11.9483],[-76.9371,-11.9476],[-76.9356,-11.9468],[-76.9349,-11.9465],[-76.9336,-11.9459],[-76.9324,-11.9447],[-76.932,-11.9433],[-76.9314,-11.9422]]]}},{"type":"Feature","properties":{"ubigeo":"150133","nombre":"San Juan de Miraflores"},"geometry":{"type":"Polygon","coordinates":[[[-76.9477,-12.1175],[-76.9478,-12.1175],[-76.948,-12.1175],[-76.9481,-12.1174],[-76.9482,-12.1173],[-76.9484,-12.1172],[-76.9486,-12.1171],[-76.9487,-12.117],[-76.9488,-12.1169],[-76.9488,-12.1168],[-76.9489,-12.1167],[-76.949,-12.1167],[-76.9492,-12.1165],[-76.9493,-12.1164],[-76.9495,-12.1163],[-76.9496,-12.1162],[-76.9497,-12.1161],[-76.9498,-12.116],[-76.9499,-12.116],[-76.95,-12.1159],[-76.9502,-12.1159],[-76.9503,-12.1159],[-76.9504,-12.116],[-76.9506,-12.116],[-76.951,-12.1161],[-76.9511,-12.1161],[-76.9513,-12.1161],[-76.9515,-12.1161],[-76.9518,-12.1161],[-76.952,-12.116],[-76.9521,-12.116],[-76.9523,-12.116],[-76.9524,-12.116],[-76.9526,-12.1159],[-76.9527,-12.1159],[-76.9528,-12.1158],[-76.9529,-12.1158],[-76.953,-12.1157],[-76.9531,-12.1156],[-76.9532,-12.1156],[-76.9533,-12.1155],[-76.9534,-12.1155],[-76.9535,-12.1155],[-76.9537,-12.1156],[-76.9538,-12.1156],[-76.954,-12.1156],[-76.9542,-12.1156],[-76.9543,-12.1156],[-76.9547,-12.1155],[-76.9552,-12.1155],[-76.9554,-12.1155],[-76.9556,-12.1156],[-76.9557,-12.1157],[-76.9558,-12.1158],[-76.956,-12.1159],[-76.9561,-12.116],[-76.9563,-12.1161],[-76.9564,-12.1162],[-76.9565,-12.1163],[-76.9567,-12.1164],[-76.9569,-12.1165],[-76.957,-12.1166],[-76.9571,-12.1168],[-76.9573,-12.117],[-76.9573,-12.1171],[-76.9574,-12.1172],[-76.9575,-12.1172],[-76.9575,-12.1173],[-76.9576,-12.1174],[-76.9577,-12.1175],[-76.9577,-12.1177],[-76.9578,-12.1178],[-76.9578,-12.1179],[-76.9578,-12.118],[-76.958,-12.1183],[-76.9581,-12.1186],[-76.9581,-12.1188],[-76.9582,-12.119],[-76.9584,-12.1194],[-76.9585,-12.1196],[-76.9586,-12.1197],[-76.9588,-12.1198],[-76.9589,-12.1198],[-76.959,-12.1198],[-76.9591,-12.1198],[-76.9592,-12.1198],[-76.9593,-12.1198],[-76.9594,-12.1199],[-76.9595,-12.1199],[-76.9596,-12.12],[-76.9597,-12.12],[-76.9599,-12.12],[-76.96,-12.12],[-76.9601,-12.1201],[-76.9603,-12.1203],[-76.9604,-12.1204],[-76.9605,-12.1206],[-76.9607,-12.1207],[-76.9607,-12.1209],[-76.9608,-12.1211],[-76.961,-12.1213],[-76.961,-12.1214],[-76.9611,-12.1216],[-76.9612,-12.1218],[-76.9613,-12.122],[-76.9614,-12.1223],[-76.9614,-12.1224],[-76.9616,-12.1227],[-76.9617,-12.1229],[-76.9618,-12.1231],[-76.9618,-12.1233],[-76.9618,-12.1235],[-76.9619,-12.1237],[-76.9619,-12.1239],[-76.9619,-12.124],[-76.962,-12.1242],[-76.962,-12.1243],[-76.9621,-12.1244],[-76.9621,-12.1246],[-76.9622,-12.1247],[-76.9623,-12.1248],[-76.9623,-12.125],[-76.9622,-12.1251],[-76.9622,-12.1252],[-76.9622,-12.1254],[-76.9622,-12.1255],[-76.9623,-12.1257],[-76.9623,-12.1259],[-76.9623,-12.126],[-76.9623,-12.1262],[-76.9623,-12.1263],[-76.9623,-12.1264],[-76.9623,-12.1266],[-76.9623,-12.1268],[-76.9623,-12.1269],[-76.9623,-12.1271],[-76.9623,-12.1272],[-76.9624,-12.1273],[-76.9625,-12.1274],[-76.9626,-12.1275],[-76.9627,-12.1276],[-76.9627,-12.1277],[-76.9628,-12.1278],[-76.9628,-12.1279],[-76.9629,-12.1279],[-76.963,-12.1279],[-76.9631,-12.1279],[-76.9632,-12.1279],[-76.9633,-12.1279],[-76.9633,-12.128],[-76.9635,-12.1281],[-76.9636,-12.1281],[-76.9637,-12.1282],[-76.9637,-12.1283],[-76.9638,-12.1284],[-76.9639,-12.1284],[-76.964,-12.1285],[-76.9641,-12.1286],[-76.9642,-12.1287],[-76.9643,-12.1287],[-76.9644,-12.1288],[-76.9646,-12.1289],[-76.9647,-12.1289],[-76.9648,-12.1289],[-76.9649,-12.1289],[-76.9651,-12.1289],[-76.9652,-12.129],[-76.9653,-12.129],[-76.9654,-12.129],[-76.9655,-12.129],[-76.9656,-12.1291],[-76.9657,-12.1291],[-76.9658,-12.1292],[-76.9659,-12.1292],[-76.966,-12.1293],[-76.9662,-12.1295],[-76.9664,-12.1297],[-76.9666,-12.1298],[-76.9667,-12.13],[-76.9668,-12.1301],[-76.9669,-12.1302],[-76.967,-12.1303],[-76.9671,-12.1304],[-76.9672,-12.1304],[-76.9673,-12.1304],[-76.9674,-12.1304],[-76.9675,-12.1304],[-76.9675,-12.1305],[-76.9677,-12.1305],[-76.9678,-12.1306],[-76.9679,-12.1306],[-76.968,-12.1306],[-76.9681,-12.1306],[-76.9682,-12.1307],[-76.9683,-12.1308],[-76.9685,-12.1309],[-76.9685,-12.131],[-76.9686,-12.131],[-76.9688,-12.1312],[-76.9689,-12.1313],[-76.9691,-12.1313],[-76.9692,-12.1314],[-76.9693,-12.1314],[-76.9694,-12.1314],[-76.9694,-12.1315],[-76.9695,-12.1316],[-76.9698,-12.1316],[-76.97,-12.1317],[-76.9701,-12.1317],[-76.9702,-12.1318],[-76.9703,-12.1319],[-76.9703,-12.132],[-76.9704,-12.1321],[-76.9704,-12.1322],[-76.9705,-12.1323],[-76.9708,-12.1322],[-76.9709,-12.1336],[-76.9721,-12.1339],[-76.9722,-12.1351],[-76.9738,-12.1352],[-76.9746,-12.1349],[-76.9744,-12.1368],[-76.9749,-12.1369],[-76.9756,-12.1372],[-76.9753,-12.1378],[-76.9751,-12.1381],[-76.975,-12.1384],[-76.9749,-12.139],[-76.9749,-12.1393],[-76.9749,-12.1398],[-76.9749,-12.1402],[-76.975,-12.1406],[-76.975,-12.1408],[-76.9749,-12.141],[-76.9748,-12.1412],[-76.9745,-12.1421],[-76.9749,-12.1423],[-76.9768,-12.1441],[-76.9771,-12.1437],[-76.9764,-12.143],[-76.9766,-12.1426],[-76.9768,-12.1424],[-76.9768,-12.1423],[-76.9771,-12.1421],[-76.9774,-12.1419],[-76.9774,-12.1418],[-76.9775,-12.1417],[-76.9776,-12.1416],[-76.9776,-12.1415],[-76.9777,-12.1414],[-76.9779,-12.1413],[-76.978,-12.1413],[-76.978,-12.1412],[-76.9779,-12.1411],[-76.9778,-12.1411],[-76.9776,-12.1411],[-76.9774,-12.1412],[-76.977,-12.1411],[-76.9773,-12.1402],[-76.9774,-12.1399],[-76.9772,-12.1397],[-76.9777,-12.1395],[-76.9781,-12.1392],[-76.9785,-12.1392],[-76.9791,-12.1394],[-76.9792,-12.1393],[-76.9793,-12.1392],[-76.9793,-12.1391],[-76.9794,-12.1391],[-76.9795,-12.139],[-76.9796,-12.139],[-76.9797,-12.139],[-76.9798,-12.139],[-76.9799,-12.139],[-76.98,-12.139],[-76.9801,-12.1389],[-76.9802,-12.1389],[-76.9803,-12.1388],[-76.9805,-12.1388],[-76.9806,-12.1388],[-76.9808,-12.1387],[-76.9814,-12.1427],[-76.9819,-12.1453],[-76.982,-12.1457],[-76.982,-12.1462],[-76.9822,-12.1467],[-76.9823,-12.1472],[-76.9825,-12.1476],[-76.983,-12.1493],[-76.9834,-12.1503],[-76.9835,-12.1509],[-76.9837,-12.1516],[-76.9837,-12.1521],[-76.9838,-12.1526],[-76.9838,-12.1531],[-76.9838,-12.1535],[-76.9838,-12.1541],[-76.9838,-12.1547],[-76.9837,-12.1553],[-76.9841,-12.1557],[-76.9842,-12.1559],[-76.9844,-12.156],[-76.9848,-12.1561],[-76.9849,-12.1575],[-76.9849,-12.1602],[-76.9847,-12.1602],[-76.9847,-12.1607],[-76.9847,-12.1609],[-76.9845,-12.161],[-76.9843,-12.1612],[-76.9842,-12.1613],[-76.9843,-12.1616],[-76.9843,-12.162],[-76.9841,-12.1625],[-76.9838,-12.1628],[-76.9837,-12.164],[-76.9842,-12.1658],[-76.9844,-12.1665],[-76.9849,-12.1664],[-76.985,-12.1664],[-76.9851,-12.1664],[-76.9852,-12.1664],[-76.9854,-12.1664],[-76.9855,-12.1664],[-76.9856,-12.1664],[-76.9857,-12.1665],[-76.9859,-12.1665],[-76.986,-12.1666],[-76.9861,-12.1667],[-76.9862,-12.1668],[-76.9863,-12.1669],[-76.9863,-12.167],[-76.9863,-12.1671],[-76.9864,-12.1672],[-76.9864,-12.1673],[-76.9864,-12.1674],[-76.9864,-12.1675],[-76.9862,-12.1677],[-76.9859,-12.168],[-76.9844,-12.17],[-76.984,-12.1704],[-76.9833,-12.171],[-76.9825,-12.1715],[-76.9812,-12.1718],[-76.981,-12.1719],[-76.981,-12.1726],[-76.9811,-12.1727],[-76.9811,-12.1731],[-76.9811,-12.1737],[-76.9811,-12.1742],[-76.9812,-12.1745],[-76.9816,-12.1749],[-76.9821,-12.1757],[-76.9825,-12.1767],[-76.9826,-12.1772],[-76.9827,-12.1776],[-76.9828,-12.1781],[-76.9831,-12.1787],[-76.9832,-12.1791],[-76.9827,-12.1811],[-76.9824,-12.182],[-76.982,-12.1835],[-76.9817,-12.1852],[-76.9831,-12.1856],[-76.9825,-12.1876],[-76.9823,-12.1882],[-76.9815,-12.188],[-76.9803,-12.1876],[-76.9797,-12.188],[-76.9794,-12.1884],[-76.9793,-12.1904],[-76.9793,-12.1907],[-76.9791,-12.1913],[-76.9789,-12.1916],[-76.9783,-12.1929],[-76.9776,-12.194],[-76.9771,-12.1945],[-76.9767,-12.1946],[-76.9765,-12.1946],[-76.9756,-12.1948],[-76.9744,-12.1949],[-76.9729,-12.1949],[-76.9725,-12.1922],[-76.9718,-12.1923],[-76.9712,-12.1925],[-76.9704,-12.1927],[-76.9691,-12.1929],[-76.967,-12.1933],[-76.9649,-12.193],[-76.9639,-12.1929],[-76.9628,-12.1928],[-76.9614,-12.1927],[-76.9612,-12.1926],[-76.9609,-12.1926],[-76.9609,-12.1925],[-76.9609,-12.1924],[-76.9597,-12.1917],[-76.9592,-12.1917],[-76.9588,-12.1919],[-76.9586,-12.1923],[-76.9585,-12.1925],[-76.9565,-12.1913],[-76.9547,-12.1902],[-76.9546,-12.1902],[-76.9544,-12.19],[-76.9542,-12.1899],[-76.9545,-12.1893],[-76.9544,-12.1873],[-76.9545,-12.1867],[-76.9546,-12.1865],[-76.9543,-12.1863],[-76.9543,-12.1862],[-76.954,-12.1863],[-76.9539,-12.1863],[-76.9535,-12.1863],[-76.9532,-12.1863],[-76.953,-12.1863],[-76.953,-12.1862],[-76.9528,-12.1861],[-76.9527,-12.1861],[-76.9524,-12.1855],[-76.9523,-12.1852],[-76.9527,-12.185],[-76.9528,-12.1848],[-76.9531,-12.1843],[-76.9532,-12.1843],[-76.9534,-12.1838],[-76.9535,-12.1833],[-76.9535,-12.1829],[-76.9533,-12.1826],[-76.9532,-12.1823],[-76.9531,-12.1819],[-76.9531,-12.1814],[-76.9531,-12.181],[-76.9533,-12.1806],[-76.9536,-12.1801],[-76.9538,-12.1799],[-76.9539,-12.1797],[-76.954,-12.1794],[-76.9541,-12.1792],[-76.9542,-12.179],[-76.9543,-12.1788],[-76.9543,-12.1784],[-76.9543,-12.1781],[-76.9542,-12.1777],[-76.9541,-12.1772],[-76.9542,-12.1769],[-76.9545,-12.1764],[-76.9548,-12.176],[-76.9549,-12.1757],[-76.9549,-12.1755],[-76.9548,-12.1752],[-76.9548,-12.1751],[-76.9548,-12.175],[-76.9548,-12.1749],[-76.9547,-12.1748],[-76.9547,-12.1747],[-76.9546,-12.1744],[-76.9545,-12.1743],[-76.9545,-12.174],[-76.9545,-12.1738],[-76.9545,-12.1734],[-76.9546,-12.1731],[-76.9547,-12.1729],[-76.9549,-12.1727],[-76.9551,-12.1723],[-76.9552,-12.172],[-76.9551,-12.1713],[-76.9551,-12.1708],[-76.9552,-12.1706],[-76.9554,-12.1704],[-76.9556,-12.1702],[-76.9557,-12.1701],[-76.9557,-12.17],[-76.9558,-12.1698],[-76.9558,-12.1695],[-76.956,-12.1693],[-76.9561,-12.1691],[-76.9562,-12.1689],[-76.9562,-12.1685],[-76.9562,-12.1682],[-76.9563,-12.1679],[-76.9566,-12.1676],[-76.9567,-12.1675],[-76.9567,-12.167],[-76.9568,-12.1664],[-76.9572,-12.1658],[-76.957,-12.1654],[-76.9571,-12.165],[-76.9573,-12.1647],[-76.9578,-12.1645],[-76.9581,-12.1642],[-76.9582,-12.1637],[-76.9582,-12.1632],[-76.9577,-12.162],[-76.9573,-12.1612],[-76.9569,-12.1608],[-76.9567,-12.1605],[-76.9566,-12.1602],[-76.9564,-12.1599],[-76.9563,-12.1596],[-76.9615,-12.1552],[-76.9617,-12.1548],[-76.9607,-12.1536],[-76.96,-12.1538],[-76.9596,-12.1538],[-76.9594,-12.1537],[-76.9592,-12.1532],[-76.959,-12.1526],[-76.9589,-12.1521],[-76.9588,-12.1515],[-76.9588,-12.1513],[-76.9588,-12.151],[-76.9589,-12.1508],[-76.9589,-12.1505],[-76.9589,-12.1503],[-76.959,-12.15],[-76.959,-12.1496],[-76.9589,-12.1491],[-76.9589,-12.1486],[-76.9588,-12.1483],[-76.9587,-12.1481],[-76.9586,-12.1478],[-76.9585,-12.1474],[-76.9584,-12.147],[-76.9584,-12.1466],[-76.9583,-12.1459],[-76.9582,-12.1455],[-76.9581,-12.1452],[-76.9581,-12.1451],[-76.958,-12.1447],[-76.958,-12.1446],[-76.958,-12.1443],[-76.958,-12.1438],[-76.9579,-12.1433],[-76.9578,-12.1427],[-76.9576,-12.1424],[-76.9572,-12.1422],[-76.9565,-12.1417],[-76.9557,-12.1411],[-76.9552,-12.1405],[-76.9551,-12.1399],[-76.955,-12.1396],[-76.9547,-12.1389],[-76.9544,-12.1385],[-76.9543,-12.1383],[-76.9542,-12.1382],[-76.954,-12.138],[-76.9539,-12.1379],[-76.9538,-12.1378],[-76.9537,-12.1372],[-76.9535,-12.1368],[-76.9535,-12.1365],[-76.9533,-12.1363],[-76.953,-12.1362],[-76.9529,-12.1361],[-76.9522,-12.136],[-76.9519,-12.1359],[-76.9518,-12.1357],[-76.9514,-12.1353],[-76.9511,-12.135],[-76.951,-12.1348],[-76.9508,-12.1344],[-76.9506,-12.1342],[-76.9505,-12.134],[-76.9502,-12.1338],[-76.9501,-12.1337],[-76.95,-12.1337],[-76.9499,-12.1337],[-76.9498,-12.1337],[-76.9497,-12.1337],[-76.9495,-12.1336],[-76.9493,-12.1335],[-76.9491,-12.1335],[-76.9486,-12.1334],[-76.9481,-12.1334],[-76.9478,-12.1334],[-76.9476,-12.1334],[-76.9475,-12.1333],[-76.9469,-12.1331],[-76.9467,-12.1328],[-76.9466,-12.1327],[-76.9462,-12.1319],[-76.9457,-12.1311],[-76.9452,-12.1305],[-76.9452,-12.1301],[-76.9454,-12.1297],[-76.9456,-12.1291],[-76.9456,-12.1286],[-76.9454,-12.128],[-76.9451,-12.1276],[-76.9447,-12.1271],[-76.9439,-12.1264],[-76.9436,-12.1258],[-76.9433,-12.1253],[-76.943,-12.1245],[-76.9425,-12.1238],[-76.942,-12.1233],[-76.9408,-12.1222],[-76.9412,-12.1215],[-76.9415,-12.1211],[-76.9419,-12.121],[-76.9425,-12.121],[-76.9432,-12.1208],[-76.9437,-12.1205],[-76.9438,-12.1203],[-76.9443,-12.1197],[-76.9449,-12.1192],[-76.9457,-12.1189],[-76.9462,-12.1188],[-76.9467,-12.1187],[-76.9472,-12.1184],[-76.9476,-12.118],[-76.9477,-12.1175]]]}},{"type":"Feature","properties":{"ubigeo":"150134","nombre":"San Luis"},"geometry":{"type":"Polygon","coordinates":[[[-76.9978,-12.0608],[-76.9983,-12.0606],[-76.9986,-12.0605],[-76.9989,-12.0605],[-76.9992,-12.0605],[-76.9995,-12.0606],[-76.9997,-12.0606],[-76.9999,-12.0606],[-76.9999,-12.0607],[-76.9999,-12.0609],[-77,-12.0614],[-77.0001,-12.0615],[-77.0004,-12.0616],[-77.0011,-12.0618],[-77.0015,-12.0618],[-77.0018,-12.0617],[-77.0018,-12.0618],[-77.0019,-12.0618],[-77.0021,-12.0618],[-77.0029,-12.0616],[-77.0032,-12.0626],[-77.0023,-12.0629],[-77.0021,-12.063],[-77.0012,-12.0633],[-77.0007,-12.0634],[-77.0004,-12.0635],[-76.9999,-12.0635],[-76.9995,-12.0642],[-76.9963,-12.0683],[-77.0025,-12.0719],[-77.003,-12.0721],[-77.0052,-12.0734],[-77.0056,-12.0736],[-77.0079,-12.0749],[-77.0089,-12.0756],[-77.0095,-12.0761],[-77.0097,-12.0763],[-77.0099,-12.0767],[-77.01,-12.0768],[-77.0101,-12.077],[-77.0103,-12.0779],[-77.0104,-12.0782],[-77.0101,-12.0789],[-77.0099,-12.0791],[-77.0095,-12.0795],[-77.0092,-12.0797],[-77.0089,-12.0799],[-77.0086,-12.08],[-77.0074,-12.0803],[-77.0067,-12.0805],[-77.006,-12.0808],[-77.0057,-12.081],[-77.0052,-12.0814],[-77.0048,-12.0818],[-77.0045,-12.0824],[-77.0043,-12.0828],[-77.0043,-12.0829],[-77.0042,-12.0834],[-77.0042,-12.0836],[-77.0041,-12.0841],[-76.9991,-12.0834],[-76.9986,-12.0832],[-76.9982,-12.083],[-76.9979,-12.0829],[-76.9973,-12.0825],[-76.9963,-12.0819],[-76.9958,-12.0816],[-76.9954,-12.0814],[-76.9935,-12.081],[-76.9934,-12.0817],[-76.993,-12.0814],[-76.9928,-12.0817],[-76.9898,-12.0818],[-76.9896,-12.0817],[-76.9873,-12.0799],[-76.9901,-12.0764],[-76.9908,-12.0754],[-76.991,-12.075],[-76.991,-12.0745],[-76.991,-12.0742],[-76.9908,-12.074],[-76.9907,-12.0738],[-76.9894,-12.0736],[-76.9879,-12.0737],[-76.9878,-12.0736],[-76.9876,-12.0735],[-76.9883,-12.0726],[-76.9888,-12.0714],[-76.988,-12.0682],[-76.987,-12.064],[-76.9876,-12.0641],[-76.9886,-12.0642],[-76.9898,-12.0644],[-76.9901,-12.0644],[-76.9902,-12.0644],[-76.9958,-12.0639],[-76.9981,-12.0637],[-76.9978,-12.0608]]]}},{"type":"Feature","properties":{"ubigeo":"150135","nombre":"San Martín de Porres"},"geometry":{"type":"Polygon","coordinates":[[[-77.0614,-12.0084],[-77.0636,-12.0088],[-77.0642,-12.0089],[-77.0648,-12.0091],[-77.0664,-12.0096],[-77.0673,-12.0099],[-77.0677,-12.01],[-77.0705,-12.011],[-77.0731,-12.0116],[-77.0749,-12.0118],[-77.0769,-12.0122],[-77.0797,-12.0128],[-77.0797,-12.0127],[-77.0815,-12.0093],[-77.082,-12.0083],[-77.082,-12.0081],[-77.0823,-12.0066],[-77.0837,-12.0012],[-77.084,-11.9999],[-77.0846,-11.9977],[-77.0847,-11.9968],[-77.0847,-11.9964],[-77.0841,-11.9948],[-77.084,-11.9944],[-77.0831,-11.9929],[-77.0825,-11.9918],[-77.0818,-11.9908],[-77.0814,-11.9899],[-77.0807,-11.9885],[-77.0801,-11.9873],[-77.0787,-11.9848],[-77.0786,-11.9842],[-77.0785,-11.9833],[-77.0858,-11.9826],[-77.0832,-11.9767],[-77.0843,-11.9764],[-77.0851,-11.9761],[-77.0852,-11.9761],[-77.0859,-11.9757],[-77.0878,-11.974],[-77.0853,-11.9711],[-77.0846,-11.9698],[-77.0845,-11.9697],[-77.0841,-11.9686],[-77.0839,-11.9679],[-77.0838,-11.9669],[-77.0837,-11.9651],[-77.0838,-11.9648],[-77.0842,-11.9621],[-77.0856,-11.9506],[-77.0858,-11.9487],[-77.0857,-11.9474],[-77.0856,-11.9463],[-77.0852,-11.945],[-77.085,-11.9441],[-77.0845,-11.9424],[-77.0839,-11.9403],[-77.0839,-11.9398],[-77.084,-11.9367],[-77.0844,-11.937],[-77.0852,-11.9378],[-77.0855,-11.9381],[-77.0862,-11.9393],[-77.0869,-11.9405],[-77.0874,-11.9411],[-77.0881,-11.9417],[-77.0889,-11.9424],[-77.0894,-11.9429],[-77.09,-11.9433],[-77.0907,-11.9439],[-77.0914,-11.9443],[-77.0922,-11.9447],[-77.0924,-11.9448],[-77.0932,-11.9453],[-77.0937,-11.9457],[-77.0939,-11.946],[-77.0942,-11.9464],[-77.0942,-11.9469],[-77.0943,-11.9476],[-77.0944,-11.948],[-77.0947,-11.9487],[-77.0948,-11.9488],[-77.0948,-11.9489],[-77.0949,-11.9491],[-77.095,-11.9494],[-77.0952,-11.9497],[-77.0956,-11.9497],[-77.0956,-11.9498],[-77.0961,-11.9499],[-77.0962,-11.9499],[-77.0967,-11.95],[-77.0968,-11.95],[-77.0973,-11.95],[-77.0982,-11.9499],[-77.0987,-11.9498],[-77.099,-11.9497],[-77.0994,-11.9497],[-77.0997,-11.9497],[-77.0999,-11.9497],[-77.1001,-11.9497],[-77.1005,-11.9496],[-77.1009,-11.9495],[-77.1013,-11.9495],[-77.1016,-11.9494],[-77.1024,-11.9493],[-77.103,-11.9492],[-77.1037,-11.9492],[-77.1042,-11.9491],[-77.1046,-11.949],[-77.1053,-11.9489],[-77.1062,-11.9487],[-77.107,-11.9485],[-77.1076,-11.9483],[-77.108,-11.9481],[-77.1086,-11.9478],[-77.109,-11.9476],[-77.1094,-11.9473],[-77.1099,-11.9472],[-77.1104,-11.947],[-77.1108,-11.9468],[-77.1112,-11.9467],[-77.1118,-11.9466],[-77.1129,-11.9464],[-77.1136,-11.9461],[-77.1141,-11.946],[-77.1144,-11.946],[-77.1147,-11.9462],[-77.1149,-11.9462],[-77.115,-11.9462],[-77.1154,-11.9463],[-77.1156,-11.9463],[-77.1159,-11.9461],[-77.1163,-11.9459],[-77.1164,-11.9458],[-77.1166,-11.9458],[-77.1167,-11.9458],[-77.1168,-11.9457],[-77.1169,-11.9457],[-77.117,-11.9456],[-77.1171,-11.9455],[-77.1171,-11.9454],[-77.1173,-11.9453],[-77.1175,-11.9453],[-77.1177,-11.9453],[-77.118,-11.9453],[-77.1182,-11.9453],[-77.1185,-11.9452],[-77.1187,-11.9451],[-77.1189,-11.945],[-77.119,-11.9449],[-77.1191,-11.9449],[-77.1192,-11.9448],[-77.1193,-11.9448],[-77.1195,-11.9449],[-77.1196,-11.9449],[-77.1198,-11.9449],[-77.1199,-11.9449],[-77.1201,-11.9449],[-77.1203,-11.945],[-77.1205,-11.9451],[-77.1206,-11.9451],[-77.1207,-11.9451],[-77.1208,-11.945],[-77.1209,-11.9448],[-77.1209,-11.9446],[-77.121,-11.9445],[-77.1211,-11.9444],[-77.1213,-11.9443],[-77.1215,-11.9441],[-77.1218,-11.9439],[-77.1219,-11.9437],[-77.1221,-11.9435],[-77.1223,-11.9435],[-77.1226,-11.9435],[-77.1227,-11.9435],[-77.1229,-11.9434],[-77.1229,-11.9433],[-77.123,-11.9431],[-77.1231,-11.9429],[-77.1232,-11.9427],[-77.1233,-11.9425],[-77.1235,-11.9424],[-77.1236,-11.9423],[-77.1237,-11.9422],[-77.1238,-11.9421],[-77.1239,-11.942],[-77.1239,-11.9418],[-77.1239,-11.9417],[-77.1239,-11.9416],[-77.1239,-11.9415],[-77.124,-11.9414],[-77.1241,-11.9413],[-77.1242,-11.9412],[-77.1243,-11.9412],[-77.1243,-11.9411],[-77.1244,-11.9409],[-77.1244,-11.9407],[-77.1245,-11.9404],[-77.1246,-11.9402],[-77.1246,-11.94],[-77.1246,-11.9398],[-77.1247,-11.9397],[-77.1248,-11.9395],[-77.1249,-11.9394],[-77.125,-11.9393],[-77.1253,-11.9393],[-77.1256,-11.9393],[-77.1259,-11.9393],[-77.1261,-11.9393],[-77.1263,-11.9393],[-77.1265,-11.9393],[-77.1267,-11.9392],[-77.1269,-11.9392],[-77.127,-11.9391],[-77.1272,-11.9389],[-77.1274,-11.9388],[-77.1276,-11.9387],[-77.1277,-11.9385],[-77.1279,-11.9384],[-77.1279,-11.9383],[-77.1281,-11.9381],[-77.1282,-11.938],[-77.1284,-11.9378],[-77.1284,-11.9377],[-77.1287,-11.9375],[-77.1285,-11.9393],[-77.1275,-11.9424],[-77.1265,-11.9437],[-77.124,-11.946],[-77.1233,-11.9472],[-77.1229,-11.9483],[-77.1222,-11.949],[-77.1211,-11.9497],[-77.1206,-11.9505],[-77.1204,-11.9515],[-77.1202,-11.953],[-77.12,-11.9537],[-77.1199,-11.9541],[-77.1194,-11.9549],[-77.1183,-11.956],[-77.1178,-11.9566],[-77.1175,-11.957],[-77.1174,-11.9577],[-77.1177,-11.9588],[-77.1178,-11.9589],[-77.118,-11.9604],[-77.118,-11.9618],[-77.1179,-11.9622],[-77.1178,-11.9624],[-77.1175,-11.9643],[-77.1168,-11.9655],[-77.1165,-11.9665],[-77.1166,-11.9673],[-77.1168,-11.9686],[-77.1171,-11.9695],[-77.1175,-11.9701],[-77.1177,-11.9705],[-77.1175,-11.9709],[-77.1169,-11.9712],[-77.1165,-11.9712],[-77.1162,-11.9712],[-77.1157,-11.9715],[-77.1148,-11.9722],[-77.1146,-11.9723],[-77.1139,-11.9725],[-77.1132,-11.9729],[-77.1127,-11.9732],[-77.1122,-11.9735],[-77.112,-11.9738],[-77.1118,-11.9742],[-77.1111,-11.9748],[-77.1107,-11.9754],[-77.1111,-11.9761],[-77.1112,-11.9764],[-77.1113,-11.9773],[-77.1118,-11.9776],[-77.1124,-11.9787],[-77.1127,-11.9795],[-77.1126,-11.9796],[-77.1126,-11.9802],[-77.1123,-11.9813],[-77.1123,-11.982],[-77.1128,-11.9828],[-77.1133,-11.9833],[-77.1139,-11.9841],[-77.1147,-11.9851],[-77.1152,-11.9861],[-77.1156,-11.9869],[-77.1157,-11.9872],[-77.1158,-11.9876],[-77.1162,-11.9885],[-77.1164,-11.989],[-77.1166,-11.9899],[-77.1171,-11.9905],[-77.1174,-11.9909],[-77.1179,-11.9912],[-77.1181,-11.9914],[-77.1182,-11.9914],[-77.1183,-11.9915],[-77.1184,-11.9918],[-77.1184,-11.9922],[-77.1184,-11.9925],[-77.1184,-11.9928],[-77.1183,-11.9932],[-77.1181,-11.9939],[-77.1179,-11.9943],[-77.1177,-11.9946],[-77.1174,-11.9949],[-77.1173,-11.995],[-77.1172,-11.995],[-77.1162,-11.9956],[-77.115,-11.9962],[-77.1141,-11.9967],[-77.1133,-11.997],[-77.113,-11.997],[-77.1128,-11.9969],[-77.1125,-11.9967],[-77.1111,-11.995],[-77.1104,-11.9943],[-77.1102,-11.9942],[-77.1095,-11.9949],[-77.107,-11.9994],[-77.1044,-12.0002],[-77.1038,-11.9985],[-77.1036,-11.9979],[-77.1034,-11.9978],[-77.1033,-11.9978],[-77.1031,-11.9981],[-77.1031,-11.9982],[-77.1028,-11.999],[-77.1025,-11.9996],[-77.1003,-12.0039],[-77.1001,-12.0042],[-77.0997,-12.0041],[-77.0994,-12.0042],[-77.0985,-12.0045],[-77.0982,-12.0045],[-77.0982,-12.0049],[-77.0983,-12.0051],[-77.0977,-12.0058],[-77.0962,-12.0052],[-77.0959,-12.005],[-77.0955,-12.0048],[-77.0953,-12.0048],[-77.095,-12.0053],[-77.0948,-12.0059],[-77.0947,-12.006],[-77.0946,-12.006],[-77.0943,-12.0059],[-77.0942,-12.0059],[-77.0941,-12.006],[-77.094,-12.0062],[-77.094,-12.0063],[-77.0941,-12.0063],[-77.0942,-12.0064],[-77.0944,-12.0065],[-77.0945,-12.0065],[-77.0944,-12.0067],[-77.0943,-12.007],[-77.0939,-12.0078],[-77.0939,-12.008],[-77.0942,-12.0081],[-77.0942,-12.0083],[-77.0941,-12.0085],[-77.0941,-12.0086],[-77.0942,-12.0087],[-77.0935,-12.01],[-77.0928,-12.0096],[-77.0921,-12.0095],[-77.0917,-12.0095],[-77.0916,-12.0095],[-77.0916,-12.0097],[-77.0916,-12.0102],[-77.0912,-12.0111],[-77.0908,-12.0118],[-77.0901,-12.0115],[-77.0896,-12.0117],[-77.0891,-12.0122],[-77.0876,-12.0145],[-77.0873,-12.0156],[-77.0873,-12.0158],[-77.0873,-12.0159],[-77.0874,-12.016],[-77.0878,-12.0161],[-77.0879,-12.0162],[-77.0898,-12.0194],[-77.0914,-12.0227],[-77.0907,-12.0231],[-77.0915,-12.0247],[-77.0926,-12.0268],[-77.0932,-12.0283],[-77.094,-12.03],[-77.0944,-12.03],[-77.0962,-12.0337],[-77.095,-12.0343],[-77.0951,-12.0366],[-77.0935,-12.0363],[-77.0936,-12.0375],[-77.0935,-12.0384],[-77.0928,-12.0383],[-77.0918,-12.0381],[-77.0908,-12.0379],[-77.0897,-12.0377],[-77.0888,-12.0375],[-77.0881,-12.0373],[-77.0875,-12.0373],[-77.0867,-12.0371],[-77.0856,-12.0369],[-77.0849,-12.0368],[-77.0842,-12.0367],[-77.0836,-12.0365],[-77.0829,-12.0364],[-77.0827,-12.0364],[-77.0821,-12.0362],[-77.0817,-12.0362],[-77.0812,-12.0361],[-77.0807,-12.0359],[-77.0802,-12.0357],[-77.0797,-12.0356],[-77.0791,-12.0355],[-77.0786,-12.0355],[-77.0781,-12.0354],[-77.0778,-12.0354],[-77.0774,-12.0353],[-77.0768,-12.0351],[-77.0759,-12.035],[-77.0755,-12.0349],[-77.0749,-12.0349],[-77.0745,-12.0348],[-77.074,-12.0348],[-77.0733,-12.0346],[-77.0725,-12.0345],[-77.0721,-12.0344],[-77.0715,-12.0343],[-77.071,-12.0343],[-77.0704,-12.0343],[-77.0698,-12.0343],[-77.0689,-12.0346],[-77.0682,-12.0348],[-77.0673,-12.0348],[-77.0668,-12.0348],[-77.0662,-12.0349],[-77.0657,-12.035],[-77.0651,-12.035],[-77.0646,-12.0351],[-77.0642,-12.0351],[-77.0637,-12.0352],[-77.0631,-12.0352],[-77.0627,-12.0353],[-77.0625,-12.0353],[-77.0622,-12.0353],[-77.0618,-12.0354],[-77.0614,-12.0354],[-77.0608,-12.0356],[-77.0603,-12.0357],[-77.0599,-12.0357],[-77.0595,-12.0359],[-77.059,-12.036],[-77.0586,-12.0361],[-77.0582,-12.0361],[-77.0578,-12.0362],[-77.0575,-12.0363],[-77.0572,-12.0364],[-77.0569,-12.0365],[-77.0567,-12.0365],[-77.0563,-12.0365],[-77.056,-12.0364],[-77.0556,-12.0364],[-77.0552,-12.0364],[-77.055,-12.0364],[-77.0546,-12.0365],[-77.0542,-12.0366],[-77.0535,-12.0368],[-77.0532,-12.0368],[-77.0529,-12.0368],[-77.0526,-12.0368],[-77.0523,-12.0367],[-77.0522,-12.0367],[-77.0516,-12.0364],[-77.0514,-12.0363],[-77.0512,-12.0362],[-77.0511,-12.0362],[-77.0509,-12.0361],[-77.0506,-12.0361],[-77.0503,-12.036],[-77.05,-12.0359],[-77.0499,-12.0359],[-77.0487,-12.0357],[-77.0486,-12.0357],[-77.0484,-12.0357],[-77.0482,-12.0357],[-77.048,-12.0358],[-77.0479,-12.0359],[-77.0477,-12.036],[-77.0475,-12.0362],[-77.0474,-12.0363],[-77.0473,-12.0364],[-77.0472,-12.0366],[-77.0471,-12.0367],[-77.0469,-12.0369],[-77.0468,-12.037],[-77.0467,-12.0372],[-77.0466,-12.0374],[-77.0464,-12.0376],[-77.0462,-12.0378],[-77.0461,-12.038],[-77.0458,-12.0385],[-77.0454,-12.0388],[-77.0451,-12.0388],[-77.0449,-12.0389],[-77.0445,-12.0388],[-77.0442,-12.0388],[-77.044,-12.0388],[-77.0437,-12.0388],[-77.0435,-12.0389],[-77.0435,-12.0388],[-77.0435,-12.0383],[-77.0435,-12.038],[-77.0435,-12.0377],[-77.0436,-12.0375],[-77.0436,-12.0374],[-77.0436,-12.0373],[-77.0437,-12.0371],[-77.0438,-12.037],[-77.044,-12.0369],[-77.0441,-12.0362],[-77.0439,-12.0358],[-77.0438,-12.0346],[-77.0439,-12.0339],[-77.0439,-12.0331],[-77.044,-12.0311],[-77.0442,-12.0294],[-77.0443,-12.0287],[-77.0443,-12.0286],[-77.0444,-12.0284],[-77.0444,-12.0283],[-77.0471,-12.0259],[-77.0501,-12.0231],[-77.0502,-12.0229],[-77.0505,-12.0225],[-77.0507,-12.0218],[-77.0508,-12.0211],[-77.051,-12.0203],[-77.0513,-12.0184],[-77.0513,-12.018],[-77.0515,-12.0172],[-77.0524,-12.0137],[-77.053,-12.011],[-77.0532,-12.01],[-77.0536,-12.0081],[-77.0537,-12.0075],[-77.0575,-12.008],[-77.0594,-12.0082],[-77.0614,-12.0084]]]}},{"type":"Feature","properties":{"ubigeo":"150136","nombre":"San Miguel"},"geometry":{"type":"Polygon","coordinates":[[[-77.0777,-12.0685],[-77.0777,-12.0682],[-77.0778,-12.0669],[-77.0778,-12.0662],[-77.0779,-12.0653],[-77.0782,-12.0641],[-77.0786,-12.0623],[-77.0789,-12.0609],[-77.079,-12.0601],[-77.0791,-12.0601],[-77.0796,-12.0602],[-77.0818,-12.0608],[-77.0827,-12.0609],[-77.083,-12.061],[-77.0857,-12.0613],[-77.0865,-12.0614],[-77.0873,-12.0615],[-77.0882,-12.0617],[-77.097,-12.0625],[-77.0979,-12.0627],[-77.1009,-12.0631],[-77.1032,-12.0633],[-77.1041,-12.0634],[-77.1044,-12.0634],[-77.1046,-12.0634],[-77.1043,-12.0647],[-77.1041,-12.0658],[-77.104,-12.0668],[-77.104,-12.0676],[-77.1041,-12.0688],[-77.1044,-12.0702],[-77.1049,-12.072],[-77.105,-12.0719],[-77.106,-12.0742],[-77.1076,-12.0736],[-77.1092,-12.0764],[-77.1093,-12.0763],[-77.11,-12.0775],[-77.1105,-12.0772],[-77.1109,-12.0784],[-77.1115,-12.0794],[-77.1115,-12.0795],[-77.1114,-12.0795],[-77.1113,-12.0796],[-77.1112,-12.0797],[-77.1111,-12.0797],[-77.111,-12.0798],[-77.1109,-12.0798],[-77.1107,-12.0799],[-77.1103,-12.0801],[-77.1101,-12.0802],[-77.1099,-12.0804],[-77.1096,-12.0805],[-77.1095,-12.0806],[-77.1092,-12.0807],[-77.109,-12.0808],[-77.1087,-12.0809],[-77.1084,-12.081],[-77.1083,-12.0811],[-77.1082,-12.0811],[-77.1081,-12.0812],[-77.108,-12.0813],[-77.1079,-12.0813],[-77.1078,-12.0813],[-77.1077,-12.0813],[-77.1076,-12.0814],[-77.1075,-12.0814],[-77.1074,-12.0815],[-77.1073,-12.0815],[-77.1072,-12.0815],[-77.1072,-12.0816],[-77.1071,-12.0816],[-77.107,-12.0817],[-77.1069,-12.0817],[-77.1069,-12.0818],[-77.1068,-12.0818],[-77.1067,-12.0818],[-77.1067,-12.0819],[-77.1066,-12.0819],[-77.1065,-12.0819],[-77.1064,-12.082],[-77.1063,-12.082],[-77.1062,-12.0821],[-77.106,-12.0822],[-77.1058,-12.0823],[-77.1057,-12.0823],[-77.1056,-12.0823],[-77.1055,-12.0823],[-77.1054,-12.0823],[-77.1053,-12.0824],[-77.1053,-12.0825],[-77.1052,-12.0826],[-77.1051,-12.0826],[-77.105,-12.0827],[-77.1048,-12.0828],[-77.1047,-12.0829],[-77.1045,-12.0829],[-77.1044,-12.083],[-77.1043,-12.0831],[-77.1041,-12.0832],[-77.1039,-12.0833],[-77.1036,-12.0834],[-77.1032,-12.0836],[-77.1031,-12.0836],[-77.1027,-12.0838],[-77.1025,-12.0838],[-77.1024,-12.0839],[-77.1022,-12.0839],[-77.1021,-12.084],[-77.1018,-12.0841],[-77.1017,-12.0841],[-77.1015,-12.0841],[-77.1014,-12.0842],[-77.1013,-12.0842],[-77.1012,-12.0842],[-77.101,-12.0842],[-77.1009,-12.0843],[-77.1007,-12.0843],[-77.1005,-12.0844],[-77.1002,-12.0845],[-77.1001,-12.0846],[-77.0999,-12.0847],[-77.0998,-12.0847],[-77.0995,-12.0849],[-77.0992,-12.085],[-77.0991,-12.0851],[-77.0988,-12.0852],[-77.0986,-12.0854],[-77.0982,-12.0855],[-77.0979,-12.0856],[-77.0977,-12.0857],[-77.0975,-12.0858],[-77.0974,-12.0858],[-77.0972,-12.0859],[-77.0971,-12.0859],[-77.0969,-12.086],[-77.0967,-12.0861],[-77.0964,-12.0862],[-77.0961,-12.0864],[-77.0958,-12.0865],[-77.0957,-12.0866],[-77.0955,-12.0867],[-77.0954,-12.0867],[-77.0953,-12.0868],[-77.0952,-12.0869],[-77.095,-12.0869],[-77.0949,-12.087],[-77.0948,-12.0871],[-77.0947,-12.0871],[-77.0946,-12.0872],[-77.0943,-12.0873],[-77.0942,-12.0874],[-77.094,-12.0875],[-77.0938,-12.0875],[-77.0935,-12.0876],[-77.0933,-12.0877],[-77.0931,-12.0878],[-77.093,-12.0879],[-77.0929,-12.0879],[-77.0927,-12.088],[-77.0925,-12.0881],[-77.0922,-12.0882],[-77.0921,-12.0883],[-77.092,-12.0883],[-77.0918,-12.0884],[-77.0917,-12.0885],[-77.0915,-12.0886],[-77.0914,-12.0886],[-77.0913,-12.0887],[-77.0912,-12.0888],[-77.091,-12.0888],[-77.091,-12.0889],[-77.0909,-12.0889],[-77.0908,-12.0889],[-77.0907,-12.089],[-77.0904,-12.0891],[-77.0902,-12.0892],[-77.09,-12.0893],[-77.0898,-12.0894],[-77.0896,-12.0894],[-77.0894,-12.0895],[-77.0893,-12.0896],[-77.0891,-12.0896],[-77.089,-12.0897],[-77.0888,-12.0898],[-77.0886,-12.0899],[-77.0885,-12.0899],[-77.0884,-12.09],[-77.0881,-12.0901],[-77.088,-12.0902],[-77.0879,-12.0902],[-77.0877,-12.0903],[-77.0875,-12.0904],[-77.0873,-12.0905],[-77.0872,-12.0906],[-77.0871,-12.0906],[-77.087,-12.0907],[-77.0869,-12.0908],[-77.0868,-12.0909],[-77.0867,-12.091],[-77.087,-12.0914],[-77.0869,-12.0915],[-77.0867,-12.0912],[-77.0865,-12.0912],[-77.0864,-12.0913],[-77.0863,-12.0913],[-77.0861,-12.0914],[-77.086,-12.0914],[-77.0859,-12.0915],[-77.0858,-12.0915],[-77.0856,-12.0916],[-77.0855,-12.0917],[-77.0853,-12.0918],[-77.0851,-12.0919],[-77.085,-12.0919],[-77.0848,-12.092],[-77.0847,-12.092],[-77.0846,-12.0921],[-77.0845,-12.0922],[-77.0844,-12.0922],[-77.0841,-12.0923],[-77.084,-12.0924],[-77.0839,-12.0925],[-77.0837,-12.0925],[-77.0836,-12.0926],[-77.0835,-12.0926],[-77.0833,-12.0927],[-77.0833,-12.0928],[-77.0831,-12.0928],[-77.0829,-12.0929],[-77.0828,-12.093],[-77.0826,-12.093],[-77.0825,-12.0931],[-77.0824,-12.0932],[-77.0823,-12.0932],[-77.0822,-12.0933],[-77.0819,-12.0934],[-77.0817,-12.0936],[-77.0816,-12.0936],[-77.0815,-12.0937],[-77.0814,-12.0937],[-77.0813,-12.0938],[-77.0812,-12.0938],[-77.0811,-12.0939],[-77.081,-12.0939],[-77.0809,-12.094],[-77.0808,-12.094],[-77.0807,-12.0941],[-77.0806,-12.0942],[-77.0809,-12.0947],[-77.0809,-12.0948],[-77.0805,-12.0942],[-77.0803,-12.0943],[-77.0802,-12.0944],[-77.08,-12.0945],[-77.0797,-12.0946],[-77.0795,-12.0947],[-77.0793,-12.0948],[-77.0791,-12.0949],[-77.0789,-12.095],[-77.0787,-12.0951],[-77.0786,-12.0951],[-77.0785,-12.0952],[-77.0784,-12.0952],[-77.0783,-12.0953],[-77.0782,-12.0953],[-77.0782,-12.0954],[-77.078,-12.0954],[-77.0779,-12.0955],[-77.0778,-12.0955],[-77.0777,-12.0955],[-77.0777,-12.0956],[-77.0775,-12.095],[-77.0762,-12.0915],[-77.0751,-12.0886],[-77.0741,-12.0889],[-77.0737,-12.088],[-77.0749,-12.0875],[-77.0739,-12.0857],[-77.0735,-12.0858],[-77.0723,-12.0838],[-77.0722,-12.0838],[-77.0721,-12.0836],[-77.0714,-12.0816],[-77.0756,-12.0801],[-77.08,-12.0785],[-77.0807,-12.0784],[-77.081,-12.0783],[-77.081,-12.0775],[-77.0809,-12.0771],[-77.0808,-12.0769],[-77.0806,-12.0764],[-77.0802,-12.0756],[-77.0798,-12.075],[-77.0796,-12.0748],[-77.0791,-12.0743],[-77.0787,-12.0738],[-77.0786,-12.0735],[-77.0784,-12.0731],[-77.0784,-12.0729],[-77.0783,-12.072],[-77.0783,-12.0717],[-77.0779,-12.0703],[-77.0777,-12.0685]]]}},{"type":"Feature","properties":{"ubigeo":"150137","nombre":"Santa Anita"},"geometry":{"type":"Polygon","coordinates":[[[-76.9734,-12.0585],[-76.9722,-12.058],[-76.9676,-12.0561],[-76.961,-12.0532],[-76.956,-12.051],[-76.9523,-12.0495],[-76.938,-12.0438],[-76.9398,-12.0391],[-76.94,-12.0386],[-76.9429,-12.0324],[-76.9431,-12.0309],[-76.9425,-12.0307],[-76.9428,-12.0295],[-76.9428,-12.0283],[-76.9433,-12.0282],[-76.9435,-12.0281],[-76.9437,-12.028],[-76.9438,-12.0278],[-76.944,-12.0275],[-76.9458,-12.0278],[-76.9482,-12.0282],[-76.9552,-12.0293],[-76.9554,-12.0294],[-76.9569,-12.0295],[-76.9588,-12.0299],[-76.9624,-12.0312],[-76.9635,-12.0317],[-76.9644,-12.0324],[-76.9655,-12.0333],[-76.9687,-12.0357],[-76.9732,-12.0392],[-76.9742,-12.0399],[-76.9751,-12.0402],[-76.9762,-12.0405],[-76.9774,-12.0405],[-76.9783,-12.0403],[-76.979,-12.0406],[-76.9798,-12.0406],[-76.981,-12.0405],[-76.9819,-12.0404],[-76.9824,-12.0403],[-76.9832,-12.0401],[-76.9845,-12.0396],[-76.9851,-12.0399],[-76.9861,-12.0398],[-76.9867,-12.0397],[-76.9874,-12.0396],[-76.988,-12.0396],[-76.9884,-12.0397],[-76.9881,-12.0404],[-76.988,-12.0406],[-76.9875,-12.0415],[-76.9864,-12.0426],[-76.986,-12.0429],[-76.9854,-12.0436],[-76.985,-12.0438],[-76.9845,-12.0442],[-76.9857,-12.047],[-76.9859,-12.0472],[-76.986,-12.0473],[-76.9864,-12.0474],[-76.9869,-12.0476],[-76.9873,-12.0478],[-76.9879,-12.048],[-76.9886,-12.0484],[-76.989,-12.0487],[-76.9897,-12.0496],[-76.9898,-12.0508],[-76.9897,-12.0521],[-76.989,-12.0532],[-76.9881,-12.0542],[-76.9872,-12.0551],[-76.9862,-12.0558],[-76.9852,-12.0561],[-76.984,-12.0561],[-76.9832,-12.056],[-76.9827,-12.0559],[-76.9809,-12.0552],[-76.978,-12.055],[-76.9755,-12.0539],[-76.9748,-12.0552],[-76.974,-12.0571],[-76.9736,-12.0581],[-76.9734,-12.0585]]]}},{"type":"Feature","properties":{"ubigeo":"150138","nombre":"Santa María del Mar"},"geometry":{"type":"MultiPolygon","coordinates":[[[[-76.7569,-12.4015],[-76.7572,-12.4002],[-76.7576,-12.3997],[-76.7586,-12.3985],[-76.7604,-12.3968],[-76.7652,-12.3924],[-76.7667,-12.3909],[-76.7708,-12.3872],[-76.7747,-12.3926],[-76.775,-12.3931],[-76.7748,-12.3939],[-76.7747,-12.3945],[-76.775,-12.3954],[-76.7759,-12.3977],[-76.776,-12.398],[-76.7761,-12.3982],[-76.7762,-12.3983],[-76.7762,-12.3984],[-76.7767,-12.3982],[-76.7766,-12.398],[-76.7767,-12.398],[-76.7768,-12.398],[-76.7776,-12.3988],[-76.7779,-12.3987],[-76.7781,-12.3986],[-76.7783,-12.3986],[-76.7785,-12.3985],[-76.7787,-12.3985],[-76.7789,-12.3986],[-76.779,-12.3987],[-76.7791,-12.3992],[-76.7791,-12.3997],[-76.7791,-12.4004],[-76.779,-12.4006],[-76.779,-12.4007],[-76.7788,-12.4005],[-76.7787,-12.4003],[-76.7785,-12.4001],[-76.7785,-12.3999],[-76.7783,-12.3999],[-76.7781,-12.4],[-76.778,-12.4002],[-76.7779,-12.4002],[-76.7777,-12.4004],[-76.7774,-12.4007],[-76.7772,-12.401],[-76.7771,-12.4013],[-76.7769,-12.4016],[-76.7764,-12.4027],[-76.7763,-12.4031],[-76.7761,-12.4035],[-76.7762,-12.4037],[-76.7761,-12.4038],[-76.776,-12.4038],[-76.7758,-12.404],[-76.7758,-12.4041],[-76.7757,-12.4044],[-76.7757,-12.4045],[-76.7757,-12.4048],[-76.7758,-12.405],[-76.7758,-12.4052],[-76.7758,-12.4053],[-76.7759,-12.4053],[-76.7761,-12.4054],[-76.7761,-12.4055],[-76.7762,-12.4056],[-76.7763,-12.4058],[-76.7764,-12.4059],[-76.7765,-12.4059],[-76.7766,-12.4059],[-76.7767,-12.4059],[-76.7768,-12.4059],[-76.7769,-12.4058],[-76.777,-12.4057],[-76.7771,-12.4059],[-76.7771,-12.4061],[-76.7771,-12.4062],[-76.7771,-12.4063],[-76.7769,-12.4065],[-76.7767,-12.4067],[-76.7765,-12.4067],[-76.7763,-12.4068],[-76.7762,-12.4069],[-76.7763,-12.407],[-76.7764,-12.4071],[-76.7765,-12.4071],[-76.7764,-12.4072],[-76.7762,-12.4074],[-76.7761,-12.4076],[-76.776,-12.4079],[-76.776,-12.4081],[-76.7761,-12.4082],[-76.7763,-12.4082],[-76.7763,-12.4083],[-76.7764,-12.4084],[-76.7764,-12.4085],[-76.7766,-12.4087],[-76.7767,-12.4088],[-76.7768,-12.409],[-76.7768,-12.4092],[-76.7768,-12.4094],[-76.7769,-12.4094],[-76.7771,-12.4093],[-76.7772,-12.4093],[-76.7772,-12.4095],[-76.7771,-12.4097],[-76.777,-12.4099],[-76.777,-12.41],[-76.7771,-12.4102],[-76.7772,-12.4103],[-76.7772,-12.4104],[-76.7771,-12.4106],[-76.7772,-12.4107],[-76.7773,-12.4109],[-76.7774,-12.4109],[-76.7775,-12.4112],[-76.7777,-12.4115],[-76.7779,-12.4116],[-76.7781,-12.4117],[-76.7783,-12.4118],[-76.7787,-12.4119],[-76.7789,-12.4119],[-76.7791,-12.4119],[-76.7793,-12.4118],[-76.7795,-12.4118],[-76.7795,-12.4117],[-76.7798,-12.4114],[-76.7798,-12.4112],[-76.78,-12.4113],[-76.7801,-12.4112],[-76.7802,-12.411],[-76.7802,-12.4109],[-76.7801,-12.4107],[-76.78,-12.4106],[-76.7797,-12.4103],[-76.7796,-12.4103],[-76.7798,-12.4102],[-76.7798,-12.4103],[-76.78,-12.4104],[-76.7801,-12.4104],[-76.7802,-12.4105],[-76.7803,-12.4105],[-76.7805,-12.4104],[-76.7807,-12.4102],[-76.7807,-12.4101],[-76.7808,-12.4099],[-76.7809,-12.4097],[-76.7809,-12.4096],[-76.781,-12.4095],[-76.7811,-12.4094],[-76.7812,-12.4094],[-76.7813,-12.4095],[-76.7814,-12.4095],[-76.7816,-12.4097],[-76.7816,-12.4098],[-76.7816,-12.4099],[-76.7816,-12.4101],[-76.7815,-12.4102],[-76.7816,-12.4104],[-76.7815,-12.4105],[-76.7814,-12.4106],[-76.7813,-12.4107],[-76.7812,-12.4108],[-76.7812,-12.4109],[-76.7812,-12.411],[-76.7812,-12.4112],[-76.7812,-12.4113],[-76.7809,-12.4113],[-76.7808,-12.4113],[-76.7808,-12.4114],[-76.7811,-12.4114],[-76.7812,-12.4115],[-76.7814,-12.4116],[-76.7815,-12.4116],[-76.7815,-12.4117],[-76.7815,-12.4118],[-76.7814,-12.4118],[-76.7813,-12.4118],[-76.7812,-12.4118],[-76.7811,-12.4119],[-76.781,-12.4118],[-76.7808,-12.4117],[-76.7808,-12.4116],[-76.7806,-12.4116],[-76.7807,-12.4117],[-76.7808,-12.4118],[-76.7809,-12.4119],[-76.7811,-12.4121],[-76.7811,-12.4123],[-76.7811,-12.4124],[-76.781,-12.4124],[-76.7809,-12.4124],[-76.7807,-12.4129],[-76.7808,-12.413],[-76.7808,-12.4132],[-76.7807,-12.4132],[-76.7807,-12.4133],[-76.7808,-12.4133],[-76.7809,-12.4135],[-76.7808,-12.4136],[-76.7809,-12.4137],[-76.781,-12.4137],[-76.7811,-12.4137],[-76.7812,-12.4138],[-76.7813,-12.414],[-76.7814,-12.4143],[-76.7815,-12.4145],[-76.7815,-12.4146],[-76.7814,-12.4146],[-76.7813,-12.4146],[-76.7813,-12.4147],[-76.7813,-12.4148],[-76.7815,-12.4148],[-76.7816,-12.4148],[-76.7816,-12.4149],[-76.7816,-12.415],[-76.7814,-12.415],[-76.7813,-12.415],[-76.7811,-12.415],[-76.7811,-12.4151],[-76.7812,-12.4152],[-76.7813,-12.4153],[-76.7813,-12.4155],[-76.7812,-12.4156],[-76.7812,-12.4157],[-76.7811,-12.4159],[-76.7811,-12.416],[-76.7811,-12.4161],[-76.7811,-12.4162],[-76.7811,-12.4163],[-76.781,-12.4164],[-76.7809,-12.4164],[-76.7808,-12.4164],[-76.7808,-12.4165],[-76.7808,-12.4167],[-76.7807,-12.4168],[-76.7806,-12.4169],[-76.7805,-12.4169],[-76.7801,-12.417],[-76.7801,-12.4171],[-76.7788,-12.4185],[-76.7785,-12.4194],[-76.7777,-12.4211],[-76.7768,-12.423],[-76.776,-12.4244],[-76.7745,-12.4253],[-76.7737,-12.4255],[-76.7733,-12.4256],[-76.7723,-12.4253],[-76.7722,-12.424],[-76.7718,-12.4226],[-76.7712,-12.4216],[-76.7706,-12.4209],[-76.7695,-12.4208],[-76.7675,-12.4206],[-76.7667,-12.4206],[-76.7658,-12.4201],[-76.7644,-12.4194],[-76.7634,-12.4192],[-76.7627,-12.4192],[-76.7619,-12.4201],[-76.7616,-12.4209],[-76.7615,-12.4215],[-76.7611,-12.4223],[-76.7601,-12.4232],[-76.758,-12.4239],[-76.7567,-12.4246],[-76.7559,-12.4264],[-76.7549,-12.428],[-76.7533,-12.4289],[-76.7533,-12.4287],[-76.7534,-12.4284],[-76.7539,-12.4251],[-76.7548,-12.4199],[-76.7554,-12.4165],[-76.7565,-12.41],[-76.7568,-12.4018],[-76.7569,-12.4015]]],[[[-76.7812,-12.4092],[-76.7811,-12.4091],[-76.7812,-12.4091],[-76.7813,-12.409],[-76.7814,-12.409],[-76.7815,-12.409],[-76.7816,-12.409],[-76.7818,-12.4091],[-76.7818,-12.4092],[-76.7817,-12.4092],[-76.7816,-12.4092],[-76.7814,-12.4092],[-76.7812,-12.4092]]]]}},{"type":"Feature","properties":{"ubigeo":"150139","nombre":"Santa Rosa"},"geometry":{"type":"Polygon","coordinates":[[[-77.1471,-11.8193],[-77.1462,-11.8171],[-77.1393,-11.8002],[-77.1393,-11.8001],[-77.1406,-11.7989],[-77.1435,-11.7959],[-77.1524,-11.7872],[-77.1586,-11.7813],[-77.1855,-11.7889],[-77.1854,-11.7891],[-77.1853,-11.7892],[-77.1851,-11.7893],[-77.185,-11.7895],[-77.1848,-11.7896],[-77.1847,-11.7897],[-77.1846,-11.7897],[-77.1844,-11.7899],[-77.1843,-11.79],[-77.1842,-11.7901],[-77.184,-11.7904],[-77.184,-11.7905],[-77.1839,-11.7906],[-77.1839,-11.7907],[-77.1838,-11.7909],[-77.1837,-11.791],[-77.1836,-11.7912],[-77.1835,-11.7913],[-77.1834,-11.7915],[-77.1833,-11.7915],[-77.1833,-11.7917],[-77.1832,-11.7918],[-77.183,-11.792],[-77.1829,-11.7922],[-77.1828,-11.7923],[-77.1827,-11.7924],[-77.1826,-11.7925],[-77.1825,-11.7928],[-77.1824,-11.793],[-77.1823,-11.7932],[-77.1822,-11.7933],[-77.1821,-11.7935],[-77.182,-11.7936],[-77.1819,-11.7939],[-77.1818,-11.7941],[-77.1817,-11.7942],[-77.1817,-11.7944],[-77.1816,-11.7945],[-77.1816,-11.7946],[-77.1816,-11.7947],[-77.1816,-11.7948],[-77.1815,-11.795],[-77.1815,-11.7951],[-77.1814,-11.7952],[-77.1814,-11.7953],[-77.1813,-11.7954],[-77.1813,-11.7956],[-77.1812,-11.7959],[-77.1811,-11.7961],[-77.1811,-11.7963],[-77.181,-11.7965],[-77.181,-11.7966],[-77.1809,-11.7967],[-77.1809,-11.7968],[-77.1809,-11.7969],[-77.1809,-11.7971],[-77.1809,-11.7972],[-77.181,-11.7973],[-77.1811,-11.7973],[-77.1813,-11.7973],[-77.1814,-11.7974],[-77.1815,-11.7973],[-77.1816,-11.7973],[-77.1817,-11.7973],[-77.1818,-11.7974],[-77.1819,-11.7974],[-77.1821,-11.7975],[-77.1822,-11.7976],[-77.1822,-11.7977],[-77.1822,-11.7978],[-77.1821,-11.7978],[-77.1821,-11.7979],[-77.1821,-11.798],[-77.1822,-11.7981],[-77.1821,-11.7982],[-77.1821,-11.7983],[-77.1821,-11.7984],[-77.1821,-11.7985],[-77.1822,-11.7986],[-77.1823,-11.7987],[-77.1823,-11.7988],[-77.1823,-11.7989],[-77.1824,-11.799],[-77.1824,-11.7991],[-77.1824,-11.7993],[-77.1824,-11.7994],[-77.1823,-11.7995],[-77.1822,-11.7996],[-77.1821,-11.7996],[-77.1819,-11.7998],[-77.1818,-11.7999],[-77.1817,-11.7999],[-77.1817,-11.7998],[-77.1816,-11.7998],[-77.1815,-11.7997],[-77.1813,-11.7998],[-77.1813,-11.7997],[-77.1812,-11.7997],[-77.181,-11.7997],[-77.1809,-11.7996],[-77.1807,-11.7996],[-77.1806,-11.7997],[-77.1805,-11.7997],[-77.1805,-11.7998],[-77.1802,-11.8],[-77.1801,-11.8],[-77.18,-11.7999],[-77.1798,-11.7999],[-77.1797,-11.8],[-77.1795,-11.8001],[-77.1793,-11.8004],[-77.1792,-11.8005],[-77.1791,-11.8007],[-77.1788,-11.801],[-77.1787,-11.8012],[-77.1786,-11.8013],[-77.1784,-11.8016],[-77.1781,-11.8018],[-77.178,-11.8019],[-77.178,-11.8021],[-77.178,-11.8022],[-77.178,-11.8024],[-77.178,-11.8026],[-77.1782,-11.8027],[-77.1783,-11.8027],[-77.1784,-11.8028],[-77.1785,-11.8029],[-77.1786,-11.803],[-77.1787,-11.8031],[-77.1788,-11.8034],[-77.1789,-11.8035],[-77.1791,-11.8036],[-77.1791,-11.8038],[-77.1792,-11.804],[-77.1792,-11.8041],[-77.1792,-11.8042],[-77.1791,-11.8043],[-77.179,-11.8044],[-77.1789,-11.8046],[-77.1788,-11.8047],[-77.1788,-11.8049],[-77.1787,-11.805],[-77.1788,-11.8051],[-77.1788,-11.8052],[-77.1788,-11.8053],[-77.1789,-11.8054],[-77.1789,-11.8055],[-77.1789,-11.8056],[-77.179,-11.8056],[-77.1791,-11.8056],[-77.1792,-11.8056],[-77.1793,-11.8056],[-77.1794,-11.8055],[-77.1794,-11.8056],[-77.1793,-11.8057],[-77.1792,-11.8057],[-77.1792,-11.8058],[-77.1792,-11.806],[-77.1792,-11.8061],[-77.1793,-11.8062],[-77.1794,-11.8063],[-77.1795,-11.8063],[-77.1796,-11.8064],[-77.1797,-11.8065],[-77.1798,-11.8066],[-77.18,-11.8067],[-77.1801,-11.8067],[-77.1801,-11.8069],[-77.1801,-11.807],[-77.1802,-11.807],[-77.1803,-11.8071],[-77.1803,-11.8072],[-77.1802,-11.8073],[-77.1801,-11.8073],[-77.18,-11.8073],[-77.18,-11.8074],[-77.1799,-11.8074],[-77.1798,-11.8074],[-77.1796,-11.8074],[-77.1795,-11.8073],[-77.1794,-11.8074],[-77.1793,-11.8075],[-77.1792,-11.8075],[-77.1792,-11.8076],[-77.1791,-11.8075],[-77.179,-11.8075],[-77.1789,-11.8074],[-77.1788,-11.8074],[-77.1787,-11.8074],[-77.1787,-11.8075],[-77.1788,-11.8076],[-77.1786,-11.8076],[-77.1785,-11.8077],[-77.1784,-11.8077],[-77.1783,-11.8076],[-77.1782,-11.8075],[-77.178,-11.8076],[-77.1779,-11.8077],[-77.1778,-11.8077],[-77.1777,-11.8077],[-77.1776,-11.8077],[-77.1776,-11.8078],[-77.1777,-11.8079],[-77.1777,-11.808],[-77.1777,-11.8081],[-77.1777,-11.8082],[-77.1778,-11.8083],[-77.1779,-11.8083],[-77.178,-11.8084],[-77.1781,-11.8084],[-77.1783,-11.8086],[-77.1783,-11.8087],[-77.1784,-11.8088],[-77.1785,-11.8088],[-77.1786,-11.8089],[-77.1788,-11.809],[-77.1789,-11.8091],[-77.179,-11.8092],[-77.179,-11.8093],[-77.1789,-11.8093],[-77.1788,-11.8094],[-77.1787,-11.8095],[-77.1786,-11.8095],[-77.1784,-11.8095],[-77.1783,-11.8094],[-77.1782,-11.8094],[-77.1782,-11.8095],[-77.1781,-11.8095],[-77.178,-11.8095],[-77.1779,-11.8096],[-77.1779,-11.8097],[-77.1779,-11.8099],[-77.1778,-11.8102],[-77.1778,-11.8106],[-77.1777,-11.8108],[-77.1777,-11.811],[-77.1777,-11.8111],[-77.1777,-11.8113],[-77.1776,-11.8114],[-77.1775,-11.8117],[-77.1775,-11.8118],[-77.1775,-11.812],[-77.1773,-11.8123],[-77.1773,-11.8125],[-77.1771,-11.8128],[-77.1771,-11.8129],[-77.1771,-11.813],[-77.1771,-11.8131],[-77.177,-11.8132],[-77.177,-11.8133],[-77.177,-11.8134],[-77.177,-11.8135],[-77.1769,-11.8136],[-77.1768,-11.8139],[-77.1767,-11.8142],[-77.1767,-11.8144],[-77.1767,-11.8145],[-77.1767,-11.8147],[-77.1766,-11.8148],[-77.1766,-11.8149],[-77.1766,-11.815],[-77.1767,-11.8152],[-77.1767,-11.8153],[-77.1766,-11.8153],[-77.1766,-11.8154],[-77.1767,-11.8154],[-77.1767,-11.8155],[-77.1767,-11.8156],[-77.1767,-11.8157],[-77.1767,-11.8158],[-77.1768,-11.8159],[-77.177,-11.8159],[-77.1771,-11.8159],[-77.1772,-11.816],[-77.1773,-11.8161],[-77.1774,-11.8161],[-77.1775,-11.8161],[-77.1777,-11.8161],[-77.1778,-11.8162],[-77.1779,-11.8162],[-77.178,-11.8162],[-77.178,-11.8163],[-77.1779,-11.8164],[-77.1778,-11.8164],[-77.1777,-11.8164],[-77.1776,-11.8164],[-77.1775,-11.8165],[-77.1777,-11.8165],[-77.1778,-11.8166],[-77.1777,-11.8167],[-77.1776,-11.8167],[-77.1775,-11.8168],[-77.1775,-11.8169],[-77.1776,-11.8169],[-77.1777,-11.8169],[-77.1778,-11.817],[-77.1778,-11.8171],[-77.1779,-11.8172],[-77.1779,-11.8173],[-77.178,-11.8174],[-77.178,-11.8175],[-77.1781,-11.8175],[-77.1782,-11.8174],[-77.1783,-11.8174],[-77.1784,-11.8175],[-77.1786,-11.8175],[-77.1787,-11.8175],[-77.1787,-11.8176],[-77.1789,-11.8176],[-77.179,-11.8176],[-77.179,-11.8175],[-77.1791,-11.8174],[-77.1792,-11.8173],[-77.1793,-11.8173],[-77.1794,-11.8172],[-77.1795,-11.8172],[-77.1796,-11.8172],[-77.1797,-11.8172],[-77.1798,-11.8172],[-77.1799,-11.8172],[-77.18,-11.8171],[-77.1801,-11.8171],[-77.1802,-11.8171],[-77.1803,-11.8171],[-77.1804,-11.8171],[-77.1804,-11.8172],[-77.1805,-11.8173],[-77.1807,-11.8173],[-77.1808,-11.8173],[-77.1808,-11.8174],[-77.1809,-11.8175],[-77.1808,-11.8176],[-77.1807,-11.8176],[-77.1806,-11.8176],[-77.1805,-11.8177],[-77.1806,-11.8177],[-77.1807,-11.8177],[-77.1808,-11.8177],[-77.1809,-11.8177],[-77.181,-11.8177],[-77.181,-11.8178],[-77.1809,-11.8179],[-77.1808,-11.8179],[-77.1807,-11.818],[-77.1806,-11.818],[-77.1806,-11.8181],[-77.1807,-11.8181],[-77.1808,-11.8181],[-77.1809,-11.8181],[-77.181,-11.8181],[-77.1811,-11.8181],[-77.1811,-11.8182],[-77.1812,-11.8182],[-77.1813,-11.8182],[-77.1814,-11.8182],[-77.1815,-11.8182],[-77.1816,-11.8182],[-77.1818,-11.8183],[-77.1819,-11.8183],[-77.182,-11.8183],[-77.1821,-11.8183],[-77.1822,-11.8184],[-77.1823,-11.8184],[-77.1824,-11.8184],[-77.1825,-11.8185],[-77.1826,-11.8186],[-77.1827,-11.8186],[-77.1828,-11.8187],[-77.1829,-11.8188],[-77.183,-11.8188],[-77.1829,-11.8189],[-77.1828,-11.8189],[-77.1827,-11.819],[-77.1828,-11.8192],[-77.1827,-11.8193],[-77.1826,-11.8194],[-77.1826,-11.8195],[-77.1827,-11.8196],[-77.1828,-11.8196],[-77.1829,-11.8197],[-77.183,-11.8197],[-77.183,-11.8198],[-77.183,-11.8199],[-77.1831,-11.82],[-77.1832,-11.8201],[-77.1832,-11.8202],[-77.1831,-11.8202],[-77.1831,-11.8203],[-77.183,-11.8203],[-77.1828,-11.8204],[-77.1826,-11.8205],[-77.1825,-11.8205],[-77.1824,-11.8206],[-77.1821,-11.8207],[-77.182,-11.8208],[-77.182,-11.821],[-77.182,-11.8211],[-77.1818,-11.8211],[-77.1817,-11.8211],[-77.1816,-11.8211],[-77.1814,-11.8213],[-77.1813,-11.8214],[-77.1811,-11.8215],[-77.181,-11.8215],[-77.1808,-11.8216],[-77.1806,-11.8216],[-77.1805,-11.8216],[-77.1804,-11.8217],[-77.1801,-11.8218],[-77.18,-11.8218],[-77.18,-11.8219],[-77.1799,-11.822],[-77.1798,-11.8221],[-77.1798,-11.8222],[-77.1797,-11.8224],[-77.1797,-11.8225],[-77.1797,-11.8226],[-77.1798,-11.8227],[-77.1798,-11.8228],[-77.18,-11.8228],[-77.1801,-11.8228],[-77.1804,-11.8228],[-77.1805,-11.8228],[-77.1806,-11.8228],[-77.181,-11.8228],[-77.181,-11.8229],[-77.1811,-11.823],[-77.181,-11.8231],[-77.1811,-11.8232],[-77.1812,-11.8232],[-77.1813,-11.8232],[-77.1813,-11.8231],[-77.1814,-11.8231],[-77.1816,-11.823],[-77.1817,-11.8229],[-77.1819,-11.8228],[-77.182,-11.8228],[-77.1821,-11.8228],[-77.1822,-11.8228],[-77.1825,-11.8228],[-77.1826,-11.8228],[-77.1827,-11.8229],[-77.1827,-11.823],[-77.1827,-11.8231],[-77.1827,-11.8232],[-77.1827,-11.8233],[-77.1827,-11.8234],[-77.1828,-11.8234],[-77.1828,-11.8235],[-77.1828,-11.8236],[-77.1828,-11.8237],[-77.1828,-11.8239],[-77.1828,-11.8241],[-77.1828,-11.8243],[-77.1826,-11.8244],[-77.1826,-11.8245],[-77.1829,-11.8244],[-77.183,-11.8244],[-77.1831,-11.8243],[-77.1832,-11.8243],[-77.1834,-11.8242],[-77.1836,-11.8241],[-77.1839,-11.824],[-77.1839,-11.8239],[-77.184,-11.8239],[-77.1841,-11.8238],[-77.1842,-11.8239],[-77.1843,-11.8239],[-77.1843,-11.824],[-77.1844,-11.824],[-77.1844,-11.8239],[-77.1846,-11.8239],[-77.1846,-11.824],[-77.1846,-11.8241],[-77.1846,-11.8242],[-77.1846,-11.8243],[-77.1845,-11.8245],[-77.1846,-11.8246],[-77.1847,-11.8246],[-77.1848,-11.8246],[-77.1849,-11.8245],[-77.185,-11.8243],[-77.1851,-11.8242],[-77.1852,-11.8242],[-77.1853,-11.8242],[-77.1854,-11.8242],[-77.1855,-11.8241],[-77.1857,-11.8241],[-77.1858,-11.8241],[-77.1859,-11.8241],[-77.186,-11.8242],[-77.186,-11.8243],[-77.186,-11.8245],[-77.1859,-11.8247],[-77.186,-11.8247],[-77.1861,-11.8247],[-77.1862,-11.8247],[-77.1862,-11.8248],[-77.1863,-11.8248],[-77.1864,-11.8248],[-77.1865,-11.8248],[-77.1865,-11.8247],[-77.1866,-11.8247],[-77.1867,-11.8247],[-77.1868,-11.8248],[-77.1869,-11.825],[-77.1869,-11.8251],[-77.187,-11.8251],[-77.1871,-11.8251],[-77.1872,-11.8252],[-77.1873,-11.8252],[-77.1873,-11.8253],[-77.1874,-11.8254],[-77.1874,-11.8255],[-77.1875,-11.8256],[-77.1875,-11.8257],[-77.1874,-11.8258],[-77.1873,-11.8258],[-77.1874,-11.8259],[-77.1876,-11.8259],[-77.1877,-11.826],[-77.1878,-11.8261],[-77.1878,-11.8264],[-77.1878,-11.8265],[-77.1878,-11.8266],[-77.1879,-11.8267],[-77.188,-11.8268],[-77.188,-11.8269],[-77.188,-11.827],[-77.1881,-11.827],[-77.1882,-11.827],[-77.1882,-11.8271],[-77.1882,-11.8272],[-77.1881,-11.8274],[-77.1881,-11.8275],[-77.1881,-11.8276],[-77.1881,-11.8278],[-77.1881,-11.8279],[-77.1881,-11.828],[-77.1882,-11.828],[-77.1882,-11.8281],[-77.1882,-11.8282],[-77.1882,-11.8283],[-77.1882,-11.8284],[-77.1881,-11.8285],[-77.1881,-11.8286],[-77.188,-11.8286],[-77.1879,-11.8285],[-77.1879,-11.8283],[-77.1878,-11.8279],[-77.1876,-11.8277],[-77.1875,-11.8276],[-77.1874,-11.8275],[-77.1873,-11.8273],[-77.1868,-11.8268],[-77.1867,-11.8267],[-77.1858,-11.8261],[-77.1856,-11.826],[-77.1854,-11.8259],[-77.1851,-11.8257],[-77.1849,-11.8257],[-77.1847,-11.8257],[-77.1846,-11.8258],[-77.1844,-11.8259],[-77.1842,-11.8262],[-77.184,-11.8264],[-77.184,-11.8265],[-77.1838,-11.8267],[-77.1837,-11.8268],[-77.1836,-11.8271],[-77.1834,-11.8276],[-77.1833,-11.8278],[-77.1833,-11.8279],[-77.1831,-11.8279],[-77.1826,-11.8282],[-77.1818,-11.8282],[-77.1812,-11.828],[-77.1807,-11.8279],[-77.1804,-11.8279],[-77.1801,-11.8279],[-77.1797,-11.828],[-77.1793,-11.8282],[-77.1788,-11.8284],[-77.1785,-11.8287],[-77.1781,-11.8287],[-77.1777,-11.8287],[-77.1772,-11.8287],[-77.177,-11.8286],[-77.1769,-11.8284],[-77.1767,-11.8281],[-77.1767,-11.8279],[-77.1767,-11.8276],[-77.1769,-11.8272],[-77.177,-11.827],[-77.1771,-11.8268],[-77.1771,-11.8265],[-77.1769,-11.8264],[-77.1767,-11.8263],[-77.1762,-11.8262],[-77.1758,-11.8259],[-77.1757,-11.8259],[-77.1753,-11.8257],[-77.1748,-11.8255],[-77.1744,-11.8256],[-77.1741,-11.8256],[-77.1736,-11.8257],[-77.1732,-11.8257],[-77.1726,-11.8259],[-77.172,-11.8261],[-77.1713,-11.8264],[-77.1708,-11.8265],[-77.1703,-11.8267],[-77.1701,-11.8268],[-77.17,-11.8268],[-77.1697,-11.8267],[-77.1694,-11.8266],[-77.1692,-11.8264],[-77.169,-11.8262],[-77.1688,-11.8259],[-77.1686,-11.8258],[-77.1683,-11.8257],[-77.1679,-11.8257],[-77.1675,-11.8258],[-77.1672,-11.8259],[-77.1668,-11.8261],[-77.1666,-11.8262],[-77.1664,-11.8264],[-77.1662,-11.8267],[-77.1659,-11.8269],[-77.1655,-11.827],[-77.1648,-11.8271],[-77.1644,-11.8271],[-77.1641,-11.8271],[-77.1638,-11.827],[-77.1636,-11.8268],[-77.1634,-11.8264],[-77.1632,-11.8258],[-77.163,-11.8254],[-77.1629,-11.8252],[-77.1624,-11.825],[-77.1618,-11.8248],[-77.1613,-11.8248],[-77.1568,-11.8258],[-77.1567,-11.8254],[-77.1565,-11.8249],[-77.1563,-11.8241],[-77.156,-11.8234],[-77.1558,-11.8229],[-77.1555,-11.8224],[-77.1552,-11.8224],[-77.1547,-11.8224],[-77.1543,-11.8224],[-77.154,-11.8222],[-77.1538,-11.8218],[-77.1533,-11.8214],[-77.1525,-11.8213],[-77.1521,-11.8213],[-77.152,-11.8213],[-77.1514,-11.8213],[-77.1513,-11.8213],[-77.1509,-11.8215],[-77.1504,-11.8217],[-77.1497,-11.8217],[-77.1492,-11.8216],[-77.1487,-11.8214],[-77.1486,-11.821],[-77.1484,-11.8205],[-77.1484,-11.8201],[-77.1483,-11.8196],[-77.1481,-11.8193],[-77.1475,-11.8192],[-77.1474,-11.8192],[-77.1471,-11.8193]]]}},{"type":"Feature","properties":{"ubigeo":"150140","nombre":"Santiago de Surco"},"geometry":{"type":"Polygon","coordinates":[[[-76.9477,-12.1175],[-76.9481,-12.115],[-76.9484,-12.1135],[-76.9486,-12.1121],[-76.9488,-12.1109],[-76.9491,-12.1099],[-76.9498,-12.1088],[-76.9504,-12.1075],[-76.9506,-12.1065],[-76.9508,-12.105],[-76.9512,-12.1044],[-76.952,-12.1035],[-76.9531,-12.1021],[-76.954,-12.101],[-76.9545,-12.1004],[-76.9556,-12.0993],[-76.9563,-12.0987],[-76.9573,-12.0981],[-76.958,-12.0973],[-76.9582,-12.0956],[-76.9588,-12.0942],[-76.9591,-12.0938],[-76.9598,-12.0927],[-76.9603,-12.0909],[-76.9609,-12.0865],[-76.9609,-12.0852],[-76.9606,-12.0842],[-76.9601,-12.0829],[-76.9592,-12.0817],[-76.9573,-12.0796],[-76.9566,-12.0791],[-76.956,-12.0787],[-76.9557,-12.0784],[-76.9555,-12.0784],[-76.9556,-12.078],[-76.9558,-12.0777],[-76.9561,-12.0773],[-76.9564,-12.0769],[-76.9567,-12.0766],[-76.9571,-12.0762],[-76.9574,-12.076],[-76.9579,-12.0758],[-76.9583,-12.0759],[-76.9592,-12.0758],[-76.9604,-12.0757],[-76.9619,-12.076],[-76.9631,-12.0766],[-76.9654,-12.0787],[-76.967,-12.0811],[-76.9676,-12.0817],[-76.9699,-12.0833],[-76.9729,-12.0838],[-76.973,-12.0835],[-76.9733,-12.083],[-76.9738,-12.0821],[-76.9739,-12.0816],[-76.9738,-12.0793],[-76.9744,-12.0775],[-76.9746,-12.0777],[-76.9748,-12.0778],[-76.9748,-12.078],[-76.9749,-12.0784],[-76.975,-12.0787],[-76.9763,-12.0781],[-76.9768,-12.079],[-76.9775,-12.0803],[-76.9782,-12.0812],[-76.9784,-12.0815],[-76.9796,-12.0826],[-76.9797,-12.0826],[-76.9806,-12.0833],[-76.9814,-12.0841],[-76.9817,-12.0846],[-76.9818,-12.0851],[-76.9817,-12.0867],[-76.9816,-12.0871],[-76.9813,-12.0888],[-76.9811,-12.0901],[-76.9806,-12.0934],[-76.9801,-12.0969],[-76.9793,-12.1021],[-76.979,-12.1043],[-76.9782,-12.1103],[-76.9783,-12.1103],[-76.9828,-12.1106],[-76.9927,-12.1113],[-76.9936,-12.1113],[-76.9942,-12.1124],[-76.9946,-12.1134],[-76.995,-12.1143],[-76.9955,-12.1153],[-76.9958,-12.1161],[-76.9961,-12.1167],[-76.9964,-12.1174],[-76.997,-12.1187],[-76.9973,-12.1194],[-76.9974,-12.1199],[-76.9975,-12.12],[-76.9978,-12.1202],[-76.9981,-12.1205],[-76.9983,-12.1206],[-76.9991,-12.1218],[-76.9993,-12.1224],[-76.9995,-12.1225],[-76.9996,-12.1227],[-76.9999,-12.123],[-77,-12.123],[-77.0009,-12.1245],[-77.0016,-12.1254],[-77.0021,-12.1259],[-77.0026,-12.1266],[-77.0009,-12.1289],[-77.0016,-12.1289],[-77.0056,-12.1283],[-77.0096,-12.1277],[-77.0096,-12.1278],[-77.0096,-12.1281],[-77.0094,-12.1299],[-77.0113,-12.1301],[-77.0118,-12.13],[-77.0119,-12.1305],[-77.0125,-12.1304],[-77.0126,-12.1308],[-77.013,-12.1313],[-77.0132,-12.1309],[-77.0131,-12.1302],[-77.0131,-12.1298],[-77.0135,-12.13],[-77.0137,-12.1294],[-77.014,-12.1295],[-77.0144,-12.1296],[-77.0147,-12.1296],[-77.0152,-12.1296],[-77.0156,-12.1295],[-77.0157,-12.13],[-77.0159,-12.1302],[-77.0162,-12.1299],[-77.0164,-12.1305],[-77.0171,-12.1299],[-77.0173,-12.1301],[-77.0173,-12.1304],[-77.018,-12.1304],[-77.018,-12.1312],[-77.0179,-12.1358],[-77.0138,-12.1392],[-77.0125,-12.1404],[-77.0126,-12.1406],[-77.0134,-12.1423],[-77.0138,-12.1431],[-77.0139,-12.1433],[-77.0141,-12.1437],[-77.0142,-12.1439],[-77.0139,-12.1441],[-77.0157,-12.1465],[-77.0152,-12.1471],[-77.0158,-12.1471],[-77.0158,-12.1472],[-77.0158,-12.1473],[-77.016,-12.1474],[-77.017,-12.1497],[-77.0174,-12.1505],[-77.0184,-12.1526],[-77.0172,-12.1534],[-77.0168,-12.1537],[-77.0164,-12.1541],[-77.0156,-12.1547],[-77.0158,-12.1551],[-77.016,-12.1556],[-77.0075,-12.1603],[-77.0078,-12.1615],[-77.0097,-12.1613],[-77.0109,-12.1629],[-77.0119,-12.1643],[-77.0122,-12.1646],[-77.013,-12.1651],[-77.013,-12.1652],[-77.012,-12.1661],[-77.0115,-12.1666],[-77.0097,-12.1678],[-77.0096,-12.168],[-77.0082,-12.1684],[-77.0079,-12.1687],[-77.0078,-12.1689],[-77.0075,-12.1692],[-77.0075,-12.1696],[-77.0075,-12.1697],[-77.0069,-12.1703],[-77.0062,-12.1711],[-77.0057,-12.1717],[-77.0052,-12.1724],[-77.0046,-12.1734],[-77.0034,-12.1738],[-77.0023,-12.1742],[-77.0018,-12.1729],[-77.002,-12.1727],[-77.0016,-12.1716],[-77.001,-12.1697],[-77.0003,-12.1679],[-76.9999,-12.1677],[-76.9998,-12.1673],[-76.9995,-12.1668],[-76.9994,-12.1667],[-76.999,-12.1667],[-76.9982,-12.167],[-76.9981,-12.167],[-76.9977,-12.1673],[-76.9971,-12.1678],[-76.996,-12.1686],[-76.9955,-12.1691],[-76.9947,-12.1697],[-76.9937,-12.1703],[-76.9925,-12.1713],[-76.9916,-12.172],[-76.9913,-12.1726],[-76.9906,-12.1731],[-76.9898,-12.1731],[-76.9893,-12.173],[-76.9886,-12.1729],[-76.988,-12.1725],[-76.9871,-12.1712],[-76.9866,-12.1698],[-76.9865,-12.1689],[-76.9865,-12.1681],[-76.9864,-12.1679],[-76.9864,-12.1675],[-76.9864,-12.1674],[-76.9864,-12.1673],[-76.9864,-12.1672],[-76.9863,-12.1671],[-76.9863,-12.167],[-76.9863,-12.1669],[-76.9862,-12.1668],[-76.9861,-12.1667],[-76.986,-12.1666],[-76.9859,-12.1665],[-76.9857,-12.1665],[-76.9856,-12.1664],[-76.9855,-12.1664],[-76.9854,-12.1664],[-76.9852,-12.1664],[-76.9851,-12.1664],[-76.985,-12.1664],[-76.9849,-12.1664],[-76.9844,-12.1665],[-76.9842,-12.1658],[-76.9837,-12.164],[-76.9838,-12.1628],[-76.9841,-12.1625],[-76.9843,-12.162],[-76.9843,-12.1616],[-76.9842,-12.1613],[-76.9843,-12.1612],[-76.9845,-12.161],[-76.9847,-12.1609],[-76.9847,-12.1607],[-76.9847,-12.1602],[-76.9849,-12.1602],[-76.9849,-12.1575],[-76.9848,-12.1561],[-76.9844,-12.156],[-76.9842,-12.1559],[-76.9841,-12.1557],[-76.9837,-12.1553],[-76.9838,-12.1547],[-76.9838,-12.1541],[-76.9838,-12.1535],[-76.9838,-12.1531],[-76.9838,-12.1526],[-76.9837,-12.1521],[-76.9837,-12.1516],[-76.9835,-12.1509],[-76.9834,-12.1503],[-76.983,-12.1493],[-76.9825,-12.1476],[-76.9823,-12.1472],[-76.9822,-12.1467],[-76.982,-12.1462],[-76.982,-12.1457],[-76.9819,-12.1453],[-76.9814,-12.1427],[-76.9808,-12.1387],[-76.9806,-12.1388],[-76.9805,-12.1388],[-76.9803,-12.1388],[-76.9802,-12.1389],[-76.9801,-12.1389],[-76.98,-12.139],[-76.9799,-12.139],[-76.9798,-12.139],[-76.9797,-12.139],[-76.9796,-12.139],[-76.9795,-12.139],[-76.9794,-12.1391],[-76.9793,-12.1391],[-76.9793,-12.1392],[-76.9792,-12.1393],[-76.9791,-12.1394],[-76.9785,-12.1392],[-76.9781,-12.1392],[-76.9777,-12.1395],[-76.9772,-12.1397],[-76.9774,-12.1399],[-76.9773,-12.1402],[-76.977,-12.1411],[-76.9774,-12.1412],[-76.9776,-12.1411],[-76.9778,-12.1411],[-76.9779,-12.1411],[-76.978,-12.1412],[-76.978,-12.1413],[-76.9779,-12.1413],[-76.9777,-12.1414],[-76.9776,-12.1415],[-76.9776,-12.1416],[-76.9775,-12.1417],[-76.9774,-12.1418],[-76.9774,-12.1419],[-76.9771,-12.1421],[-76.9768,-12.1423],[-76.9768,-12.1424],[-76.9766,-12.1426],[-76.9764,-12.143],[-76.9771,-12.1437],[-76.9768,-12.1441],[-76.9749,-12.1423],[-76.9745,-12.1421],[-76.9748,-12.1412],[-76.9749,-12.141],[-76.975,-12.1408],[-76.975,-12.1406],[-76.9749,-12.1402],[-76.9749,-12.1398],[-76.9749,-12.1393],[-76.9749,-12.139],[-76.975,-12.1384],[-76.9751,-12.1381],[-76.9753,-12.1378],[-76.9756,-12.1372],[-76.9749,-12.1369],[-76.9744,-12.1368],[-76.9746,-12.1349],[-76.9738,-12.1352],[-76.9722,-12.1351],[-76.9721,-12.1339],[-76.9709,-12.1336],[-76.9708,-12.1322],[-76.9705,-12.1323],[-76.9704,-12.1322],[-76.9704,-12.1321],[-76.9703,-12.132],[-76.9703,-12.1319],[-76.9702,-12.1318],[-76.9701,-12.1317],[-76.97,-12.1317],[-76.9698,-12.1316],[-76.9695,-12.1316],[-76.9694,-12.1315],[-76.9694,-12.1314],[-76.9693,-12.1314],[-76.9692,-12.1314],[-76.9691,-12.1313],[-76.9689,-12.1313],[-76.9688,-12.1312],[-76.9686,-12.131],[-76.9685,-12.131],[-76.9685,-12.1309],[-76.9683,-12.1308],[-76.9682,-12.1307],[-76.9681,-12.1306],[-76.968,-12.1306],[-76.9679,-12.1306],[-76.9678,-12.1306],[-76.9677,-12.1305],[-76.9675,-12.1305],[-76.9675,-12.1304],[-76.9674,-12.1304],[-76.9673,-12.1304],[-76.9672,-12.1304],[-76.9671,-12.1304],[-76.967,-12.1303],[-76.9669,-12.1302],[-76.9668,-12.1301],[-76.9667,-12.13],[-76.9666,-12.1298],[-76.9664,-12.1297],[-76.9662,-12.1295],[-76.966,-12.1293],[-76.9659,-12.1292],[-76.9658,-12.1292],[-76.9657,-12.1291],[-76.9656,-12.1291],[-76.9655,-12.129],[-76.9654,-12.129],[-76.9653,-12.129],[-76.9652,-12.129],[-76.9651,-12.1289],[-76.9649,-12.1289],[-76.9648,-12.1289],[-76.9647,-12.1289],[-76.9646,-12.1289],[-76.9644,-12.1288],[-76.9643,-12.1287],[-76.9642,-12.1287],[-76.9641,-12.1286],[-76.964,-12.1285],[-76.9639,-12.1284],[-76.9638,-12.1284],[-76.9637,-12.1283],[-76.9637,-12.1282],[-76.9636,-12.1281],[-76.9635,-12.1281],[-76.9633,-12.128],[-76.9633,-12.1279],[-76.9632,-12.1279],[-76.9631,-12.1279],[-76.963,-12.1279],[-76.9629,-12.1279],[-76.9628,-12.1279],[-76.9628,-12.1278],[-76.9627,-12.1277],[-76.9627,-12.1276],[-76.9626,-12.1275],[-76.9625,-12.1274],[-76.9624,-12.1273],[-76.9623,-12.1272],[-76.9623,-12.1271],[-76.9623,-12.1269],[-76.9623,-12.1268],[-76.9623,-12.1266],[-76.9623,-12.1264],[-76.9623,-12.1263],[-76.9623,-12.1262],[-76.9623,-12.126],[-76.9623,-12.1259],[-76.9623,-12.1257],[-76.9622,-12.1255],[-76.9622,-12.1254],[-76.9622,-12.1252],[-76.9622,-12.1251],[-76.9623,-12.125],[-76.9623,-12.1248],[-76.9622,-12.1247],[-76.9621,-12.1246],[-76.9621,-12.1244],[-76.962,-12.1243],[-76.962,-12.1242],[-76.9619,-12.124],[-76.9619,-12.1239],[-76.9619,-12.1237],[-76.9618,-12.1235],[-76.9618,-12.1233],[-76.9618,-12.1231],[-76.9617,-12.1229],[-76.9616,-12.1227],[-76.9614,-12.1224],[-76.9614,-12.1223],[-76.9613,-12.122],[-76.9612,-12.1218],[-76.9611,-12.1216],[-76.961,-12.1214],[-76.961,-12.1213],[-76.9608,-12.1211],[-76.9607,-12.1209],[-76.9607,-12.1207],[-76.9605,-12.1206],[-76.9604,-12.1204],[-76.9603,-12.1203],[-76.9601,-12.1201],[-76.96,-12.12],[-76.9599,-12.12],[-76.9597,-12.12],[-76.9596,-12.12],[-76.9595,-12.1199],[-76.9594,-12.1199],[-76.9593,-12.1198],[-76.9592,-12.1198],[-76.9591,-12.1198],[-76.959,-12.1198],[-76.9589,-12.1198],[-76.9588,-12.1198],[-76.9586,-12.1197],[-76.9585,-12.1196],[-76.9584,-12.1194],[-76.9582,-12.119],[-76.9581,-12.1188],[-76.9581,-12.1186],[-76.958,-12.1183],[-76.9578,-12.118],[-76.9578,-12.1179],[-76.9578,-12.1178],[-76.9577,-12.1177],[-76.9577,-12.1175],[-76.9576,-12.1174],[-76.9575,-12.1173],[-76.9575,-12.1172],[-76.9574,-12.1172],[-76.9573,-12.1171],[-76.9573,-12.117],[-76.9571,-12.1168],[-76.957,-12.1166],[-76.9569,-12.1165],[-76.9567,-12.1164],[-76.9565,-12.1163],[-76.9564,-12.1162],[-76.9563,-12.1161],[-76.9561,-12.116],[-76.956,-12.1159],[-76.9558,-12.1158],[-76.9557,-12.1157],[-76.9556,-12.1156],[-76.9554,-12.1155],[-76.9552,-12.1155],[-76.9547,-12.1155],[-76.9543,-12.1156],[-76.9542,-12.1156],[-76.954,-12.1156],[-76.9538,-12.1156],[-76.9537,-12.1156],[-76.9535,-12.1155],[-76.9534,-12.1155],[-76.9533,-12.1155],[-76.9532,-12.1156],[-76.9531,-12.1156],[-76.953,-12.1157],[-76.9529,-12.1158],[-76.9528,-12.1158],[-76.9527,-12.1159],[-76.9526,-12.1159],[-76.9524,-12.116],[-76.9523,-12.116],[-76.9521,-12.116],[-76.952,-12.116],[-76.9518,-12.1161],[-76.9515,-12.1161],[-76.9513,-12.1161],[-76.9511,-12.1161],[-76.951,-12.1161],[-76.9506,-12.116],[-76.9504,-12.116],[-76.9503,-12.1159],[-76.9502,-12.1159],[-76.95,-12.1159],[-76.9499,-12.116],[-76.9498,-12.116],[-76.9497,-12.1161],[-76.9496,-12.1162],[-76.9495,-12.1163],[-76.9493,-12.1164],[-76.9492,-12.1165],[-76.949,-12.1167],[-76.9489,-12.1167],[-76.9488,-12.1168],[-76.9488,-12.1169],[-76.9487,-12.117],[-76.9486,-12.1171],[-76.9484,-12.1172],[-76.9482,-12.1173],[-76.9481,-12.1174],[-76.948,-12.1175],[-76.9478,-12.1175],[-76.9477,-12.1175]]]}},{"type":"Feature","properties":{"ubigeo":"150141","nombre":"Surquillo"},"geometry":{"type":"Polygon","coordinates":[[[-77.0104,-12.1073],[-77.0147,-12.108],[-77.015,-12.1078],[-77.0166,-12.1056],[-77.0165,-12.1043],[-77.0164,-12.1041],[-77.0161,-12.1036],[-77.0163,-12.1034],[-77.0164,-12.1033],[-77.0165,-12.1032],[-77.0165,-12.1031],[-77.0164,-12.1023],[-77.0188,-12.1019],[-77.0273,-12.1028],[-77.0275,-12.1036],[-77.0275,-12.1053],[-77.0274,-12.106],[-77.0273,-12.1063],[-77.0266,-12.1082],[-77.0263,-12.1103],[-77.0261,-12.112],[-77.026,-12.1135],[-77.026,-12.1141],[-77.0259,-12.1143],[-77.0262,-12.1169],[-77.0262,-12.1172],[-77.0261,-12.1175],[-77.0258,-12.1191],[-77.0258,-12.1192],[-77.0252,-12.1192],[-77.0249,-12.1193],[-77.0241,-12.1198],[-77.0182,-12.1194],[-77.0182,-12.1197],[-77.0182,-12.1201],[-77.0182,-12.1206],[-77.0173,-12.1205],[-77.0173,-12.1194],[-77.0138,-12.1194],[-77.0138,-12.1188],[-77.0132,-12.1188],[-77.0133,-12.1179],[-77.0132,-12.1177],[-77.013,-12.1175],[-77.0102,-12.1157],[-77.0047,-12.1237],[-77.0026,-12.1266],[-77.0021,-12.1259],[-77.0016,-12.1254],[-77.0009,-12.1245],[-77,-12.123],[-76.9999,-12.123],[-76.9996,-12.1227],[-76.9995,-12.1225],[-76.9993,-12.1224],[-76.9991,-12.1218],[-76.9983,-12.1206],[-76.9981,-12.1205],[-76.9978,-12.1202],[-76.9975,-12.12],[-76.9974,-12.1199],[-76.9973,-12.1194],[-76.997,-12.1187],[-76.9964,-12.1174],[-76.9961,-12.1167],[-76.9958,-12.1161],[-76.9955,-12.1153],[-76.995,-12.1143],[-76.9946,-12.1134],[-76.9942,-12.1124],[-76.9936,-12.1113],[-77.0096,-12.1124],[-77.0098,-12.1103],[-77.0099,-12.1102],[-77.0104,-12.1076],[-77.0104,-12.1073]]]}},{"type":"Feature","properties":{"ubigeo":"150142","nombre":"Villa El Salvador"},"geometry":{"type":"Polygon","coordinates":[[[-76.911,-12.2335],[-76.91,-12.231],[-76.9097,-12.2302],[-76.9096,-12.2298],[-76.9101,-12.2295],[-76.9126,-12.2285],[-76.9148,-12.2278],[-76.918,-12.2263],[-76.9183,-12.2261],[-76.919,-12.2255],[-76.9195,-12.2248],[-76.9205,-12.2212],[-76.9207,-12.2206],[-76.9211,-12.2193],[-76.9211,-12.2191],[-76.9212,-12.219],[-76.9218,-12.2162],[-76.9222,-12.2147],[-76.9222,-12.2145],[-76.9236,-12.2128],[-76.9266,-12.209],[-76.9301,-12.2033],[-76.9328,-12.1986],[-76.9352,-12.1945],[-76.9373,-12.1909],[-76.9423,-12.1825],[-76.9453,-12.1843],[-76.9458,-12.1846],[-76.947,-12.1857],[-76.9478,-12.1862],[-76.9479,-12.1862],[-76.9479,-12.1863],[-76.948,-12.1863],[-76.9485,-12.1865],[-76.9487,-12.1866],[-76.9488,-12.1866],[-76.949,-12.1865],[-76.9492,-12.1863],[-76.9492,-12.1861],[-76.9493,-12.186],[-76.9495,-12.186],[-76.9499,-12.186],[-76.95,-12.186],[-76.9505,-12.1859],[-76.9507,-12.1859],[-76.9511,-12.1858],[-76.9517,-12.1856],[-76.9519,-12.1855],[-76.952,-12.1853],[-76.9521,-12.1852],[-76.9522,-12.1852],[-76.9523,-12.1852],[-76.9524,-12.1855],[-76.9527,-12.1861],[-76.9528,-12.1861],[-76.953,-12.1862],[-76.953,-12.1863],[-76.9532,-12.1863],[-76.9535,-12.1863],[-76.9539,-12.1863],[-76.954,-12.1863],[-76.9543,-12.1862],[-76.9543,-12.1863],[-76.9546,-12.1865],[-76.9545,-12.1867],[-76.9544,-12.1873],[-76.9545,-12.1893],[-76.9542,-12.1899],[-76.9544,-12.19],[-76.9546,-12.1902],[-76.9547,-12.1902],[-76.9565,-12.1913],[-76.9585,-12.1925],[-76.9586,-12.1923],[-76.9588,-12.1919],[-76.9592,-12.1917],[-76.9597,-12.1917],[-76.9609,-12.1924],[-76.9609,-12.1925],[-76.9609,-12.1926],[-76.9612,-12.1926],[-76.9614,-12.1927],[-76.9628,-12.1928],[-76.9639,-12.1929],[-76.9649,-12.193],[-76.967,-12.1933],[-76.9691,-12.1929],[-76.9704,-12.1927],[-76.9712,-12.1925],[-76.9718,-12.1923],[-76.9725,-12.1922],[-76.9729,-12.1949],[-76.9747,-12.2065],[-76.976,-12.2136],[-76.9768,-12.2176],[-76.9772,-12.2197],[-76.9758,-12.2211],[-76.9743,-12.2226],[-76.9723,-12.2247],[-76.9726,-12.2253],[-76.9734,-12.2267],[-76.9739,-12.2274],[-76.9743,-12.2281],[-76.9744,-12.2283],[-76.9748,-12.2291],[-76.9757,-12.2305],[-76.9759,-12.2307],[-76.9755,-12.2309],[-76.9753,-12.231],[-76.9749,-12.2311],[-76.9747,-12.2312],[-76.9745,-12.2313],[-76.9742,-12.2314],[-76.974,-12.2316],[-76.9736,-12.2318],[-76.9732,-12.2319],[-76.973,-12.2319],[-76.9728,-12.232],[-76.9726,-12.2321],[-76.9725,-12.2323],[-76.9722,-12.2323],[-76.9719,-12.2326],[-76.9716,-12.2326],[-76.9713,-12.2327],[-76.971,-12.2328],[-76.9707,-12.2329],[-76.9705,-12.2331],[-76.9698,-12.2334],[-76.969,-12.2337],[-76.9685,-12.2339],[-76.9682,-12.234],[-76.968,-12.2341],[-76.9679,-12.2342],[-76.9677,-12.2342],[-76.9674,-12.2343],[-76.9671,-12.2345],[-76.9668,-12.2346],[-76.9663,-12.2348],[-76.9661,-12.2349],[-76.9657,-12.2351],[-76.9654,-12.2352],[-76.9653,-12.2353],[-76.965,-12.2354],[-76.9648,-12.2355],[-76.9644,-12.2356],[-76.9643,-12.2357],[-76.9637,-12.236],[-76.9634,-12.2361],[-76.9633,-12.2363],[-76.9627,-12.2365],[-76.9625,-12.2366],[-76.9622,-12.2368],[-76.9621,-12.2368],[-76.9614,-12.237],[-76.9613,-12.2371],[-76.9607,-12.2373],[-76.9605,-12.2375],[-76.9603,-12.2375],[-76.96,-12.2377],[-76.9599,-12.2378],[-76.9595,-12.2379],[-76.9593,-12.238],[-76.959,-12.2382],[-76.9588,-12.2383],[-76.9584,-12.2384],[-76.958,-12.2386],[-76.9576,-12.2387],[-76.9574,-12.2388],[-76.9567,-12.2392],[-76.9561,-12.2393],[-76.9558,-12.2396],[-76.9552,-12.24],[-76.9549,-12.2402],[-76.9545,-12.2403],[-76.9542,-12.2405],[-76.9537,-12.2407],[-76.9534,-12.2409],[-76.9532,-12.241],[-76.9528,-12.2412],[-76.9525,-12.2413],[-76.9522,-12.2415],[-76.9519,-12.2416],[-76.9514,-12.2418],[-76.9511,-12.242],[-76.9507,-12.2422],[-76.9504,-12.2423],[-76.9502,-12.2424],[-76.9498,-12.2426],[-76.9495,-12.2428],[-76.9492,-12.2429],[-76.949,-12.243],[-76.9488,-12.2432],[-76.9485,-12.2432],[-76.9482,-12.2434],[-76.9479,-12.2436],[-76.9476,-12.2437],[-76.9473,-12.2439],[-76.947,-12.2441],[-76.9467,-12.2442],[-76.9464,-12.2443],[-76.9459,-12.2446],[-76.9457,-12.2447],[-76.9453,-12.2449],[-76.945,-12.245],[-76.9448,-12.2451],[-76.9447,-12.2452],[-76.9444,-12.2453],[-76.9442,-12.2454],[-76.9441,-12.2455],[-76.9439,-12.2456],[-76.9437,-12.2458],[-76.9434,-12.2459],[-76.9433,-12.246],[-76.9431,-12.2461],[-76.943,-12.2461],[-76.9429,-12.2462],[-76.9427,-12.2463],[-76.9426,-12.2463],[-76.9422,-12.2465],[-76.942,-12.2467],[-76.9419,-12.2467],[-76.9418,-12.2468],[-76.9414,-12.2469],[-76.9413,-12.247],[-76.9412,-12.2471],[-76.941,-12.2472],[-76.9409,-12.2473],[-76.9407,-12.2474],[-76.9404,-12.2475],[-76.9401,-12.2476],[-76.94,-12.2477],[-76.9399,-12.2477],[-76.9381,-12.2453],[-76.9352,-12.2468],[-76.9347,-12.2472],[-76.9303,-12.2505],[-76.9285,-12.2518],[-76.9274,-12.2526],[-76.9266,-12.2501],[-76.9261,-12.2497],[-76.925,-12.2493],[-76.9242,-12.2492],[-76.9234,-12.249],[-76.9216,-12.249],[-76.9196,-12.2494],[-76.9187,-12.2497],[-76.9179,-12.25],[-76.9171,-12.2501],[-76.9161,-12.2497],[-76.9155,-12.2495],[-76.9149,-12.249],[-76.9147,-12.2483],[-76.9149,-12.2473],[-76.9151,-12.2465],[-76.915,-12.2454],[-76.9139,-12.2439],[-76.9128,-12.2429],[-76.9117,-12.2421],[-76.9113,-12.2416],[-76.9112,-12.2415],[-76.9116,-12.2407],[-76.9119,-12.2402],[-76.912,-12.2399],[-76.9122,-12.2392],[-76.9123,-12.2392],[-76.9123,-12.239],[-76.9124,-12.2387],[-76.9124,-12.2383],[-76.9124,-12.2378],[-76.9124,-12.2377],[-76.9123,-12.2374],[-76.9123,-12.2373],[-76.9122,-12.237],[-76.9121,-12.2367],[-76.912,-12.2364],[-76.9118,-12.2359],[-76.9118,-12.2358],[-76.9116,-12.2352],[-76.9115,-12.2349],[-76.9112,-12.2343],[-76.9111,-12.2338],[-76.911,-12.2335]]]}},{"type":"Feature","properties":{"ubigeo":"150143","nombre":"Villa María del Triunfo"},"geometry":{"type":"Polygon","coordinates":[[[-76.891,-12.2078],[-76.8911,-12.2073],[-76.8911,-12.2065],[-76.891,-12.2063],[-76.8908,-12.2058],[-76.8906,-12.2052],[-76.8905,-12.2045],[-76.8904,-12.2037],[-76.8904,-12.203],[-76.8906,-12.202],[-76.8909,-12.2014],[-76.8911,-12.201],[-76.8919,-12.2],[-76.892,-12.1993],[-76.8919,-12.1988],[-76.8912,-12.1978],[-76.8906,-12.1967],[-76.8899,-12.1956],[-76.8891,-12.1946],[-76.8885,-12.1929],[-76.8877,-12.1899],[-76.8873,-12.1884],[-76.887,-12.188],[-76.8862,-12.1877],[-76.8861,-12.1877],[-76.8859,-12.1875],[-76.8855,-12.1873],[-76.8853,-12.1868],[-76.8852,-12.1859],[-76.885,-12.1852],[-76.8849,-12.1846],[-76.8848,-12.1838],[-76.8845,-12.1828],[-76.8842,-12.1818],[-76.8837,-12.1809],[-76.8834,-12.1805],[-76.8831,-12.1795],[-76.8831,-12.1784],[-76.8832,-12.1778],[-76.8835,-12.1769],[-76.8841,-12.1757],[-76.8847,-12.1749],[-76.8847,-12.1741],[-76.8847,-12.1739],[-76.8847,-12.1737],[-76.8845,-12.1732],[-76.8842,-12.1726],[-76.8839,-12.1723],[-76.8831,-12.1713],[-76.882,-12.1691],[-76.8812,-12.1679],[-76.8812,-12.1668],[-76.8811,-12.1658],[-76.8812,-12.1646],[-76.8815,-12.164],[-76.8816,-12.1638],[-76.882,-12.1632],[-76.8825,-12.1614],[-76.8827,-12.1607],[-76.8831,-12.1596],[-76.8834,-12.1575],[-76.8833,-12.1561],[-76.8834,-12.1552],[-76.8838,-12.1545],[-76.8842,-12.1543],[-76.8853,-12.1539],[-76.8868,-12.1535],[-76.8885,-12.1529],[-76.8898,-12.1526],[-76.8917,-12.1516],[-76.8935,-12.1503],[-76.8948,-12.1487],[-76.8955,-12.1473],[-76.8957,-12.1465],[-76.8961,-12.1451],[-76.896,-12.1442],[-76.8961,-12.1442],[-76.8963,-12.1427],[-76.8963,-12.1421],[-76.8965,-12.1416],[-76.897,-12.141],[-76.8981,-12.1401],[-76.8985,-12.1397],[-76.8988,-12.1394],[-76.8991,-12.1388],[-76.8994,-12.138],[-76.8997,-12.1375],[-76.9002,-12.1368],[-76.9006,-12.1361],[-76.9007,-12.1358],[-76.9008,-12.135],[-76.9008,-12.1347],[-76.9016,-12.1338],[-76.9028,-12.1329],[-76.9036,-12.1322],[-76.9046,-12.1318],[-76.9048,-12.1318],[-76.9067,-12.1316],[-76.909,-12.1308],[-76.9113,-12.1288],[-76.9126,-12.1277],[-76.9126,-12.1267],[-76.9119,-12.1245],[-76.9108,-12.1223],[-76.9116,-12.1217],[-76.9127,-12.1212],[-76.9144,-12.121],[-76.915,-12.1207],[-76.9165,-12.1199],[-76.917,-12.1196],[-76.9182,-12.1191],[-76.9183,-12.119],[-76.9202,-12.1189],[-76.921,-12.1191],[-76.9217,-12.1196],[-76.923,-12.1204],[-76.9244,-12.121],[-76.9258,-12.1216],[-76.9284,-12.1225],[-76.9295,-12.1229],[-76.9311,-12.1235],[-76.9332,-12.1238],[-76.935,-12.1234],[-76.9379,-12.1225],[-76.9408,-12.1222],[-76.942,-12.1233],[-76.9425,-12.1238],[-76.943,-12.1245],[-76.9433,-12.1253],[-76.9436,-12.1258],[-76.9439,-12.1264],[-76.9447,-12.1271],[-76.9451,-12.1276],[-76.9454,-12.128],[-76.9456,-12.1286],[-76.9456,-12.1291],[-76.9454,-12.1297],[-76.9452,-12.1301],[-76.9452,-12.1305],[-76.9457,-12.1311],[-76.9462,-12.1319],[-76.9466,-12.1327],[-76.9467,-12.1328],[-76.9469,-12.1331],[-76.9475,-12.1333],[-76.9476,-12.1334],[-76.9478,-12.1334],[-76.9481,-12.1334],[-76.9486,-12.1334],[-76.9491,-12.1335],[-76.9493,-12.1335],[-76.9495,-12.1336],[-76.9497,-12.1337],[-76.9498,-12.1337],[-76.9499,-12.1337],[-76.95,-12.1337],[-76.9501,-12.1337],[-76.9502,-12.1338],[-76.9505,-12.134],[-76.9506,-12.1342],[-76.9508,-12.1344],[-76.951,-12.1348],[-76.9511,-12.135],[-76.9514,-12.1353],[-76.9518,-12.1357],[-76.9519,-12.1359],[-76.9522,-12.136],[-76.9529,-12.1361],[-76.953,-12.1362],[-76.9533,-12.1363],[-76.9535,-12.1365],[-76.9535,-12.1368],[-76.9537,-12.1372],[-76.9538,-12.1378],[-76.9539,-12.1379],[-76.954,-12.138],[-76.9542,-12.1382],[-76.9543,-12.1383],[-76.9544,-12.1385],[-76.9547,-12.1389],[-76.955,-12.1396],[-76.9551,-12.1399],[-76.9552,-12.1405],[-76.9557,-12.1411],[-76.9565,-12.1417],[-76.9572,-12.1422],[-76.9576,-12.1424],[-76.9578,-12.1427],[-76.9579,-12.1433],[-76.958,-12.1438],[-76.958,-12.1443],[-76.958,-12.1446],[-76.958,-12.1447],[-76.9581,-12.1451],[-76.9581,-12.1452],[-76.9582,-12.1455],[-76.9583,-12.1459],[-76.9584,-12.1466],[-76.9584,-12.147],[-76.9585,-12.1474],[-76.9586,-12.1478],[-76.9587,-12.1481],[-76.9588,-12.1483],[-76.9589,-12.1486],[-76.9589,-12.1491],[-76.959,-12.1496],[-76.959,-12.15],[-76.9589,-12.1503],[-76.9589,-12.1505],[-76.9589,-12.1508],[-76.9588,-12.151],[-76.9588,-12.1513],[-76.9588,-12.1515],[-76.9589,-12.1521],[-76.959,-12.1526],[-76.9592,-12.1532],[-76.9594,-12.1537],[-76.9596,-12.1538],[-76.96,-12.1538],[-76.9607,-12.1536],[-76.9617,-12.1548],[-76.9615,-12.1552],[-76.9563,-12.1596],[-76.9564,-12.1599],[-76.9566,-12.1602],[-76.9567,-12.1605],[-76.9569,-12.1608],[-76.9573,-12.1612],[-76.9577,-12.162],[-76.9582,-12.1632],[-76.9582,-12.1637],[-76.9581,-12.1642],[-76.9578,-12.1645],[-76.9573,-12.1647],[-76.9571,-12.165],[-76.957,-12.1654],[-76.9572,-12.1658],[-76.9568,-12.1664],[-76.9567,-12.167],[-76.9567,-12.1675],[-76.9566,-12.1676],[-76.9563,-12.1679],[-76.9562,-12.1682],[-76.9562,-12.1685],[-76.9562,-12.1689],[-76.9561,-12.1691],[-76.956,-12.1693],[-76.9558,-12.1695],[-76.9558,-12.1698],[-76.9557,-12.17],[-76.9557,-12.1701],[-76.9556,-12.1702],[-76.9554,-12.1704],[-76.9552,-12.1706],[-76.9551,-12.1708],[-76.9551,-12.1713],[-76.9552,-12.172],[-76.9551,-12.1723],[-76.9549,-12.1727],[-76.9547,-12.1729],[-76.9546,-12.1731],[-76.9545,-12.1734],[-76.9545,-12.1738],[-76.9545,-12.174],[-76.9545,-12.1743],[-76.9546,-12.1744],[-76.9547,-12.1747],[-76.9547,-12.1748],[-76.9548,-12.1749],[-76.9548,-12.175],[-76.9548,-12.1751],[-76.9548,-12.1752],[-76.9549,-12.1755],[-76.9549,-12.1757],[-76.9548,-12.176],[-76.9545,-12.1764],[-76.9542,-12.1769],[-76.9541,-12.1772],[-76.9542,-12.1777],[-76.9543,-12.1781],[-76.9543,-12.1784],[-76.9543,-12.1788],[-76.9542,-12.179],[-76.9541,-12.1792],[-76.954,-12.1794],[-76.9539,-12.1797],[-76.9538,-12.1799],[-76.9536,-12.1801],[-76.9533,-12.1806],[-76.9531,-12.181],[-76.9531,-12.1814],[-76.9531,-12.1819],[-76.9532,-12.1823],[-76.9533,-12.1826],[-76.9535,-12.1829],[-76.9535,-12.1833],[-76.9534,-12.1838],[-76.9532,-12.1843],[-76.9531,-12.1843],[-76.9528,-12.1848],[-76.9527,-12.185],[-76.9523,-12.1852],[-76.9522,-12.1852],[-76.9521,-12.1852],[-76.952,-12.1853],[-76.9519,-12.1855],[-76.9517,-12.1856],[-76.9511,-12.1858],[-76.9507,-12.1859],[-76.9505,-12.1859],[-76.95,-12.186],[-76.9499,-12.186],[-76.9495,-12.186],[-76.9493,-12.186],[-76.9492,-12.1861],[-76.9492,-12.1863],[-76.949,-12.1865],[-76.9488,-12.1866],[-76.9487,-12.1866],[-76.9485,-12.1865],[-76.948,-12.1863],[-76.9479,-12.1863],[-76.9479,-12.1862],[-76.9478,-12.1862],[-76.947,-12.1857],[-76.9458,-12.1846],[-76.9453,-12.1843],[-76.9423,-12.1825],[-76.9373,-12.1909],[-76.9352,-12.1945],[-76.9328,-12.1986],[-76.9301,-12.2033],[-76.9266,-12.209],[-76.9236,-12.2128],[-76.9222,-12.2145],[-76.9222,-12.2147],[-76.9218,-12.2162],[-76.9212,-12.219],[-76.9211,-12.2191],[-76.9211,-12.2193],[-76.9207,-12.2206],[-76.9205,-12.2212],[-76.9195,-12.2248],[-76.919,-12.2255],[-76.9183,-12.2261],[-76.918,-12.2263],[-76.9148,-12.2278],[-76.9126,-12.2285],[-76.9101,-12.2295],[-76.9096,-12.2298],[-76.9097,-12.2302],[-76.91,-12.231],[-76.911,-12.2335],[-76.9083,-12.2345],[-76.908,-12.2345],[-76.9079,-12.2345],[-76.9076,-12.2343],[-76.9071,-12.234],[-76.9052,-12.2315],[-76.9021,-12.2272],[-76.9015,-12.2259],[-76.9007,-12.2242],[-76.8998,-12.2227],[-76.8983,-12.2208],[-76.8966,-12.2188],[-76.8955,-12.218],[-76.8894,-12.2145],[-76.8893,-12.2142],[-76.8895,-12.2131],[-76.89,-12.2115],[-76.8905,-12.2099],[-76.891,-12.2078]]]}}]}